model,cr,latent_dim,batch,threads,stage,denormal_mode,ms_per_trace,ms_p25,ms_p75,nparam,ckpt_bytes,subnormal_fraction,precision,peak_infer_bytes,range_source,coded_bits,quantiser_bits,encoder_flops,decoder_flops,hw_platform,hw_python,hw_torch,hw_logical_cores,hw_physical_cores,hw_ram_gb,hw_cpu,hw_accelerator,hw_accelerator_kind,hw_capability,hw_cuda_version,hw_device_memory_gb,hw_hardware_id,traces_per_second,stations_supported,realtime_factor,ms_per_trace_per_batch_call,ms_p25_per_batch_call,ms_p75_per_batch_call
LARA,2,750,1.0,1,encoder,as_deployed,1.1084999423474071,1.0979999788105488,1.120600150898099,4733755,18978590,0.0140482613355012,float32,,,,,,,Windows-11-10.0.26200-SP0,3.12.9,2.5.1,16,8,63.2,AMD Ryzen 7 7800X3D 8-Core Processor,NVIDIA GeForce RTX 4080 SUPER,gpu,8.9,11.8,16.0,nvidia_geforce_rtx_4080_super_gpu,902.1200288764626,4510.6001443823125,13531.800433146938,1.1084999423474071,1.0979999788105488,1.120600150898099
LARA,2,750,1.0,1,decoder,as_deployed,0.8499000687152147,0.8365998510271311,0.861925131175667,4733755,18978590,0.0140482613355012,float32,,,,,,,Windows-11-10.0.26200-SP0,3.12.9,2.5.1,16,8,63.2,AMD Ryzen 7 7800X3D 8-Core Processor,NVIDIA GeForce RTX 4080 SUPER,gpu,8.9,11.8,16.0,nvidia_geforce_rtx_4080_super_gpu,1176.6089176951,5883.0445884755,17649.1337654265,0.8499000687152147,0.8365998510271311,0.861925131175667
LARA,2,750,32.0,1,encoder,as_deployed,0.03506093707983383,0.034664064514799975,0.035460938306641765,4733755,18978590,0.0140482613355012,float32,,,,,,,Windows-11-10.0.26200-SP0,3.12.9,2.5.1,16,8,63.2,AMD Ryzen 7 7800X3D 8-Core Processor,NVIDIA GeForce RTX 4080 SUPER,gpu,8.9,11.8,16.0,nvidia_geforce_rtx_4080_super_gpu,28521.7704741604,142608.852370802,427826.557112406,1.1219499865546825,1.1092500644735992,1.1347500258125365
LARA,2,750,32.0,1,decoder,as_deployed,0.02745624806266278,0.027037502150051296,0.02796250191750005,4733755,18978590,0.0140482613355012,float32,,,,,,,Windows-11-10.0.26200-SP0,3.12.9,2.5.1,16,8,63.2,AMD Ryzen 7 7800X3D 8-Core Processor,NVIDIA GeForce RTX 4080 SUPER,gpu,8.9,11.8,16.0,nvidia_geforce_rtx_4080_super_gpu,36421.5823559622,182107.911779811,546323.735339433,0.878599938005209,0.8652000688016415,0.8948000613600016
LARA,2,750,1.0,1,encoder,flushed,1.0994999902322888,1.0889999102801085,1.109725155401975,4733755,18978590,0.0140482613355012,float32,,,,,,,Windows-11-10.0.26200-SP0,3.12.9,2.5.1,16,8,63.2,AMD Ryzen 7 7800X3D 8-Core Processor,NVIDIA GeForce RTX 4080 SUPER,gpu,8.9,11.8,16.0,nvidia_geforce_rtx_4080_super_gpu,909.504328225353,4547.521641126765,13642.564923380294,1.0994999902322888,1.0889999102801085,1.109725155401975
LARA,2,750,1.0,1,decoder,flushed,0.8415998890995979,0.8320000488311052,0.8543500443920493,4733755,18978590,0.0140482613355012,float32,,,,,,,Windows-11-10.0.26200-SP0,3.12.9,2.5.1,16,8,63.2,AMD Ryzen 7 7800X3D 8-Core Processor,NVIDIA GeForce RTX 4080 SUPER,gpu,8.9,11.8,16.0,nvidia_geforce_rtx_4080_super_gpu,1188.213084331403,5941.065421657015,17823.196264971044,0.8415998890995979,0.8320000488311052,0.8543500443920493
LARA,2,750,32.0,1,encoder,flushed,0.03505624772515147,0.034737498936010525,0.035393750295042985,4733755,18978590,0.0140482613355012,float32,,,,,,,Windows-11-10.0.26200-SP0,3.12.9,2.5.1,16,8,63.2,AMD Ryzen 7 7800X3D 8-Core Processor,NVIDIA GeForce RTX 4080 SUPER,gpu,8.9,11.8,16.0,nvidia_geforce_rtx_4080_super_gpu,28525.5857341098,142627.928670549,427883.786011647,1.1217999272048471,1.1115999659523368,1.1326000094413755
LARA,2,750,32.0,1,decoder,flushed,0.02713749563554302,0.026819530830834992,0.02756171852524858,4733755,18978590,0.0140482613355012,float32,,,,,,,Windows-11-10.0.26200-SP0,3.12.9,2.5.1,16,8,63.2,AMD Ryzen 7 7800X3D 8-Core Processor,NVIDIA GeForce RTX 4080 SUPER,gpu,8.9,11.8,16.0,nvidia_geforce_rtx_4080_super_gpu,36849.38409313871,184246.92046569355,552740.7613970806,0.8683998603373766,0.8582249865867198,0.8819749928079545
LARA,2,750,32.0,1,memory,,,,,4733755,18978590,0.0140482613355012,float32,62181888.0,,,,,,Windows-11-10.0.26200-SP0,3.12.9,2.5.1,16,8,63.2,AMD Ryzen 7 7800X3D 8-Core Processor,NVIDIA GeForce RTX 4080 SUPER,gpu,8.9,11.8,16.0,nvidia_geforce_rtx_4080_super_gpu,,,,,,
LARA,2,750,,1,quantize,,0.0628998968750238,0.0622998923063278,0.0635001342743635,4733755,18978590,,float32,,calibrated,3601.92,5.0,,,Windows-11-10.0.26200-SP0,3.12.9,2.5.1,16,8,63.2,AMD Ryzen 7 7800X3D 8-Core Processor,NVIDIA GeForce RTX 4080 SUPER,gpu,8.9,11.8,16.0,nvidia_geforce_rtx_4080_super_gpu,15898.277257702128,79491.38628851064,238474.1588655319,0.0628998968750238,0.0622998923063278,0.0635001342743635
LARA,2,750,,1,entropy_encode,,3.470949945040047,3.4530500415712595,3.494025149848312,4733755,18978590,,float32,,calibrated,3601.92,5.0,,,Windows-11-10.0.26200-SP0,3.12.9,2.5.1,16,8,63.2,AMD Ryzen 7 7800X3D 8-Core Processor,NVIDIA GeForce RTX 4080 SUPER,gpu,8.9,11.8,16.0,nvidia_geforce_rtx_4080_super_gpu,288.10556643981283,1440.527832199064,4321.583496597193,3.470949945040047,3.4530500415712595,3.494025149848312
LARA,2,750,,1,entropy_roundtrip,,6.946549983695149,6.918850063811988,6.989099958445877,4733755,18978590,,float32,,calibrated,3601.92,5.0,,,Windows-11-10.0.26200-SP0,3.12.9,2.5.1,16,8,63.2,AMD Ryzen 7 7800X3D 8-Core Processor,NVIDIA GeForce RTX 4080 SUPER,gpu,8.9,11.8,16.0,nvidia_geforce_rtx_4080_super_gpu,143.95635277183447,719.7817638591723,2159.3452915775174,6.946549983695149,6.918850063811988,6.989099958445877
LARA,2,750,,1,dequantize,,0.0053001567721366,0.005299923941493,0.0054000411182641,4733755,18978590,,float32,,calibrated,3601.92,5.0,,,Windows-11-10.0.26200-SP0,3.12.9,2.5.1,16,8,63.2,AMD Ryzen 7 7800X3D 8-Core Processor,NVIDIA GeForce RTX 4080 SUPER,gpu,8.9,11.8,16.0,nvidia_geforce_rtx_4080_super_gpu,188673.66438236125,943368.3219118062,2830104.9657354187,0.0053001567721366,0.005299923941493,0.0054000411182641
LARA,3,500,1.0,1,encoder,as_deployed,1.1054499773308637,1.095400017220527,1.1150750215165317,3229505,12961630,0.0,float32,,,,,,,Windows-11-10.0.26200-SP0,3.12.9,2.5.1,16,8,63.2,AMD Ryzen 7 7800X3D 8-Core Processor,NVIDIA GeForce RTX 4080 SUPER,gpu,8.9,11.8,16.0,nvidia_geforce_rtx_4080_super_gpu,904.6090013177482,4523.045006588741,13569.135019766223,1.1054499773308637,1.095400017220527,1.1150750215165317
LARA,3,500,1.0,1,decoder,as_deployed,0.8294499712064862,0.8188000065274537,0.8419498917646706,3229505,12961630,0.0,float32,,,,,,,Windows-11-10.0.26200-SP0,3.12.9,2.5.1,16,8,63.2,AMD Ryzen 7 7800X3D 8-Core Processor,NVIDIA GeForce RTX 4080 SUPER,gpu,8.9,11.8,16.0,nvidia_geforce_rtx_4080_super_gpu,1205.6182225739767,6028.091112869884,18084.273338609648,0.8294499712064862,0.8188000065274537,0.8419498917646706
LARA,3,500,32.0,1,encoder,as_deployed,0.03434062818996608,0.034060936741298065,0.03473593824310228,3229505,12961630,0.0,float32,,,,,,,Windows-11-10.0.26200-SP0,3.12.9,2.5.1,16,8,63.2,AMD Ryzen 7 7800X3D 8-Core Processor,NVIDIA GeForce RTX 4080 SUPER,gpu,8.9,11.8,16.0,nvidia_geforce_rtx_4080_super_gpu,29120.026415014385,145600.13207507192,436800.3962252158,1.0989001020789146,1.089949975721538,1.111550023779273
LARA,3,500,32.0,1,decoder,as_deployed,0.026878129574470222,0.026565627194941044,0.0275687561952509,3229505,12961630,0.0,float32,,,,,,,Windows-11-10.0.26200-SP0,3.12.9,2.5.1,16,8,63.2,AMD Ryzen 7 7800X3D 8-Core Processor,NVIDIA GeForce RTX 4080 SUPER,gpu,8.9,11.8,16.0,nvidia_geforce_rtx_4080_super_gpu,37204.96983353465,186024.84916767324,558074.5475030197,0.8601001463830471,0.8501000702381134,0.8822001982480288
LARA,3,500,1.0,1,encoder,flushed,1.100699882954359,1.0927498806267977,1.1110500199720263,3229505,12961630,0.0,float32,,,,,,,Windows-11-10.0.26200-SP0,3.12.9,2.5.1,16,8,63.2,AMD Ryzen 7 7800X3D 8-Core Processor,NVIDIA GeForce RTX 4080 SUPER,gpu,8.9,11.8,16.0,nvidia_geforce_rtx_4080_super_gpu,908.5128612132917,4542.564306066458,13627.692918199375,1.100699882954359,1.0927498806267977,1.1110500199720263
LARA,3,500,1.0,1,decoder,flushed,0.8324000518769026,0.8217000868171453,0.8487000595778227,3229505,12961630,0.0,float32,,,,,,,Windows-11-10.0.26200-SP0,3.12.9,2.5.1,16,8,63.2,AMD Ryzen 7 7800X3D 8-Core Processor,NVIDIA GeForce RTX 4080 SUPER,gpu,8.9,11.8,16.0,nvidia_geforce_rtx_4080_super_gpu,1201.345432097453,6006.727160487265,18020.181481461797,0.8324000518769026,0.8217000868171453,0.8487000595778227
LARA,3,500,32.0,1,encoder,flushed,0.035206248867325485,0.03488749825919513,0.03567500243661925,3229505,12961630,0.0,float32,,,,,,,Windows-11-10.0.26200-SP0,3.12.9,2.5.1,16,8,63.2,AMD Ryzen 7 7800X3D 8-Core Processor,NVIDIA GeForce RTX 4080 SUPER,gpu,8.9,11.8,16.0,nvidia_geforce_rtx_4080_super_gpu,28404.0484906101,142020.2424530505,426060.7273591515,1.1265999637544155,1.116399944294244,1.141600077971816
LARA,3,500,32.0,1,decoder,flushed,0.027099998987978324,0.026806250389199704,0.02756562207650859,3229505,12961630,0.0,float32,,,,,,,Windows-11-10.0.26200-SP0,3.12.9,2.5.1,16,8,63.2,AMD Ryzen 7 7800X3D 8-Core Processor,NVIDIA GeForce RTX 4080 SUPER,gpu,8.9,11.8,16.0,nvidia_geforce_rtx_4080_super_gpu,36900.370381696484,184501.8519084824,553505.5557254473,0.8671999676153064,0.8578000124543905,0.8820999064482749
LARA,3,500,32.0,1,memory,,,,,3229505,12961630,0.0,float32,56356352.0,,,,,,Windows-11-10.0.26200-SP0,3.12.9,2.5.1,16,8,63.2,AMD Ryzen 7 7800X3D 8-Core Processor,NVIDIA GeForce RTX 4080 SUPER,gpu,8.9,11.8,16.0,nvidia_geforce_rtx_4080_super_gpu,,,,,,
LARA,3,500,,1,quantize,,0.0438999850302934,0.0436000991612672,0.0442999880760908,3229505,12961630,,float32,,calibrated,2426.88,5.0,,,Windows-11-10.0.26200-SP0,3.12.9,2.5.1,16,8,63.2,AMD Ryzen 7 7800X3D 8-Core Processor,NVIDIA GeForce RTX 4080 SUPER,gpu,8.9,11.8,16.0,nvidia_geforce_rtx_4080_super_gpu,22779.051047738285,113895.25523869142,341685.76571607427,0.0438999850302934,0.0436000991612672,0.0442999880760908
LARA,3,500,,1,entropy_encode,,2.135399961844086,2.125500002875924,2.153450041078031,3229505,12961630,,float32,,calibrated,2426.88,5.0,,,Windows-11-10.0.26200-SP0,3.12.9,2.5.1,16,8,63.2,AMD Ryzen 7 7800X3D 8-Core Processor,NVIDIA GeForce RTX 4080 SUPER,gpu,8.9,11.8,16.0,nvidia_geforce_rtx_4080_super_gpu,468.2963462902852,2341.4817314514257,7024.445194354278,2.135399961844086,2.125500002875924,2.153450041078031
LARA,3,500,,1,entropy_roundtrip,,4.261499969288707,4.242375085595995,4.285950039047748,3229505,12961630,,float32,,calibrated,2426.88,5.0,,,Windows-11-10.0.26200-SP0,3.12.9,2.5.1,16,8,63.2,AMD Ryzen 7 7800X3D 8-Core Processor,NVIDIA GeForce RTX 4080 SUPER,gpu,8.9,11.8,16.0,nvidia_geforce_rtx_4080_super_gpu,234.65915926473923,1173.295796323696,3519.8873889710885,4.261499969288707,4.242375085595995,4.285950039047748
LARA,3,500,,1,dequantize,,0.0050999224185943,0.0050000380724668,0.005100155249238,3229505,12961630,,float32,,calibrated,2426.88,5.0,,,Windows-11-10.0.26200-SP0,3.12.9,2.5.1,16,8,63.2,AMD Ryzen 7 7800X3D 8-Core Processor,NVIDIA GeForce RTX 4080 SUPER,gpu,8.9,11.8,16.0,nvidia_geforce_rtx_4080_super_gpu,196081.41417093002,980407.07085465,2941221.21256395,0.0050999224185943,0.0050000380724668,0.005100155249238
LARA,5,300,1.0,1,encoder,as_deployed,1.0891999118030071,1.0802499018609524,1.102500013075769,2026105,8147998,0.0,float32,,,,,,,Windows-11-10.0.26200-SP0,3.12.9,2.5.1,16,8,63.2,AMD Ryzen 7 7800X3D 8-Core Processor,NVIDIA GeForce RTX 4080 SUPER,gpu,8.9,11.8,16.0,nvidia_geforce_rtx_4080_super_gpu,918.1051055583083,4590.525527791541,13771.576583374625,1.0891999118030071,1.0802499018609524,1.102500013075769
LARA,5,300,1.0,1,decoder,as_deployed,0.8220999734476209,0.8117000106722116,0.8343750378116965,2026105,8147998,0.0,float32,,,,,,,Windows-11-10.0.26200-SP0,3.12.9,2.5.1,16,8,63.2,AMD Ryzen 7 7800X3D 8-Core Processor,NVIDIA GeForce RTX 4080 SUPER,gpu,8.9,11.8,16.0,nvidia_geforce_rtx_4080_super_gpu,1216.3970712787207,6081.985356393603,18245.956069180807,0.8220999734476209,0.8117000106722116,0.8343750378116965
LARA,5,300,32.0,1,encoder,as_deployed,0.03437812119955197,0.03404531344131101,0.034882034015026875,2026105,8147998,0.0,float32,,,,,,,Windows-11-10.0.26200-SP0,3.12.9,2.5.1,16,8,63.2,AMD Ryzen 7 7800X3D 8-Core Processor,NVIDIA GeForce RTX 4080 SUPER,gpu,8.9,11.8,16.0,nvidia_geforce_rtx_4080_super_gpu,29088.267918871392,145441.33959435695,436324.01878307085,1.100099878385663,1.0894500301219523,1.11622508848086
LARA,5,300,32.0,1,decoder,as_deployed,0.027054687961935997,0.02664687781361863,0.030539065846824087,2026105,8147998,0.0,float32,,,,,,,Windows-11-10.0.26200-SP0,3.12.9,2.5.1,16,8,63.2,AMD Ryzen 7 7800X3D 8-Core Processor,NVIDIA GeForce RTX 4080 SUPER,gpu,8.9,11.8,16.0,nvidia_geforce_rtx_4080_super_gpu,36962.170896479314,184810.85448239656,554432.5634471898,0.8657500147819519,0.8527000900357962,0.9772501070983708
LARA,5,300,1.0,1,encoder,flushed,1.0881000198423862,1.0786500060930848,1.0985999833792448,2026105,8147998,0.0,float32,,,,,,,Windows-11-10.0.26200-SP0,3.12.9,2.5.1,16,8,63.2,AMD Ryzen 7 7800X3D 8-Core Processor,NVIDIA GeForce RTX 4080 SUPER,gpu,8.9,11.8,16.0,nvidia_geforce_rtx_4080_super_gpu,919.0331603383779,4595.165801691889,13785.49740507567,1.0881000198423862,1.0786500060930848,1.0985999833792448
LARA,5,300,1.0,1,decoder,flushed,0.8332000579684973,0.8262998890131712,0.8462001569569111,2026105,8147998,0.0,float32,,,,,,,Windows-11-10.0.26200-SP0,3.12.9,2.5.1,16,8,63.2,AMD Ryzen 7 7800X3D 8-Core Processor,NVIDIA GeForce RTX 4080 SUPER,gpu,8.9,11.8,16.0,nvidia_geforce_rtx_4080_super_gpu,1200.1919472235675,6000.959736117837,18002.87920835351,0.8332000579684973,0.8262998890131712,0.8462001569569111
LARA,5,300,32.0,1,encoder,flushed,0.0350874979631044,0.03480000304989517,0.03545312938513234,2026105,8147998,0.0,float32,,,,,,,Windows-11-10.0.26200-SP0,3.12.9,2.5.1,16,8,63.2,AMD Ryzen 7 7800X3D 8-Core Processor,NVIDIA GeForce RTX 4080 SUPER,gpu,8.9,11.8,16.0,nvidia_geforce_rtx_4080_super_gpu,28500.179780602517,142500.89890301257,427502.69670903776,1.1227999348193407,1.1136000975966454,1.134500140324235
LARA,5,300,32.0,1,decoder,flushed,0.026737499865703285,0.026508589144214056,0.027071875592810102,2026105,8147998,0.0,float32,,,,,,,Windows-11-10.0.26200-SP0,3.12.9,2.5.1,16,8,63.2,AMD Ryzen 7 7800X3D 8-Core Processor,NVIDIA GeForce RTX 4080 SUPER,gpu,8.9,11.8,16.0,nvidia_geforce_rtx_4080_super_gpu,37400.6546993094,187003.273496547,561009.820489641,0.8555999957025051,0.8482748526148498,0.8663000189699233
LARA,5,300,32.0,1,memory,,,,,2026105,8147998,0.0,float32,51235840.0,,,,,,Windows-11-10.0.26200-SP0,3.12.9,2.5.1,16,8,63.2,AMD Ryzen 7 7800X3D 8-Core Processor,NVIDIA GeForce RTX 4080 SUPER,gpu,8.9,11.8,16.0,nvidia_geforce_rtx_4080_super_gpu,,,,,,
LARA,5,300,,1,quantize,,0.0299001112580299,0.0297999940812587,0.0301999971270561,2026105,8147998,,float32,,calibrated,1472.0,5.0,,,Windows-11-10.0.26200-SP0,3.12.9,2.5.1,16,8,63.2,AMD Ryzen 7 7800X3D 8-Core Processor,NVIDIA GeForce RTX 4080 SUPER,gpu,8.9,11.8,16.0,nvidia_geforce_rtx_4080_super_gpu,33444.691605668944,167223.4580283447,501670.3740850341,0.0299001112580299,0.0297999940812587,0.0301999971270561
LARA,5,300,,1,entropy_encode,,1.2962999753654003,1.2862998992204666,1.3107999693602324,2026105,8147998,,float32,,calibrated,1472.0,5.0,,,Windows-11-10.0.26200-SP0,3.12.9,2.5.1,16,8,63.2,AMD Ryzen 7 7800X3D 8-Core Processor,NVIDIA GeForce RTX 4080 SUPER,gpu,8.9,11.8,16.0,nvidia_geforce_rtx_4080_super_gpu,771.4263820132531,3857.1319100662654,11571.395730198798,1.2962999753654003,1.2862998992204666,1.3107999693602324
LARA,5,300,,1,entropy_roundtrip,,2.598299877718091,2.5684499414637685,2.638150122947991,2026105,8147998,,float32,,calibrated,1472.0,5.0,,,Windows-11-10.0.26200-SP0,3.12.9,2.5.1,16,8,63.2,AMD Ryzen 7 7800X3D 8-Core Processor,NVIDIA GeForce RTX 4080 SUPER,gpu,8.9,11.8,16.0,nvidia_geforce_rtx_4080_super_gpu,384.8670465543922,1924.3352327719608,5773.005698315883,2.598299877718091,2.5684499414637685,2.638150122947991
LARA,5,300,,1,dequantize,,0.0048999208956956,0.0048999208956956,0.0049001537263393,2026105,8147998,,float32,,calibrated,1472.0,5.0,,,Windows-11-10.0.26200-SP0,3.12.9,2.5.1,16,8,63.2,AMD Ryzen 7 7800X3D 8-Core Processor,NVIDIA GeForce RTX 4080 SUPER,gpu,8.9,11.8,16.0,nvidia_geforce_rtx_4080_super_gpu,204084.9273461666,1020424.636730833,3061273.910192499,0.0048999208956956,0.0048999208956956,0.0049001537263393
LARA,10,150,1.0,1,encoder,as_deployed,1.0951999574899671,1.0865000076591969,1.1060000397264955,2049011,8240007,0.0,float32,,,,,,,Windows-11-10.0.26200-SP0,3.12.9,2.5.1,16,8,63.2,AMD Ryzen 7 7800X3D 8-Core Processor,NVIDIA GeForce RTX 4080 SUPER,gpu,8.9,11.8,16.0,nvidia_geforce_rtx_4080_super_gpu,913.0752728404491,4565.376364202245,13696.129092606736,1.0951999574899671,1.0865000076591969,1.1060000397264955
LARA,10,150,1.0,1,decoder,as_deployed,0.8500999538227916,0.8378248894587159,0.8650999516248703,2049011,8240007,0.0,float32,,,,,,,Windows-11-10.0.26200-SP0,3.12.9,2.5.1,16,8,63.2,AMD Ryzen 7 7800X3D 8-Core Processor,NVIDIA GeForce RTX 4080 SUPER,gpu,8.9,11.8,16.0,nvidia_geforce_rtx_4080_super_gpu,1176.3322601102693,5881.661300551346,17644.98390165404,0.8500999538227916,0.8378248894587159,0.8650999516248703
LARA,10,150,32.0,1,encoder,as_deployed,0.03466406269581058,0.03432890844123904,0.03510858914523851,2049011,8240007,0.0,float32,,,,,,,Windows-11-10.0.26200-SP0,3.12.9,2.5.1,16,8,63.2,AMD Ryzen 7 7800X3D 8-Core Processor,NVIDIA GeForce RTX 4080 SUPER,gpu,8.9,11.8,16.0,nvidia_geforce_rtx_4080_super_gpu,28848.32077461185,144241.60387305924,432724.81161917775,1.1092500062659385,1.0985250701196492,1.1234748526476324
LARA,10,150,32.0,1,decoder,as_deployed,0.027451562345959246,0.02706249688344542,0.02809296529449057,2049011,8240007,0.0,float32,,,,,,,Windows-11-10.0.26200-SP0,3.12.9,2.5.1,16,8,63.2,AMD Ryzen 7 7800X3D 8-Core Processor,NVIDIA GeForce RTX 4080 SUPER,gpu,8.9,11.8,16.0,nvidia_geforce_rtx_4080_super_gpu,36427.799168494166,182138.99584247082,546416.9875274125,0.8784499950706959,0.8659999002702534,0.8989748894236982
LARA,10,150,1.0,1,encoder,flushed,1.0959000792354343,1.0887999087572098,1.106525131035596,2049011,8240007,0.0,float32,,,,,,,Windows-11-10.0.26200-SP0,3.12.9,2.5.1,16,8,63.2,AMD Ryzen 7 7800X3D 8-Core Processor,NVIDIA GeForce RTX 4080 SUPER,gpu,8.9,11.8,16.0,nvidia_geforce_rtx_4080_super_gpu,912.4919497201424,4562.4597486007115,13687.379245802136,1.0959000792354343,1.0887999087572098,1.106525131035596
LARA,10,150,1.0,1,decoder,flushed,0.8517499081790447,0.8400999940931797,0.8641249733045697,2049011,8240007,0.0,float32,,,,,,,Windows-11-10.0.26200-SP0,3.12.9,2.5.1,16,8,63.2,AMD Ryzen 7 7800X3D 8-Core Processor,NVIDIA GeForce RTX 4080 SUPER,gpu,8.9,11.8,16.0,nvidia_geforce_rtx_4080_super_gpu,1174.0535459967339,5870.267729983669,17610.80318995101,0.8517499081790447,0.8400999940931797,0.8641249733045697
LARA,10,150,32.0,1,encoder,flushed,0.0355062511516735,0.03521875623846426,0.03581093551474624,2049011,8240007,0.0,float32,,,,,,,Windows-11-10.0.26200-SP0,3.12.9,2.5.1,16,8,63.2,AMD Ryzen 7 7800X3D 8-Core Processor,NVIDIA GeForce RTX 4080 SUPER,gpu,8.9,11.8,16.0,nvidia_geforce_rtx_4080_super_gpu,28164.054710486307,140820.27355243152,422460.8206572946,1.136200036853552,1.1270001996308563,1.1459499364718797
LARA,10,150,32.0,1,decoder,flushed,0.02728750041569583,0.026994532163371332,0.027596097424975596,2049011,8240007,0.0,float32,,,,,,,Windows-11-10.0.26200-SP0,3.12.9,2.5.1,16,8,63.2,AMD Ryzen 7 7800X3D 8-Core Processor,NVIDIA GeForce RTX 4080 SUPER,gpu,8.9,11.8,16.0,nvidia_geforce_rtx_4080_super_gpu,36646.81574955828,183234.07874779138,549702.2362433742,0.8732000133022666,0.8638250292278826,0.8830751175992191
LARA,10,150,32.0,1,memory,,,,,2049011,8240007,0.0,float32,51660800.0,,,,,,Windows-11-10.0.26200-SP0,3.12.9,2.5.1,16,8,63.2,AMD Ryzen 7 7800X3D 8-Core Processor,NVIDIA GeForce RTX 4080 SUPER,gpu,8.9,11.8,16.0,nvidia_geforce_rtx_4080_super_gpu,,,,,,
LARA,10,150,,1,quantize,,0.0191000290215015,0.0189000274986028,0.0192001461982727,2049011,8240007,,float32,,calibrated,753.92,5.0,,,Windows-11-10.0.26200-SP0,3.12.9,2.5.1,16,8,63.2,AMD Ryzen 7 7800X3D 8-Core Processor,NVIDIA GeForce RTX 4080 SUPER,gpu,8.9,11.8,16.0,nvidia_geforce_rtx_4080_super_gpu,52355.941390155414,261779.70695077706,785339.1208523313,0.0191000290215015,0.0189000274986028,0.0192001461982727
LARA,10,150,,1,entropy_encode,,0.6182000506669283,0.6131000118330121,0.6222500232979655,2049011,8240007,,float32,,calibrated,753.92,5.0,,,Windows-11-10.0.26200-SP0,3.12.9,2.5.1,16,8,63.2,AMD Ryzen 7 7800X3D 8-Core Processor,NVIDIA GeForce RTX 4080 SUPER,gpu,8.9,11.8,16.0,nvidia_geforce_rtx_4080_super_gpu,1617.599349791669,8087.996748958345,24263.990246875033,0.6182000506669283,0.6131000118330121,0.6222500232979655
LARA,10,150,,1,entropy_roundtrip,,1.2304000556468964,1.22410012409091,1.241200021468103,2049011,8240007,,float32,,calibrated,753.92,5.0,,,Windows-11-10.0.26200-SP0,3.12.9,2.5.1,16,8,63.2,AMD Ryzen 7 7800X3D 8-Core Processor,NVIDIA GeForce RTX 4080 SUPER,gpu,8.9,11.8,16.0,nvidia_geforce_rtx_4080_super_gpu,812.743786389248,4063.71893194624,12191.15679583872,1.2304000556468964,1.22410012409091,1.241200021468103
LARA,10,150,,1,dequantize,,0.0048000365495681,0.0048000365495681,0.0048999208956956,2049011,8240007,,float32,,calibrated,753.92,5.0,,,Windows-11-10.0.26200-SP0,3.12.9,2.5.1,16,8,63.2,AMD Ryzen 7 7800X3D 8-Core Processor,NVIDIA GeForce RTX 4080 SUPER,gpu,8.9,11.8,16.0,nvidia_geforce_rtx_4080_super_gpu,208331.7469926304,1041658.7349631519,3124976.204889456,0.0048000365495681,0.0048000365495681,0.0048999208956956
LARA,15,100,1.0,1,encoder,as_deployed,1.0946999536827209,1.0848250822164118,1.1039749952033162,1447361,5833415,0.0,float32,,,,,,,Windows-11-10.0.26200-SP0,3.12.9,2.5.1,16,8,63.2,AMD Ryzen 7 7800X3D 8-Core Processor,NVIDIA GeForce RTX 4080 SUPER,gpu,8.9,11.8,16.0,nvidia_geforce_rtx_4080_super_gpu,913.4923196405214,4567.461598202606,13702.38479460782,1.0946999536827209,1.0848250822164118,1.1039749952033162
LARA,15,100,1.0,1,decoder,as_deployed,0.8405998814851046,0.8276000153273344,0.8543500443920493,1447361,5833415,0.0,float32,,,,,,,Windows-11-10.0.26200-SP0,3.12.9,2.5.1,16,8,63.2,AMD Ryzen 7 7800X3D 8-Core Processor,NVIDIA GeForce RTX 4080 SUPER,gpu,8.9,11.8,16.0,nvidia_geforce_rtx_4080_super_gpu,1189.6266250160304,5948.133125080151,17844.399375240453,0.8405998814851046,0.8276000153273344,0.8543500443920493
LARA,15,100,32.0,1,encoder,as_deployed,0.03462188033154234,0.03429062417126261,0.035037501220358536,1447361,5833415,0.0,float32,,,,,,,Windows-11-10.0.26200-SP0,3.12.9,2.5.1,16,8,63.2,AMD Ryzen 7 7800X3D 8-Core Processor,NVIDIA GeForce RTX 4080 SUPER,gpu,8.9,11.8,16.0,nvidia_geforce_rtx_4080_super_gpu,28883.468789791517,144417.34394895757,433252.03184687276,1.107900170609355,1.0972999734804034,1.1212000390514731
LARA,15,100,32.0,1,decoder,as_deployed,0.027271875296719372,0.026921872631646693,0.030765622796025124,1447361,5833415,0.0,float32,,,,,,,Windows-11-10.0.26200-SP0,3.12.9,2.5.1,16,8,63.2,AMD Ryzen 7 7800X3D 8-Core Processor,NVIDIA GeForce RTX 4080 SUPER,gpu,8.9,11.8,16.0,nvidia_geforce_rtx_4080_super_gpu,36667.81213686077,183339.06068430384,550017.1820529115,0.8727000094950199,0.8614999242126942,0.984499929472804
LARA,15,100,1.0,1,encoder,flushed,1.093599945306778,1.0850250837393105,1.1038999073207378,1447361,5833415,0.0,float32,,,,,,,Windows-11-10.0.26200-SP0,3.12.9,2.5.1,16,8,63.2,AMD Ryzen 7 7800X3D 8-Core Processor,NVIDIA GeForce RTX 4080 SUPER,gpu,8.9,11.8,16.0,nvidia_geforce_rtx_4080_super_gpu,914.4111649708237,4572.055824854118,13716.167474562357,1.093599945306778,1.0850250837393105,1.1038999073207378
LARA,15,100,1.0,1,decoder,flushed,0.8455000352114439,0.8342000655829906,0.855024962220341,1447361,5833415,0.0,float32,,,,,,,Windows-11-10.0.26200-SP0,3.12.9,2.5.1,16,8,63.2,AMD Ryzen 7 7800X3D 8-Core Processor,NVIDIA GeForce RTX 4080 SUPER,gpu,8.9,11.8,16.0,nvidia_geforce_rtx_4080_super_gpu,1182.7320619211075,5913.660309605537,17740.98092881661,0.8455000352114439,0.8342000655829906,0.855024962220341
LARA,15,100,32.0,1,encoder,flushed,0.03536875010468066,0.03502812614897266,0.03571562410797924,1447361,5833415,0.0,float32,,,,,,,Windows-11-10.0.26200-SP0,3.12.9,2.5.1,16,8,63.2,AMD Ryzen 7 7800X3D 8-Core Processor,NVIDIA GeForce RTX 4080 SUPER,gpu,8.9,11.8,16.0,nvidia_geforce_rtx_4080_super_gpu,28273.546479315966,141367.7323965798,424103.1971897395,1.131800003349781,1.1209000367671251,1.1428999714553356
LARA,15,100,32.0,1,decoder,flushed,0.02709062391659245,0.02680937177501619,0.027428122848505154,1447361,5833415,0.0,float32,,,,,,,Windows-11-10.0.26200-SP0,3.12.9,2.5.1,16,8,63.2,AMD Ryzen 7 7800X3D 8-Core Processor,NVIDIA GeForce RTX 4080 SUPER,gpu,8.9,11.8,16.0,nvidia_geforce_rtx_4080_super_gpu,36913.14024656038,184565.7012328019,553697.1036984058,0.8668999653309584,0.857899896800518,0.8776999311521649
LARA,15,100,32.0,1,memory,,,,,1447361,5833415,0.0,float32,49253888.0,,,,,,Windows-11-10.0.26200-SP0,3.12.9,2.5.1,16,8,63.2,AMD Ryzen 7 7800X3D 8-Core Processor,NVIDIA GeForce RTX 4080 SUPER,gpu,8.9,11.8,16.0,nvidia_geforce_rtx_4080_super_gpu,,,,,,
LARA,15,100,,1,quantize,,0.0159000046551227,0.0157998874783515,0.0160001218318939,1447361,5833415,,float32,,calibrated,510.72,5.0,,,Windows-11-10.0.26200-SP0,3.12.9,2.5.1,16,8,63.2,AMD Ryzen 7 7800X3D 8-Core Processor,NVIDIA GeForce RTX 4080 SUPER,gpu,8.9,11.8,16.0,nvidia_geforce_rtx_4080_super_gpu,62893.06334748887,314465.3167374443,943395.9502123331,0.0159000046551227,0.0157998874783515,0.0160001218318939
LARA,15,100,,1,entropy_encode,,0.3986000083386898,0.395999988541007,0.4024000372737646,1447361,5833415,,float32,,calibrated,510.72,5.0,,,Windows-11-10.0.26200-SP0,3.12.9,2.5.1,16,8,63.2,AMD Ryzen 7 7800X3D 8-Core Processor,NVIDIA GeForce RTX 4080 SUPER,gpu,8.9,11.8,16.0,nvidia_geforce_rtx_4080_super_gpu,2508.780680080422,12543.903400402109,37631.710201206326,0.3986000083386898,0.395999988541007,0.4024000372737646
LARA,15,100,,1,entropy_roundtrip,,0.78959995880723,0.7851999253034592,0.7945999968796968,1447361,5833415,,float32,,calibrated,510.72,5.0,,,Windows-11-10.0.26200-SP0,3.12.9,2.5.1,16,8,63.2,AMD Ryzen 7 7800X3D 8-Core Processor,NVIDIA GeForce RTX 4080 SUPER,gpu,8.9,11.8,16.0,nvidia_geforce_rtx_4080_super_gpu,1266.4640984918494,6332.320492459246,18996.961477377743,0.78959995880723,0.7851999253034592,0.7945999968796968
LARA,15,100,,1,dequantize,,0.004699919372797,0.0046000350266695,0.0047001522034406,1447361,5833415,,float32,,calibrated,510.72,5.0,,,Windows-11-10.0.26200-SP0,3.12.9,2.5.1,16,8,63.2,AMD Ryzen 7 7800X3D 8-Core Processor,NVIDIA GeForce RTX 4080 SUPER,gpu,8.9,11.8,16.0,nvidia_geforce_rtx_4080_super_gpu,212769.60745070895,1063848.0372535447,3191544.1117606345,0.004699919372797,0.0046000350266695,0.0047001522034406
LARA,20,75,1.0,1,encoder,as_deployed,1.1062000412493944,1.096275052987039,1.117425097618252,1146536,4630087,0.0,float32,,,,,,,Windows-11-10.0.26200-SP0,3.12.9,2.5.1,16,8,63.2,AMD Ryzen 7 7800X3D 8-Core Processor,NVIDIA GeForce RTX 4080 SUPER,gpu,8.9,11.8,16.0,nvidia_geforce_rtx_4080_super_gpu,903.9956271114878,4519.978135557439,13559.934406672317,1.1062000412493944,1.096275052987039,1.117425097618252
LARA,20,75,1.0,1,decoder,as_deployed,0.8348000701516867,0.8256000000983477,0.8469000458717346,1146536,4630087,0.0,float32,,,,,,,Windows-11-10.0.26200-SP0,3.12.9,2.5.1,16,8,63.2,AMD Ryzen 7 7800X3D 8-Core Processor,NVIDIA GeForce RTX 4080 SUPER,gpu,8.9,11.8,16.0,nvidia_geforce_rtx_4080_super_gpu,1197.8916099255907,5989.458049627953,17968.37414888386,0.8348000701516867,0.8256000000983477,0.8469000458717346
LARA,20,75,32.0,1,encoder,as_deployed,0.034704688005149364,0.034352340662735514,0.035210932765039615,1146536,4630087,0.0,float32,,,,,,,Windows-11-10.0.26200-SP0,3.12.9,2.5.1,16,8,63.2,AMD Ryzen 7 7800X3D 8-Core Processor,NVIDIA GeForce RTX 4080 SUPER,gpu,8.9,11.8,16.0,nvidia_geforce_rtx_4080_super_gpu,28814.55092901637,144072.75464508185,432218.2639352456,1.1105500161647797,1.0992749012075365,1.1267498484812677
LARA,20,75,32.0,1,decoder,as_deployed,0.02749374834820628,0.027006250093108974,0.031131250580074262,1146536,4630087,0.0,float32,,,,,,,Windows-11-10.0.26200-SP0,3.12.9,2.5.1,16,8,63.2,AMD Ryzen 7 7800X3D 8-Core Processor,NVIDIA GeForce RTX 4080 SUPER,gpu,8.9,11.8,16.0,nvidia_geforce_rtx_4080_super_gpu,36371.90489034359,181859.52445171794,545578.5733551538,0.879799947142601,0.8642000029794872,0.9962000185623764
LARA,20,75,1.0,1,encoder,flushed,1.1066501028835771,1.09779997728765,1.1175749241374433,1146536,4630087,0.0,float32,,,,,,,Windows-11-10.0.26200-SP0,3.12.9,2.5.1,16,8,63.2,AMD Ryzen 7 7800X3D 8-Core Processor,NVIDIA GeForce RTX 4080 SUPER,gpu,8.9,11.8,16.0,nvidia_geforce_rtx_4080_super_gpu,903.6279826788242,4518.13991339412,13554.419740182362,1.1066501028835771,1.09779997728765,1.1175749241374433
LARA,20,75,1.0,1,decoder,flushed,0.8348000701516867,0.8278000168502331,0.8447000291198492,1146536,4630087,0.0,float32,,,,,,,Windows-11-10.0.26200-SP0,3.12.9,2.5.1,16,8,63.2,AMD Ryzen 7 7800X3D 8-Core Processor,NVIDIA GeForce RTX 4080 SUPER,gpu,8.9,11.8,16.0,nvidia_geforce_rtx_4080_super_gpu,1197.8916099255907,5989.458049627953,17968.37414888386,0.8348000701516867,0.8278000168502331,0.8447000291198492
LARA,20,75,32.0,1,encoder,flushed,0.035581248084781684,0.035182030842406675,0.03600546733650845,1146536,4630087,0.0,float32,,,,,,,Windows-11-10.0.26200-SP0,3.12.9,2.5.1,16,8,63.2,AMD Ryzen 7 7800X3D 8-Core Processor,NVIDIA GeForce RTX 4080 SUPER,gpu,8.9,11.8,16.0,nvidia_geforce_rtx_4080_super_gpu,28104.691482919232,140523.45741459614,421570.37224378844,1.138599938713014,1.1258249869570136,1.1521749547682705
LARA,20,75,32.0,1,decoder,flushed,0.027093752578366548,0.026793750294018537,0.027478909032652155,1146536,4630087,0.0,float32,,,,,,,Windows-11-10.0.26200-SP0,3.12.9,2.5.1,16,8,63.2,AMD Ryzen 7 7800X3D 8-Core Processor,NVIDIA GeForce RTX 4080 SUPER,gpu,8.9,11.8,16.0,nvidia_geforce_rtx_4080_super_gpu,36908.87768711915,184544.38843559576,553633.1653067872,0.8670000825077295,0.8574000094085932,0.879325089044869
LARA,20,75,32.0,1,memory,,,,,1146536,4630087,0.0,float32,48044544.0,,,,,,Windows-11-10.0.26200-SP0,3.12.9,2.5.1,16,8,63.2,AMD Ryzen 7 7800X3D 8-Core Processor,NVIDIA GeForce RTX 4080 SUPER,gpu,8.9,11.8,16.0,nvidia_geforce_rtx_4080_super_gpu,,,,,,
LARA,20,75,,1,quantize,,0.0142999924719333,0.0142001081258058,0.0144001096487045,1146536,4630087,,float32,,calibrated,384.0,5.0,,,Windows-11-10.0.26200-SP0,3.12.9,2.5.1,16,8,63.2,AMD Ryzen 7 7800X3D 8-Core Processor,NVIDIA GeForce RTX 4080 SUPER,gpu,8.9,11.8,16.0,nvidia_geforce_rtx_4080_super_gpu,69930.1067439516,349650.533719758,1048951.6011592739,0.0142999924719333,0.0142001081258058,0.0144001096487045
LARA,20,75,,1,entropy_encode,,0.3096000291407108,0.3071001265197992,0.3124999348074198,1146536,4630087,,float32,,calibrated,384.0,5.0,,,Windows-11-10.0.26200-SP0,3.12.9,2.5.1,16,8,63.2,AMD Ryzen 7 7800X3D 8-Core Processor,NVIDIA GeForce RTX 4080 SUPER,gpu,8.9,11.8,16.0,nvidia_geforce_rtx_4080_super_gpu,3229.9738561894897,16149.869280947447,48449.60784284235,0.3096000291407108,0.3071001265197992,0.3124999348074198
LARA,20,75,,1,entropy_roundtrip,,0.6168999243527651,0.6130000110715628,0.6214999593794346,1146536,4630087,,float32,,calibrated,384.0,5.0,,,Windows-11-10.0.26200-SP0,3.12.9,2.5.1,16,8,63.2,AMD Ryzen 7 7800X3D 8-Core Processor,NVIDIA GeForce RTX 4080 SUPER,gpu,8.9,11.8,16.0,nvidia_geforce_rtx_4080_super_gpu,1621.0084659179904,8105.042329589952,24315.126988769855,0.6168999243527651,0.6130000110715628,0.6214999593794346
LARA,20,75,,1,dequantize,,0.0046000350266695,0.0046000350266695,0.004699919372797,1146536,4630087,,float32,,calibrated,384.0,5.0,,,Windows-11-10.0.26200-SP0,3.12.9,2.5.1,16,8,63.2,AMD Ryzen 7 7800X3D 8-Core Processor,NVIDIA GeForce RTX 4080 SUPER,gpu,8.9,11.8,16.0,nvidia_geforce_rtx_4080_super_gpu,217389.6490357849,1086948.2451789244,3260844.7355367737,0.0046000350266695,0.0046000350266695,0.004699919372797
LARA,30,50,1.0,1,encoder,as_deployed,1.0940999491140246,1.086000120267272,1.1041249963454902,845711,3426823,0.0,float32,,,,,,,Windows-11-10.0.26200-SP0,3.12.9,2.5.1,16,8,63.2,AMD Ryzen 7 7800X3D 8-Core Processor,NVIDIA GeForce RTX 4080 SUPER,gpu,8.9,11.8,16.0,nvidia_geforce_rtx_4080_super_gpu,913.9932789593634,4569.9663947968165,13709.899184390451,1.0940999491140246,1.086000120267272,1.1041249963454902
LARA,30,50,1.0,1,decoder,as_deployed,0.8529999759048223,0.8403999963775277,0.8656000718474388,845711,3426823,0.0,float32,,,,,,,Windows-11-10.0.26200-SP0,3.12.9,2.5.1,16,8,63.2,AMD Ryzen 7 7800X3D 8-Core Processor,NVIDIA GeForce RTX 4080 SUPER,gpu,8.9,11.8,16.0,nvidia_geforce_rtx_4080_super_gpu,1172.3329756712442,5861.6648783562205,17584.994635068662,0.8529999759048223,0.8403999963775277,0.8656000718474388
LARA,30,50,32.0,1,encoder,as_deployed,0.03449375071795657,0.03417031257413328,0.03481406020000577,845711,3426823,0.0,float32,,,,,,,Windows-11-10.0.26200-SP0,3.12.9,2.5.1,16,8,63.2,AMD Ryzen 7 7800X3D 8-Core Processor,NVIDIA GeForce RTX 4080 SUPER,gpu,8.9,11.8,16.0,nvidia_geforce_rtx_4080_super_gpu,28990.758592089707,144953.79296044854,434861.3788813456,1.1038000229746103,1.0934500023722649,1.1140499264001846
LARA,30,50,32.0,1,decoder,as_deployed,0.027568748919293284,0.027143752959091216,0.03017343988176435,845711,3426823,0.0,float32,,,,,,,Windows-11-10.0.26200-SP0,3.12.9,2.5.1,16,8,63.2,AMD Ryzen 7 7800X3D 8-Core Processor,NVIDIA GeForce RTX 4080 SUPER,gpu,8.9,11.8,16.0,nvidia_geforce_rtx_4080_super_gpu,36272.95540060491,181364.77700302453,544094.3310090735,0.8821999654173851,0.8686000946909189,0.9655500762164592
LARA,30,50,1.0,1,encoder,flushed,1.0975999757647514,1.0877749300561843,1.1063499841839075,845711,3426823,0.0,float32,,,,,,,Windows-11-10.0.26200-SP0,3.12.9,2.5.1,16,8,63.2,AMD Ryzen 7 7800X3D 8-Core Processor,NVIDIA GeForce RTX 4080 SUPER,gpu,8.9,11.8,16.0,nvidia_geforce_rtx_4080_super_gpu,911.0787373179844,4555.393686589921,13666.181059769766,1.0975999757647514,1.0877749300561843,1.1063499841839075
LARA,30,50,1.0,1,decoder,flushed,0.8487999439239502,0.8383249514736235,0.863474968355149,845711,3426823,0.0,float32,,,,,,,Windows-11-10.0.26200-SP0,3.12.9,2.5.1,16,8,63.2,AMD Ryzen 7 7800X3D 8-Core Processor,NVIDIA GeForce RTX 4080 SUPER,gpu,8.9,11.8,16.0,nvidia_geforce_rtx_4080_super_gpu,1178.133913837295,5890.669569186475,17672.008707559424,0.8487999439239502,0.8383249514736235,0.863474968355149
LARA,30,50,32.0,1,encoder,flushed,0.03542187187122181,0.03510312672005966,0.035848435800289735,845711,3426823,0.0,float32,,,,,,,Windows-11-10.0.26200-SP0,3.12.9,2.5.1,16,8,63.2,AMD Ryzen 7 7800X3D 8-Core Processor,NVIDIA GeForce RTX 4080 SUPER,gpu,8.9,11.8,16.0,nvidia_geforce_rtx_4080_super_gpu,28231.14497267552,141155.7248633776,423467.1745901328,1.133499899879098,1.1233000550419092,1.1471499456092715
LARA,30,50,32.0,1,decoder,flushed,0.027264064556220546,0.026965622964780778,0.02759921881079208,845711,3426823,0.0,float32,,,,,,,Windows-11-10.0.26200-SP0,3.12.9,2.5.1,16,8,63.2,AMD Ryzen 7 7800X3D 8-Core Processor,NVIDIA GeForce RTX 4080 SUPER,gpu,8.9,11.8,16.0,nvidia_geforce_rtx_4080_super_gpu,36678.3169082484,183391.584541242,550174.753623726,0.8724500657990575,0.8628999348729849,0.8831750019453466
LARA,30,50,32.0,1,memory,,,,,845711,3426823,0.0,float32,46835200.0,,,,,,Windows-11-10.0.26200-SP0,3.12.9,2.5.1,16,8,63.2,AMD Ryzen 7 7800X3D 8-Core Processor,NVIDIA GeForce RTX 4080 SUPER,gpu,8.9,11.8,16.0,nvidia_geforce_rtx_4080_super_gpu,,,,,,
LARA,30,50,,1,quantize,,0.0124999787658452,0.0124999787658452,0.0126000959426164,845711,3426823,,float32,,calibrated,261.12,5.0,,,Windows-11-10.0.26200-SP0,3.12.9,2.5.1,16,8,63.2,AMD Ryzen 7 7800X3D 8-Core Processor,NVIDIA GeForce RTX 4080 SUPER,gpu,8.9,11.8,16.0,nvidia_geforce_rtx_4080_super_gpu,80000.13589882158,400000.6794941079,1200002.0384823238,0.0124999787658452,0.0124999787658452,0.0126000959426164
LARA,30,50,,1,entropy_encode,,0.198399880900979,0.197199871763587,0.2004001289606094,845711,3426823,,float32,,calibrated,261.12,5.0,,,Windows-11-10.0.26200-SP0,3.12.9,2.5.1,16,8,63.2,AMD Ryzen 7 7800X3D 8-Core Processor,NVIDIA GeForce RTX 4080 SUPER,gpu,8.9,11.8,16.0,nvidia_geforce_rtx_4080_super_gpu,5040.325606339946,25201.62803169973,75604.88409509919,0.198399880900979,0.197199871763587,0.2004001289606094
LARA,30,50,,1,entropy_roundtrip,,0.3955999854952097,0.3931000828742981,0.398899894207716,845711,3426823,,float32,,calibrated,261.12,5.0,,,Windows-11-10.0.26200-SP0,3.12.9,2.5.1,16,8,63.2,AMD Ryzen 7 7800X3D 8-Core Processor,NVIDIA GeForce RTX 4080 SUPER,gpu,8.9,11.8,16.0,nvidia_geforce_rtx_4080_super_gpu,2527.805957192354,12639.02978596177,37917.089357885314,0.3955999854952097,0.3931000828742981,0.398899894207716
LARA,30,50,,1,dequantize,,0.0046000350266695,0.0045001506805419,0.0046000350266695,845711,3426823,,float32,,calibrated,261.12,5.0,,,Windows-11-10.0.26200-SP0,3.12.9,2.5.1,16,8,63.2,AMD Ryzen 7 7800X3D 8-Core Processor,NVIDIA GeForce RTX 4080 SUPER,gpu,8.9,11.8,16.0,nvidia_geforce_rtx_4080_super_gpu,217389.6490357849,1086948.2451789244,3260844.7355367737,0.0046000350266695,0.0045001506805419,0.0046000350266695
LARA,50,30,1.0,1,encoder,as_deployed,1.4883000403642654,1.4769000699743629,1.4999500708654523,771547,3143989,0.0,float32,,,,,,,Windows-11-10.0.26200-SP0,3.12.9,2.5.1,16,8,63.2,AMD Ryzen 7 7800X3D 8-Core Processor,NVIDIA GeForce RTX 4080 SUPER,gpu,8.9,11.8,16.0,nvidia_geforce_rtx_4080_super_gpu,671.9075272988955,3359.5376364944773,10078.612909483432,1.4883000403642654,1.4769000699743629,1.4999500708654523
LARA,50,30,1.0,1,decoder,as_deployed,0.8475999347865582,0.8354999590665102,0.8638000581413507,771547,3143989,0.0,float32,,,,,,,Windows-11-10.0.26200-SP0,3.12.9,2.5.1,16,8,63.2,AMD Ryzen 7 7800X3D 8-Core Processor,NVIDIA GeForce RTX 4080 SUPER,gpu,8.9,11.8,16.0,nvidia_geforce_rtx_4080_super_gpu,1179.8018840714271,5899.009420357135,17697.028261071406,0.8475999347865582,0.8354999590665102,0.8638000581413507
LARA,50,30,32.0,1,encoder,as_deployed,0.04676562821259722,0.0463390642835293,0.04731718945549801,771547,3143989,0.0,float32,,,,,,,Windows-11-10.0.26200-SP0,3.12.9,2.5.1,16,8,63.2,AMD Ryzen 7 7800X3D 8-Core Processor,NVIDIA GeForce RTX 4080 SUPER,gpu,8.9,11.8,16.0,nvidia_geforce_rtx_4080_super_gpu,21383.22606196982,106916.1303098491,320748.3909295473,1.496500102803111,1.4828500570729377,1.5141500625759363
LARA,50,30,32.0,1,decoder,as_deployed,0.02766874968074262,0.027131245587952435,0.02891406802518759,771547,3143989,0.0,float32,,,,,,,Windows-11-10.0.26200-SP0,3.12.9,2.5.1,16,8,63.2,AMD Ryzen 7 7800X3D 8-Core Processor,NVIDIA GeForce RTX 4080 SUPER,gpu,8.9,11.8,16.0,nvidia_geforce_rtx_4080_super_gpu,36141.857204917265,180709.28602458633,542127.858073759,0.8853999897837639,0.8681998588144779,0.9252501768060029
LARA,50,30,1.0,1,encoder,flushed,1.5097500290721655,1.498475088737905,1.5243999660015106,771547,3143989,0.0,float32,,,,,,,Windows-11-10.0.26200-SP0,3.12.9,2.5.1,16,8,63.2,AMD Ryzen 7 7800X3D 8-Core Processor,NVIDIA GeForce RTX 4080 SUPER,gpu,8.9,11.8,16.0,nvidia_geforce_rtx_4080_super_gpu,662.3613053444096,3311.806526722048,9935.419580166144,1.5097500290721655,1.498475088737905,1.5243999660015106
LARA,50,30,1.0,1,decoder,flushed,0.860600033774972,0.8492251508869231,0.8730500121600926,771547,3143989,0.0,float32,,,,,,,Windows-11-10.0.26200-SP0,3.12.9,2.5.1,16,8,63.2,AMD Ryzen 7 7800X3D 8-Core Processor,NVIDIA GeForce RTX 4080 SUPER,gpu,8.9,11.8,16.0,nvidia_geforce_rtx_4080_super_gpu,1161.9799683408776,5809.899841704388,17429.699525113163,0.860600033774972,0.8492251508869231,0.8730500121600926
LARA,50,30,32.0,1,encoder,flushed,0.0474906264571473,0.04702500154962763,0.0478687506983988,771547,3143989,0.0,float32,,,,,,,Windows-11-10.0.26200-SP0,3.12.9,2.5.1,16,8,63.2,AMD Ryzen 7 7800X3D 8-Core Processor,NVIDIA GeForce RTX 4080 SUPER,gpu,8.9,11.8,16.0,nvidia_geforce_rtx_4080_super_gpu,21056.786877771345,105283.93438885672,315851.8031665702,1.5197000466287136,1.5048000495880842,1.5318000223487616
LARA,50,30,32.0,1,decoder,flushed,0.027257814508629963,0.02691952613531612,0.027693749871104956,771547,3143989,0.0,float32,,,,,,,Windows-11-10.0.26200-SP0,3.12.9,2.5.1,16,8,63.2,AMD Ryzen 7 7800X3D 8-Core Processor,NVIDIA GeForce RTX 4080 SUPER,gpu,8.9,11.8,16.0,nvidia_geforce_rtx_4080_super_gpu,36686.72701853609,183433.63509268043,550300.9052780414,0.8722500642761588,0.8614248363301158,0.8861999958753586
LARA,50,30,32.0,1,memory,,,,,771547,3143989,0.0,float32,45853696.0,,,,,,Windows-11-10.0.26200-SP0,3.12.9,2.5.1,16,8,63.2,AMD Ryzen 7 7800X3D 8-Core Processor,NVIDIA GeForce RTX 4080 SUPER,gpu,8.9,11.8,16.0,nvidia_geforce_rtx_4080_super_gpu,,,,,,
LARA,50,30,,1,quantize,,0.0106000807136297,0.010599847882986,0.0106999650597572,771547,3143989,,float32,,calibrated,160.0,5.0,,,Windows-11-10.0.26200-SP0,3.12.9,2.5.1,16,8,63.2,AMD Ryzen 7 7800X3D 8-Core Processor,NVIDIA GeForce RTX 4080 SUPER,gpu,8.9,11.8,16.0,nvidia_geforce_rtx_4080_super_gpu,94338.90429854831,471694.52149274154,1415083.5644782246,0.0106000807136297,0.010599847882986,0.0106999650597572
LARA,50,30,,1,entropy_encode,,0.1234000083059072,0.1220001722685992,0.1254999078810215,771547,3143989,,float32,,calibrated,160.0,5.0,,,Windows-11-10.0.26200-SP0,3.12.9,2.5.1,16,8,63.2,AMD Ryzen 7 7800X3D 8-Core Processor,NVIDIA GeForce RTX 4080 SUPER,gpu,8.9,11.8,16.0,nvidia_geforce_rtx_4080_super_gpu,8103.72716929655,40518.63584648274,121555.90753944824,0.1234000083059072,0.1220001722685992,0.1254999078810215
LARA,50,30,,1,entropy_roundtrip,,0.2450000029057264,0.2424748963676393,0.2486000303179025,771547,3143989,,float32,,calibrated,160.0,5.0,,,Windows-11-10.0.26200-SP0,3.12.9,2.5.1,16,8,63.2,AMD Ryzen 7 7800X3D 8-Core Processor,NVIDIA GeForce RTX 4080 SUPER,gpu,8.9,11.8,16.0,nvidia_geforce_rtx_4080_super_gpu,4081.632604652622,20408.163023263107,61224.48906978933,0.2450000029057264,0.2424748963676393,0.2486000303179025
LARA,50,30,,1,dequantize,,0.0046000350266695,0.0045001506805419,0.0046000350266695,771547,3143989,,float32,,calibrated,160.0,5.0,,,Windows-11-10.0.26200-SP0,3.12.9,2.5.1,16,8,63.2,AMD Ryzen 7 7800X3D 8-Core Processor,NVIDIA GeForce RTX 4080 SUPER,gpu,8.9,11.8,16.0,nvidia_geforce_rtx_4080_super_gpu,217389.6490357849,1086948.2451789244,3260844.7355367737,0.0046000350266695,0.0045001506805419,0.0046000350266695
LARA,60,25,1.0,1,encoder,as_deployed,1.4987000031396749,1.4869749429635704,1.5118500450626016,741462,3023669,0.0,float32,,,,,,,Windows-11-10.0.26200-SP0,3.12.9,2.5.1,16,8,63.2,AMD Ryzen 7 7800X3D 8-Core Processor,NVIDIA GeForce RTX 4080 SUPER,gpu,8.9,11.8,16.0,nvidia_geforce_rtx_4080_super_gpu,667.244944221704,3336.22472110852,10008.67416332556,1.4987000031396749,1.4869749429635704,1.5118500450626016
LARA,60,25,1.0,1,decoder,as_deployed,0.8575001265853643,0.8417998906224966,0.8704999927431345,741462,3023669,0.0,float32,,,,,,,Windows-11-10.0.26200-SP0,3.12.9,2.5.1,16,8,63.2,AMD Ryzen 7 7800X3D 8-Core Processor,NVIDIA GeForce RTX 4080 SUPER,gpu,8.9,11.8,16.0,nvidia_geforce_rtx_4080_super_gpu,1166.180585864263,5830.902929321315,17492.708787963948,0.8575001265853643,0.8417998906224966,0.8704999927431345
LARA,60,25,32.0,1,encoder,as_deployed,0.046790628402959555,0.04629374961950816,0.0475046836072579,741462,3023669,0.0,float32,,,,,,,Windows-11-10.0.26200-SP0,3.12.9,2.5.1,16,8,63.2,AMD Ryzen 7 7800X3D 8-Core Processor,NVIDIA GeForce RTX 4080 SUPER,gpu,8.9,11.8,16.0,nvidia_geforce_rtx_4080_super_gpu,21371.801023658594,106859.00511829296,320577.01535487897,1.4973001088947058,1.4813999878242612,1.5201498754322529
LARA,60,25,32.0,1,decoder,as_deployed,0.02756093454081565,0.02695625153137371,0.02892344127758406,741462,3023669,0.0,float32,,,,,,,Windows-11-10.0.26200-SP0,3.12.9,2.5.1,16,8,63.2,AMD Ryzen 7 7800X3D 8-Core Processor,NVIDIA GeForce RTX 4080 SUPER,gpu,8.9,11.8,16.0,nvidia_geforce_rtx_4080_super_gpu,36283.23990679909,181416.19953399544,544248.5986019864,0.8819499053061008,0.8626000490039587,0.92555012088269
LARA,60,25,1.0,1,encoder,flushed,1.502299914136529,1.4921999536454678,1.5163999050855637,741462,3023669,0.0,float32,,,,,,,Windows-11-10.0.26200-SP0,3.12.9,2.5.1,16,8,63.2,AMD Ryzen 7 7800X3D 8-Core Processor,NVIDIA GeForce RTX 4080 SUPER,gpu,8.9,11.8,16.0,nvidia_geforce_rtx_4080_super_gpu,665.6460474969581,3328.2302374847905,9984.69071245437,1.502299914136529,1.4921999536454678,1.5163999050855637
LARA,60,25,1.0,1,decoder,flushed,0.8541999850422144,0.8428251021541655,0.8685500943101943,741462,3023669,0.0,float32,,,,,,,Windows-11-10.0.26200-SP0,3.12.9,2.5.1,16,8,63.2,AMD Ryzen 7 7800X3D 8-Core Processor,NVIDIA GeForce RTX 4080 SUPER,gpu,8.9,11.8,16.0,nvidia_geforce_rtx_4080_super_gpu,1170.686042508629,5853.430212543145,17560.290637629434,0.8541999850422144,0.8428251021541655,0.8685500943101943
LARA,60,25,32.0,1,encoder,flushed,0.04713749513030052,0.04681093923863955,0.047582812840119,741462,3023669,0.0,float32,,,,,,,Windows-11-10.0.26200-SP0,3.12.9,2.5.1,16,8,63.2,AMD Ryzen 7 7800X3D 8-Core Processor,NVIDIA GeForce RTX 4080 SUPER,gpu,8.9,11.8,16.0,nvidia_geforce_rtx_4080_super_gpu,21214.534146028232,106072.67073014115,318218.0121904235,1.5083998441696167,1.4979500556364655,1.522650010883808
LARA,60,25,32.0,1,decoder,flushed,0.027084373869001865,0.026796878955792636,0.02750624844338745,741462,3023669,0.0,float32,,,,,,,Windows-11-10.0.26200-SP0,3.12.9,2.5.1,16,8,63.2,AMD Ryzen 7 7800X3D 8-Core Processor,NVIDIA GeForce RTX 4080 SUPER,gpu,8.9,11.8,16.0,nvidia_geforce_rtx_4080_super_gpu,36921.65840113818,184608.2920056909,553824.8760170726,0.8666999638080597,0.8575001265853643,0.8801999501883984
LARA,60,25,32.0,1,memory,,,,,741462,3023669,0.0,float32,45732864.0,,,,,,Windows-11-10.0.26200-SP0,3.12.9,2.5.1,16,8,63.2,AMD Ryzen 7 7800X3D 8-Core Processor,NVIDIA GeForce RTX 4080 SUPER,gpu,8.9,11.8,16.0,nvidia_geforce_rtx_4080_super_gpu,,,,,,
LARA,60,25,,1,quantize,,0.010400079190731,0.0103998463600873,0.0104999635368585,741462,3023669,,float32,,calibrated,133.76,5.0,,,Windows-11-10.0.26200-SP0,3.12.9,2.5.1,16,8,63.2,AMD Ryzen 7 7800X3D 8-Core Processor,NVIDIA GeForce RTX 4080 SUPER,gpu,8.9,11.8,16.0,nvidia_geforce_rtx_4080_super_gpu,96153.11399659756,480765.56998298777,1442296.7099489635,0.010400079190731,0.0103998463600873,0.0104999635368585
LARA,60,25,,1,entropy_encode,,0.0998999457806348,0.0988999381661415,0.1010000705718994,741462,3023669,,float32,,calibrated,133.76,5.0,,,Windows-11-10.0.26200-SP0,3.12.9,2.5.1,16,8,63.2,AMD Ryzen 7 7800X3D 8-Core Processor,NVIDIA GeForce RTX 4080 SUPER,gpu,8.9,11.8,16.0,nvidia_geforce_rtx_4080_super_gpu,10010.01544280964,50050.07721404819,150150.2316421446,0.0998999457806348,0.0988999381661415,0.1010000705718994
LARA,60,25,,1,entropy_roundtrip,,0.1972999889403581,0.1958000939339399,0.2009000163525343,741462,3023669,,float32,,calibrated,133.76,5.0,,,Windows-11-10.0.26200-SP0,3.12.9,2.5.1,16,8,63.2,AMD Ryzen 7 7800X3D 8-Core Processor,NVIDIA GeForce RTX 4080 SUPER,gpu,8.9,11.8,16.0,nvidia_geforce_rtx_4080_super_gpu,5068.424004333271,25342.120021666353,76026.36006499907,0.1972999889403581,0.1958000939339399,0.2009000163525343
LARA,60,25,,1,dequantize,,0.0046000350266695,0.0045001506805419,0.0046000350266695,741462,3023669,,float32,,calibrated,133.76,5.0,,,Windows-11-10.0.26200-SP0,3.12.9,2.5.1,16,8,63.2,AMD Ryzen 7 7800X3D 8-Core Processor,NVIDIA GeForce RTX 4080 SUPER,gpu,8.9,11.8,16.0,nvidia_geforce_rtx_4080_super_gpu,217389.6490357849,1086948.2451789244,3260844.7355367737,0.0046000350266695,0.0045001506805419,0.0046000350266695
LARA,100,15,1.0,1,encoder,as_deployed,1.4933999627828598,1.482199877500534,1.5053001698106527,681292,2783156,0.0,float32,,,,,,,Windows-11-10.0.26200-SP0,3.12.9,2.5.1,16,8,63.2,AMD Ryzen 7 7800X3D 8-Core Processor,NVIDIA GeForce RTX 4080 SUPER,gpu,8.9,11.8,16.0,nvidia_geforce_rtx_4080_super_gpu,669.6129803944557,3348.064901972278,10044.194705916836,1.4933999627828598,1.482199877500534,1.5053001698106527
LARA,100,15,1.0,1,decoder,as_deployed,0.8425499545410275,0.8300000336021185,0.8551249047741294,681292,2783156,0.0,float32,,,,,,,Windows-11-10.0.26200-SP0,3.12.9,2.5.1,16,8,63.2,AMD Ryzen 7 7800X3D 8-Core Processor,NVIDIA GeForce RTX 4080 SUPER,gpu,8.9,11.8,16.0,nvidia_geforce_rtx_4080_super_gpu,1186.8732466370402,5934.366233185201,17803.0986995556,0.8425499545410275,0.8300000336021185,0.8551249047741294
LARA,100,15,32.0,1,encoder,as_deployed,0.0463156247860752,0.045760938519379124,0.046904686314519495,681292,2783156,0.0,float32,,,,,,,Windows-11-10.0.26200-SP0,3.12.9,2.5.1,16,8,63.2,AMD Ryzen 7 7800X3D 8-Core Processor,NVIDIA GeForce RTX 4080 SUPER,gpu,8.9,11.8,16.0,nvidia_geforce_rtx_4080_super_gpu,21590.98586316923,107954.92931584614,323864.7879475385,1.4820999931544063,1.464350032620132,1.5009499620646238
LARA,100,15,32.0,1,decoder,as_deployed,0.027378126105759293,0.02690625115064904,0.02798515561153181,681292,2783156,0.0,float32,,,,,,,Windows-11-10.0.26200-SP0,3.12.9,2.5.1,16,8,63.2,AMD Ryzen 7 7800X3D 8-Core Processor,NVIDIA GeForce RTX 4080 SUPER,gpu,8.9,11.8,16.0,nvidia_geforce_rtx_4080_super_gpu,36525.509311232185,182627.5465561609,547882.6396684828,0.8761000353842974,0.8610000368207693,0.8955249795690179
LARA,100,15,1.0,1,encoder,flushed,1.5024000313133,1.491950009949505,1.517099910415709,681292,2783156,0.0,float32,,,,,,,Windows-11-10.0.26200-SP0,3.12.9,2.5.1,16,8,63.2,AMD Ryzen 7 7800X3D 8-Core Processor,NVIDIA GeForce RTX 4080 SUPER,gpu,8.9,11.8,16.0,nvidia_geforce_rtx_4080_super_gpu,665.601690067768,3328.00845033884,9984.02535101652,1.5024000313133,1.491950009949505,1.517099910415709
LARA,100,15,1.0,1,decoder,flushed,0.8590499637648463,0.846525130327791,0.8712999988347292,681292,2783156,0.0,float32,,,,,,,Windows-11-10.0.26200-SP0,3.12.9,2.5.1,16,8,63.2,AMD Ryzen 7 7800X3D 8-Core Processor,NVIDIA GeForce RTX 4080 SUPER,gpu,8.9,11.8,16.0,nvidia_geforce_rtx_4080_super_gpu,1164.076645341361,5820.383226706805,17461.149680120416,0.8590499637648463,0.846525130327791,0.8712999988347292
LARA,100,15,32.0,1,encoder,flushed,0.04695000097854062,0.04652031566365622,0.04747030834550969,681292,2783156,0.0,float32,,,,,,,Windows-11-10.0.26200-SP0,3.12.9,2.5.1,16,8,63.2,AMD Ryzen 7 7800X3D 8-Core Processor,NVIDIA GeForce RTX 4080 SUPER,gpu,8.9,11.8,16.0,nvidia_geforce_rtx_4080_super_gpu,21299.254082168576,106496.27041084287,319488.81123252865,1.5024000313133,1.488650101236999,1.5190498670563102
LARA,100,15,32.0,1,decoder,flushed,0.026950001483783126,0.02660624886630103,0.027324997063260525,681292,2783156,0.0,float32,,,,,,,Windows-11-10.0.26200-SP0,3.12.9,2.5.1,16,8,63.2,AMD Ryzen 7 7800X3D 8-Core Processor,NVIDIA GeForce RTX 4080 SUPER,gpu,8.9,11.8,16.0,nvidia_geforce_rtx_4080_super_gpu,37105.7493485386,185528.74674269298,556586.240228079,0.86240004748106,0.851399963721633,0.8743999060243368
LARA,100,15,32.0,1,memory,,,,,681292,2783156,0.0,float32,45489152.0,,,,,,Windows-11-10.0.26200-SP0,3.12.9,2.5.1,16,8,63.2,AMD Ryzen 7 7800X3D 8-Core Processor,NVIDIA GeForce RTX 4080 SUPER,gpu,8.9,11.8,16.0,nvidia_geforce_rtx_4080_super_gpu,,,,,,
LARA,100,15,,1,quantize,,0.009800074622035,0.0096999574452638,0.0098999589681625,681292,2783156,,float32,,calibrated,96.0,5.0,,,Windows-11-10.0.26200-SP0,3.12.9,2.5.1,16,8,63.2,AMD Ryzen 7 7800X3D 8-Core Processor,NVIDIA GeForce RTX 4080 SUPER,gpu,8.9,11.8,16.0,nvidia_geforce_rtx_4080_super_gpu,102040.03934332782,510200.1967166391,1530600.5901499174,0.009800074622035,0.0096999574452638,0.0098999589681625
LARA,100,15,,1,entropy_encode,,0.0613001175224781,0.0610998831689357,0.0618000049144029,681292,2783156,,float32,,calibrated,96.0,5.0,,,Windows-11-10.0.26200-SP0,3.12.9,2.5.1,16,8,63.2,AMD Ryzen 7 7800X3D 8-Core Processor,NVIDIA GeForce RTX 4080 SUPER,gpu,8.9,11.8,16.0,nvidia_geforce_rtx_4080_super_gpu,16313.182427966973,81565.91213983487,244697.7364195046,0.0613001175224781,0.0610998831689357,0.0618000049144029
LARA,100,15,,1,entropy_roundtrip,,0.1195999793708324,0.1183999702334404,0.1207999885082244,681292,2783156,,float32,,calibrated,96.0,5.0,,,Windows-11-10.0.26200-SP0,3.12.9,2.5.1,16,8,63.2,AMD Ryzen 7 7800X3D 8-Core Processor,NVIDIA GeForce RTX 4080 SUPER,gpu,8.9,11.8,16.0,nvidia_geforce_rtx_4080_super_gpu,8361.205455557765,41806.027277788824,125418.08183336646,0.1195999793708324,0.1183999702334404,0.1207999885082244
LARA,100,15,,1,dequantize,,0.0046000350266695,0.0045001506805419,0.0046000350266695,681292,2783156,,float32,,calibrated,96.0,5.0,,,Windows-11-10.0.26200-SP0,3.12.9,2.5.1,16,8,63.2,AMD Ryzen 7 7800X3D 8-Core Processor,NVIDIA GeForce RTX 4080 SUPER,gpu,8.9,11.8,16.0,nvidia_geforce_rtx_4080_super_gpu,217389.6490357849,1086948.2451789244,3260844.7355367737,0.0046000350266695,0.0045001506805419,0.0046000350266695
GeneralizedAutoencoder,2,750,1.0,1,encoder,as_deployed,0.2049000468105077,0.2031999174505472,0.2085000742226839,18022319,72094386,0.0,float32,,,,,,,Windows-11-10.0.26200-SP0,3.12.9,2.5.1,16,8,63.2,AMD Ryzen 7 7800X3D 8-Core Processor,NVIDIA GeForce RTX 4080 SUPER,gpu,8.9,11.8,16.0,nvidia_geforce_rtx_4080_super_gpu,4880.428362833922,24402.14181416961,73206.42544250883,0.2049000468105077,0.2031999174505472,0.2085000742226839
GeneralizedAutoencoder,2,750,1.0,1,decoder,as_deployed,0.1941000809893012,0.1884999219328165,0.2005000133067369,18022319,72094386,0.0,float32,,,,,,,Windows-11-10.0.26200-SP0,3.12.9,2.5.1,16,8,63.2,AMD Ryzen 7 7800X3D 8-Core Processor,NVIDIA GeForce RTX 4080 SUPER,gpu,8.9,11.8,16.0,nvidia_geforce_rtx_4080_super_gpu,5151.981363959967,25759.906819799835,77279.7204593995,0.1941000809893012,0.1884999219328165,0.2005000133067369
GeneralizedAutoencoder,2,750,32.0,1,encoder,as_deployed,0.0067093787947669625,0.00660937075736001,0.006828122423030434,18022319,72094386,0.0,float32,,,,,,,Windows-11-10.0.26200-SP0,3.12.9,2.5.1,16,8,63.2,AMD Ryzen 7 7800X3D 8-Core Processor,NVIDIA GeForce RTX 4080 SUPER,gpu,8.9,11.8,16.0,nvidia_geforce_rtx_4080_super_gpu,149045.09502130936,745225.4751065468,2235676.4253196404,0.2147001214325428,0.2114998642355203,0.2184999175369739
GeneralizedAutoencoder,2,750,32.0,1,decoder,as_deployed,0.005878122465219347,0.005765628884546456,0.00606874527875334,18022319,72094386,0.0,float32,,,,,,,Windows-11-10.0.26200-SP0,3.12.9,2.5.1,16,8,63.2,AMD Ryzen 7 7800X3D 8-Core Processor,NVIDIA GeForce RTX 4080 SUPER,gpu,8.9,11.8,16.0,nvidia_geforce_rtx_4080_super_gpu,170122.34874604372,850611.7437302185,2551835.231190656,0.1880999188870191,0.1845001243054866,0.1941998489201069
GeneralizedAutoencoder,2,750,1.0,1,encoder,flushed,0.2039999235421419,0.2019000239670276,0.2096001990139484,18022319,72094386,0.0,float32,,,,,,,Windows-11-10.0.26200-SP0,3.12.9,2.5.1,16,8,63.2,AMD Ryzen 7 7800X3D 8-Core Processor,NVIDIA GeForce RTX 4080 SUPER,gpu,8.9,11.8,16.0,nvidia_geforce_rtx_4080_super_gpu,4901.962621537072,24509.813107685357,73529.43932305607,0.2039999235421419,0.2019000239670276,0.2096001990139484
GeneralizedAutoencoder,2,750,1.0,1,decoder,flushed,0.1985998824238777,0.1946000847965479,0.2038998063653707,18022319,72094386,0.0,float32,,,,,,,Windows-11-10.0.26200-SP0,3.12.9,2.5.1,16,8,63.2,AMD Ryzen 7 7800X3D 8-Core Processor,NVIDIA GeForce RTX 4080 SUPER,gpu,8.9,11.8,16.0,nvidia_geforce_rtx_4080_super_gpu,5035.249708082253,25176.248540411263,75528.7456212338,0.1985998824238777,0.1946000847965479,0.2038998063653707
GeneralizedAutoencoder,2,750,32.0,1,encoder,flushed,0.00658437784295529,0.006531248800456522,0.006759371899534016,18022319,72094386,0.0,float32,,,,,,,Windows-11-10.0.26200-SP0,3.12.9,2.5.1,16,8,63.2,AMD Ryzen 7 7800X3D 8-Core Processor,NVIDIA GeForce RTX 4080 SUPER,gpu,8.9,11.8,16.0,nvidia_geforce_rtx_4080_super_gpu,151874.6377943533,759373.1889717665,2278119.5669152993,0.2107000909745693,0.2089999616146087,0.2162999007850885
GeneralizedAutoencoder,2,750,32.0,1,decoder,flushed,0.005881251126993447,0.005743750080000609,0.006062495231162757,18022319,72094386,0.0,float32,,,,,,,Windows-11-10.0.26200-SP0,3.12.9,2.5.1,16,8,63.2,AMD Ryzen 7 7800X3D 8-Core Processor,NVIDIA GeForce RTX 4080 SUPER,gpu,8.9,11.8,16.0,nvidia_geforce_rtx_4080_super_gpu,170031.8483953617,850159.2419768085,2550477.725930426,0.1882000360637903,0.1838000025600195,0.1939998473972082
GeneralizedAutoencoder,2,750,32.0,1,memory,,,,,18022319,72094386,0.0,float32,87776768.0,,,,,,Windows-11-10.0.26200-SP0,3.12.9,2.5.1,16,8,63.2,AMD Ryzen 7 7800X3D 8-Core Processor,NVIDIA GeForce RTX 4080 SUPER,gpu,8.9,11.8,16.0,nvidia_geforce_rtx_4080_super_gpu,,,,,,
GeneralizedAutoencoder,2,750,,1,quantize,,0.0629001297056675,0.0624000094830989,0.0637001357972621,18022319,72094386,,float32,,calibrated,3619.2,5.0,,,Windows-11-10.0.26200-SP0,3.12.9,2.5.1,16,8,63.2,AMD Ryzen 7 7800X3D 8-Core Processor,NVIDIA GeForce RTX 4080 SUPER,gpu,8.9,11.8,16.0,nvidia_geforce_rtx_4080_super_gpu,15898.218408759449,79491.09204379724,238473.27613139173,0.0629001297056675,0.0624000094830989,0.0637001357972621
GeneralizedAutoencoder,2,750,,1,entropy_encode,,3.336800029501319,3.3237499883398414,3.3579999580979347,18022319,72094386,,float32,,calibrated,3619.2,5.0,,,Windows-11-10.0.26200-SP0,3.12.9,2.5.1,16,8,63.2,AMD Ryzen 7 7800X3D 8-Core Processor,NVIDIA GeForce RTX 4080 SUPER,gpu,8.9,11.8,16.0,nvidia_geforce_rtx_4080_super_gpu,299.68832149328676,1498.4416074664337,4495.324822399301,3.336800029501319,3.3237499883398414,3.3579999580979347
GeneralizedAutoencoder,2,750,,1,entropy_roundtrip,,6.687099812552333,6.66150008328259,6.705600069835782,18022319,72094386,,float32,,calibrated,3619.2,5.0,,,Windows-11-10.0.26200-SP0,3.12.9,2.5.1,16,8,63.2,AMD Ryzen 7 7800X3D 8-Core Processor,NVIDIA GeForce RTX 4080 SUPER,gpu,8.9,11.8,16.0,nvidia_geforce_rtx_4080_super_gpu,149.54165901978962,747.708295098948,2243.1248852968442,6.687099812552333,6.66150008328259,6.705600069835782
GeneralizedAutoencoder,2,750,,1,dequantize,,0.0054000411182641,0.0053001567721366,0.0054000411182641,18022319,72094386,,float32,,calibrated,3619.2,5.0,,,Windows-11-10.0.26200-SP0,3.12.9,2.5.1,16,8,63.2,AMD Ryzen 7 7800X3D 8-Core Processor,NVIDIA GeForce RTX 4080 SUPER,gpu,8.9,11.8,16.0,nvidia_geforce_rtx_4080_super_gpu,185183.77510456077,925918.8755228039,2777756.6265684115,0.0054000411182641,0.0053001567721366,0.0054000411182641
GeneralizedAutoencoder,3,500,1.0,1,encoder,as_deployed,0.1868999097496271,0.18550013191998,0.1894000452011823,12022069,48093362,0.0,float32,,,,,,,Windows-11-10.0.26200-SP0,3.12.9,2.5.1,16,8,63.2,AMD Ryzen 7 7800X3D 8-Core Processor,NVIDIA GeForce RTX 4080 SUPER,gpu,8.9,11.8,16.0,nvidia_geforce_rtx_4080_super_gpu,5350.45737228878,26752.2868614439,80256.8605843317,0.1868999097496271,0.18550013191998,0.1894000452011823
GeneralizedAutoencoder,3,500,1.0,1,decoder,as_deployed,0.1945002004504203,0.1914000604301691,0.197799876332283,12022069,48093362,0.0,float32,,,,,,,Windows-11-10.0.26200-SP0,3.12.9,2.5.1,16,8,63.2,AMD Ryzen 7 7800X3D 8-Core Processor,NVIDIA GeForce RTX 4080 SUPER,gpu,8.9,11.8,16.0,nvidia_geforce_rtx_4080_super_gpu,5141.382876131834,25706.914380659167,77120.7431419775,0.1945002004504203,0.1914000604301691,0.197799876332283
GeneralizedAutoencoder,3,500,32.0,1,encoder,as_deployed,0.005912501364946365,0.005837500793859363,0.00599375198362395,12022069,48093362,0.0,float32,,,,,,,Windows-11-10.0.26200-SP0,3.12.9,2.5.1,16,8,63.2,AMD Ryzen 7 7800X3D 8-Core Processor,NVIDIA GeForce RTX 4080 SUPER,gpu,8.9,11.8,16.0,nvidia_geforce_rtx_4080_super_gpu,169133.15334330944,845665.7667165472,2536997.3001496415,0.1892000436782837,0.1868000254034996,0.1918000634759664
GeneralizedAutoencoder,3,500,32.0,1,decoder,as_deployed,0.0060531237977556876,0.005937496098340487,0.006246875273063778,12022069,48093362,0.0,float32,,,,,,,Windows-11-10.0.26200-SP0,3.12.9,2.5.1,16,8,63.2,AMD Ryzen 7 7800X3D 8-Core Processor,NVIDIA GeForce RTX 4080 SUPER,gpu,8.9,11.8,16.0,nvidia_geforce_rtx_4080_super_gpu,165203.95640524803,826019.7820262401,2478059.3460787204,0.193699961528182,0.1899998751468956,0.1999000087380409
GeneralizedAutoencoder,3,500,1.0,1,encoder,flushed,0.1659002155065536,0.1648000907152891,0.1689000055193901,12022069,48093362,0.0,float32,,,,,,,Windows-11-10.0.26200-SP0,3.12.9,2.5.1,16,8,63.2,AMD Ryzen 7 7800X3D 8-Core Processor,NVIDIA GeForce RTX 4080 SUPER,gpu,8.9,11.8,16.0,nvidia_geforce_rtx_4080_super_gpu,6027.719716617829,30138.598583089144,90415.79574926743,0.1659002155065536,0.1648000907152891,0.1689000055193901
GeneralizedAutoencoder,3,500,1.0,1,decoder,flushed,0.1990001183003187,0.1963998656719923,0.2015000209212303,12022069,48093362,0.0,float32,,,,,,,Windows-11-10.0.26200-SP0,3.12.9,2.5.1,16,8,63.2,AMD Ryzen 7 7800X3D 8-Core Processor,NVIDIA GeForce RTX 4080 SUPER,gpu,8.9,11.8,16.0,nvidia_geforce_rtx_4080_super_gpu,5025.122640836132,25125.613204180656,75376.83961254197,0.1990001183003187,0.1963998656719923,0.2015000209212303
GeneralizedAutoencoder,3,500,32.0,1,encoder,flushed,0.005734378646593541,0.005693749699275941,0.005818750651087609,12022069,48093362,0.0,float32,,,,,,,Windows-11-10.0.26200-SP0,3.12.9,2.5.1,16,8,63.2,AMD Ryzen 7 7800X3D 8-Core Processor,NVIDIA GeForce RTX 4080 SUPER,gpu,8.9,11.8,16.0,nvidia_geforce_rtx_4080_super_gpu,174386.81008517664,871934.0504258831,2615802.151277649,0.1835001166909933,0.1821999903768301,0.1862000208348035
GeneralizedAutoencoder,3,500,32.0,1,decoder,flushed,0.006124995707068591,0.0059718731790781,0.006318747182376681,12022069,48093362,0.0,float32,,,,,,,Windows-11-10.0.26200-SP0,3.12.9,2.5.1,16,8,63.2,AMD Ryzen 7 7800X3D 8-Core Processor,NVIDIA GeForce RTX 4080 SUPER,gpu,8.9,11.8,16.0,nvidia_geforce_rtx_4080_super_gpu,163265.42055302073,816327.1027651036,2448981.308295311,0.1959998626261949,0.1910999417304992,0.2021999098360538
GeneralizedAutoencoder,3,500,32.0,1,memory,,,,,12022069,48093362,0.0,float32,63285760.0,,,,,,Windows-11-10.0.26200-SP0,3.12.9,2.5.1,16,8,63.2,AMD Ryzen 7 7800X3D 8-Core Processor,NVIDIA GeForce RTX 4080 SUPER,gpu,8.9,11.8,16.0,nvidia_geforce_rtx_4080_super_gpu,,,,,,
GeneralizedAutoencoder,3,500,,1,quantize,,0.0436000991612672,0.0432999804615974,0.0438999850302934,12022069,48093362,,float32,,calibrated,2429.44,5.0,,,Windows-11-10.0.26200-SP0,3.12.9,2.5.1,16,8,63.2,AMD Ryzen 7 7800X3D 8-Core Processor,NVIDIA GeForce RTX 4080 SUPER,gpu,8.9,11.8,16.0,nvidia_geforce_rtx_4080_super_gpu,22935.727652848207,114678.63826424103,344035.91479272314,0.0436000991612672,0.0432999804615974,0.0438999850302934
GeneralizedAutoencoder,3,500,,1,entropy_encode,,2.1958000725135207,2.180524985305965,2.2112999577075243,12022069,48093362,,float32,,calibrated,2429.44,5.0,,,Windows-11-10.0.26200-SP0,3.12.9,2.5.1,16,8,63.2,AMD Ryzen 7 7800X3D 8-Core Processor,NVIDIA GeForce RTX 4080 SUPER,gpu,8.9,11.8,16.0,nvidia_geforce_rtx_4080_super_gpu,455.41486791887445,2277.0743395943723,6831.2230187831165,2.1958000725135207,2.180524985305965,2.2112999577075243
GeneralizedAutoencoder,3,500,,1,entropy_roundtrip,,4.390900023281574,4.366900073364377,4.408200038596988,12022069,48093362,,float32,,calibrated,2429.44,5.0,,,Windows-11-10.0.26200-SP0,3.12.9,2.5.1,16,8,63.2,AMD Ryzen 7 7800X3D 8-Core Processor,NVIDIA GeForce RTX 4080 SUPER,gpu,8.9,11.8,16.0,nvidia_geforce_rtx_4080_super_gpu,227.74374153311786,1138.7187076655891,3416.156122996768,4.390900023281574,4.366900073364377,4.408200038596988
GeneralizedAutoencoder,3,500,,1,dequantize,,0.0050999224185943,0.0050000380724668,0.005100155249238,12022069,48093362,,float32,,calibrated,2429.44,5.0,,,Windows-11-10.0.26200-SP0,3.12.9,2.5.1,16,8,63.2,AMD Ryzen 7 7800X3D 8-Core Processor,NVIDIA GeForce RTX 4080 SUPER,gpu,8.9,11.8,16.0,nvidia_geforce_rtx_4080_super_gpu,196081.41417093002,980407.07085465,2941221.21256395,0.0050999224185943,0.0050000380724668,0.005100155249238
GeneralizedAutoencoder,5,300,1.0,1,encoder,as_deployed,0.1735000405460596,0.1712001394480466,0.1766998320817947,7221869,28892594,0.0,float32,,,,,,,Windows-11-10.0.26200-SP0,3.12.9,2.5.1,16,8,63.2,AMD Ryzen 7 7800X3D 8-Core Processor,NVIDIA GeForce RTX 4080 SUPER,gpu,8.9,11.8,16.0,nvidia_geforce_rtx_4080_super_gpu,5763.687413862746,28818.43706931373,86455.3112079412,0.1735000405460596,0.1712001394480466,0.1766998320817947
GeneralizedAutoencoder,5,300,1.0,1,decoder,as_deployed,0.1952000893652439,0.1882999204099178,0.2083999570459127,7221869,28892594,0.0,float32,,,,,,,Windows-11-10.0.26200-SP0,3.12.9,2.5.1,16,8,63.2,AMD Ryzen 7 7800X3D 8-Core Processor,NVIDIA GeForce RTX 4080 SUPER,gpu,8.9,11.8,16.0,nvidia_geforce_rtx_4080_super_gpu,5122.948474315881,25614.742371579403,76844.22711473823,0.1952000893652439,0.1882999204099178,0.2083999570459127
GeneralizedAutoencoder,5,300,32.0,1,encoder,as_deployed,0.0057281213230453406,0.005643749318551272,0.005828122084494678,7221869,28892594,0.0,float32,,,,,,,Windows-11-10.0.26200-SP0,3.12.9,2.5.1,16,8,63.2,AMD Ryzen 7 7800X3D 8-Core Processor,NVIDIA GeForce RTX 4080 SUPER,gpu,8.9,11.8,16.0,nvidia_geforce_rtx_4080_super_gpu,174577.3079171362,872886.5395856809,2618659.618757043,0.1832998823374509,0.1805999781936407,0.1864999067038297
GeneralizedAutoencoder,5,300,32.0,1,decoder,as_deployed,0.005921872798353431,0.005812500603497028,0.006065629349905065,7221869,28892594,0.0,float32,,,,,,,Windows-11-10.0.26200-SP0,3.12.9,2.5.1,16,8,63.2,AMD Ryzen 7 7800X3D 8-Core Processor,NVIDIA GeForce RTX 4080 SUPER,gpu,8.9,11.8,16.0,nvidia_geforce_rtx_4080_super_gpu,168865.49813735424,844327.4906867711,2532982.4720603134,0.1894999295473098,0.1860000193119049,0.1941001391969621
GeneralizedAutoencoder,5,300,1.0,1,encoder,flushed,0.1606000587344169,0.1588999293744564,0.1646999735385179,7221869,28892594,0.0,float32,,,,,,,Windows-11-10.0.26200-SP0,3.12.9,2.5.1,16,8,63.2,AMD Ryzen 7 7800X3D 8-Core Processor,NVIDIA GeForce RTX 4080 SUPER,gpu,8.9,11.8,16.0,nvidia_geforce_rtx_4080_super_gpu,6226.647785065212,31133.23892532606,93399.71677597819,0.1606000587344169,0.1588999293744564,0.1646999735385179
GeneralizedAutoencoder,5,300,1.0,1,decoder,flushed,0.1990001183003187,0.1939998473972082,0.2016001380980014,7221869,28892594,0.0,float32,,,,,,,Windows-11-10.0.26200-SP0,3.12.9,2.5.1,16,8,63.2,AMD Ryzen 7 7800X3D 8-Core Processor,NVIDIA GeForce RTX 4080 SUPER,gpu,8.9,11.8,16.0,nvidia_geforce_rtx_4080_super_gpu,5025.122640836132,25125.613204180656,75376.83961254197,0.1990001183003187,0.1939998473972082,0.2016001380980014
GeneralizedAutoencoder,5,300,32.0,1,encoder,flushed,0.005565627361647785,0.005531248461920765,0.005634370609186587,7221869,28892594,0.0,float32,,,,,,,Windows-11-10.0.26200-SP0,3.12.9,2.5.1,16,8,63.2,AMD Ryzen 7 7800X3D 8-Core Processor,NVIDIA GeForce RTX 4080 SUPER,gpu,8.9,11.8,16.0,nvidia_geforce_rtx_4080_super_gpu,179674.26401754923,898371.3200877461,2695113.9602632383,0.1781000755727291,0.1769999507814645,0.1802998594939708
GeneralizedAutoencoder,5,300,32.0,1,decoder,flushed,0.005881251126993447,0.005803121894132344,0.006014843165758066,7221869,28892594,0.0,float32,,,,,,,Windows-11-10.0.26200-SP0,3.12.9,2.5.1,16,8,63.2,AMD Ryzen 7 7800X3D 8-Core Processor,NVIDIA GeForce RTX 4080 SUPER,gpu,8.9,11.8,16.0,nvidia_geforce_rtx_4080_super_gpu,170031.8483953617,850159.2419768085,2550477.725930426,0.1882000360637903,0.185699900612235,0.1924749813042581
GeneralizedAutoencoder,5,300,32.0,1,memory,,,,,7221869,28892594,0.0,float32,44594176.0,,,,,,Windows-11-10.0.26200-SP0,3.12.9,2.5.1,16,8,63.2,AMD Ryzen 7 7800X3D 8-Core Processor,NVIDIA GeForce RTX 4080 SUPER,gpu,8.9,11.8,16.0,nvidia_geforce_rtx_4080_super_gpu,,,,,,
GeneralizedAutoencoder,5,300,,1,quantize,,0.0295500503852963,0.0292998738586902,0.0297999940812587,7221869,28892594,,float32,,calibrated,1482.24,5.0,,,Windows-11-10.0.26200-SP0,3.12.9,2.5.1,16,8,63.2,AMD Ryzen 7 7800X3D 8-Core Processor,NVIDIA GeForce RTX 4080 SUPER,gpu,8.9,11.8,16.0,nvidia_geforce_rtx_4080_super_gpu,33840.889844898076,169204.44922449038,507613.34767347114,0.0295500503852963,0.0292998738586902,0.0297999940812587
GeneralizedAutoencoder,5,300,,1,entropy_encode,,1.25585007481277,1.243949925992638,1.2616500025615096,7221869,28892594,,float32,,calibrated,1482.24,5.0,,,Windows-11-10.0.26200-SP0,3.12.9,2.5.1,16,8,63.2,AMD Ryzen 7 7800X3D 8-Core Processor,NVIDIA GeForce RTX 4080 SUPER,gpu,8.9,11.8,16.0,nvidia_geforce_rtx_4080_super_gpu,796.2733928642608,3981.366964321304,11944.100892963912,1.25585007481277,1.243949925992638,1.2616500025615096
GeneralizedAutoencoder,5,300,,1,entropy_roundtrip,,2.511350088752806,2.5014999555423856,2.524975105188787,7221869,28892594,,float32,,calibrated,1482.24,5.0,,,Windows-11-10.0.26200-SP0,3.12.9,2.5.1,16,8,63.2,AMD Ryzen 7 7800X3D 8-Core Processor,NVIDIA GeForce RTX 4080 SUPER,gpu,8.9,11.8,16.0,nvidia_geforce_rtx_4080_super_gpu,398.1921933061204,1990.9609665306018,5972.882899591806,2.511350088752806,2.5014999555423856,2.524975105188787
GeneralizedAutoencoder,5,300,,1,dequantize,,0.0050000380724668,0.0049998052418231,0.0050999224185943,7221869,28892594,,float32,,calibrated,1482.24,5.0,,,Windows-11-10.0.26200-SP0,3.12.9,2.5.1,16,8,63.2,AMD Ryzen 7 7800X3D 8-Core Processor,NVIDIA GeForce RTX 4080 SUPER,gpu,8.9,11.8,16.0,nvidia_geforce_rtx_4080_super_gpu,199998.477112924,999992.38556462,2999977.1566938604,0.0050000380724668,0.0049998052418231,0.0050999224185943
GeneralizedAutoencoder,10,150,1.0,1,encoder,as_deployed,0.1534000039100647,0.1521001104265451,0.1562000252306461,3621719,14491970,0.0,float32,,,,,,,Windows-11-10.0.26200-SP0,3.12.9,2.5.1,16,8,63.2,AMD Ryzen 7 7800X3D 8-Core Processor,NVIDIA GeForce RTX 4080 SUPER,gpu,8.9,11.8,16.0,nvidia_geforce_rtx_4080_super_gpu,6518.904657826995,32594.523289134977,97783.56986740492,0.1534000039100647,0.1521001104265451,0.1562000252306461
GeneralizedAutoencoder,10,150,1.0,1,decoder,as_deployed,0.1872000284492969,0.1854000147432088,0.1895998138934373,3621719,14491970,0.0,float32,,,,,,,Windows-11-10.0.26200-SP0,3.12.9,2.5.1,16,8,63.2,AMD Ryzen 7 7800X3D 8-Core Processor,NVIDIA GeForce RTX 4080 SUPER,gpu,8.9,11.8,16.0,nvidia_geforce_rtx_4080_super_gpu,5341.879530060274,26709.39765030137,80128.19295090411,0.1872000284492969,0.1854000147432088,0.1895998138934373
GeneralizedAutoencoder,10,150,32.0,1,encoder,as_deployed,0.005593748937826603,0.0055406198953278345,0.005681249604094772,3621719,14491970,0.0,float32,,,,,,,Windows-11-10.0.26200-SP0,3.12.9,2.5.1,16,8,63.2,AMD Ryzen 7 7800X3D 8-Core Processor,NVIDIA GeForce RTX 4080 SUPER,gpu,8.9,11.8,16.0,nvidia_geforce_rtx_4080_super_gpu,178770.98366673215,893854.9183336607,2681564.7550009824,0.1789999660104513,0.1772998366504907,0.1817999873310327
GeneralizedAutoencoder,10,150,32.0,1,decoder,as_deployed,0.006031252269167453,0.005875001079402862,0.006215625035110859,3621719,14491970,0.0,float32,,,,,,,Windows-11-10.0.26200-SP0,3.12.9,2.5.1,16,8,63.2,AMD Ryzen 7 7800X3D 8-Core Processor,NVIDIA GeForce RTX 4080 SUPER,gpu,8.9,11.8,16.0,nvidia_geforce_rtx_4080_super_gpu,165803.04642737797,829015.2321368898,2487045.6964106695,0.1930000726133585,0.1880000345408916,0.1989000011235475
GeneralizedAutoencoder,10,150,1.0,1,encoder,flushed,0.1542998943477869,0.1522998791188001,0.1581998076289892,3621719,14491970,0.0,float32,,,,,,,Windows-11-10.0.26200-SP0,3.12.9,2.5.1,16,8,63.2,AMD Ryzen 7 7800X3D 8-Core Processor,NVIDIA GeForce RTX 4080 SUPER,gpu,8.9,11.8,16.0,nvidia_geforce_rtx_4080_super_gpu,6480.885837459051,32404.429187295253,97213.28756188577,0.1542998943477869,0.1522998791188001,0.1581998076289892
GeneralizedAutoencoder,10,150,1.0,1,decoder,flushed,0.1943998504430055,0.191100116353482,0.1972999889403581,3621719,14491970,0.0,float32,,,,,,,Windows-11-10.0.26200-SP0,3.12.9,2.5.1,16,8,63.2,AMD Ryzen 7 7800X3D 8-Core Processor,NVIDIA GeForce RTX 4080 SUPER,gpu,8.9,11.8,16.0,nvidia_geforce_rtx_4080_super_gpu,5144.036879252548,25720.18439626274,77160.55318878821,0.1943998504430055,0.191100116353482,0.1972999889403581
GeneralizedAutoencoder,10,150,32.0,1,encoder,flushed,0.005415626219473778,0.0053531184676103285,0.005509373295353725,3621719,14491970,0.0,float32,,,,,,,Windows-11-10.0.26200-SP0,3.12.9,2.5.1,16,8,63.2,AMD Ryzen 7 7800X3D 8-Core Processor,NVIDIA GeForce RTX 4080 SUPER,gpu,8.9,11.8,16.0,nvidia_geforce_rtx_4080_super_gpu,184650.85282365873,923254.2641182936,2769762.792354881,0.1733000390231609,0.1712997909635305,0.1762999454513192
GeneralizedAutoencoder,10,150,32.0,1,decoder,flushed,0.005921872798353431,0.005775000317953525,0.006056252459529787,3621719,14491970,0.0,float32,,,,,,,Windows-11-10.0.26200-SP0,3.12.9,2.5.1,16,8,63.2,AMD Ryzen 7 7800X3D 8-Core Processor,NVIDIA GeForce RTX 4080 SUPER,gpu,8.9,11.8,16.0,nvidia_geforce_rtx_4080_super_gpu,168865.49813735424,844327.4906867711,2532982.4720603134,0.1894999295473098,0.1848000101745128,0.1938000787049532
GeneralizedAutoencoder,10,150,32.0,1,memory,,,,,3621719,14491970,0.0,float32,29596160.0,,,,,,Windows-11-10.0.26200-SP0,3.12.9,2.5.1,16,8,63.2,AMD Ryzen 7 7800X3D 8-Core Processor,NVIDIA GeForce RTX 4080 SUPER,gpu,8.9,11.8,16.0,nvidia_geforce_rtx_4080_super_gpu,,,,,,
GeneralizedAutoencoder,10,150,,1,quantize,,0.019199913367629,0.019000144675374,0.0193999148905277,3621719,14491970,,float32,,calibrated,755.84,5.0,,,Windows-11-10.0.26200-SP0,3.12.9,2.5.1,16,8,63.2,AMD Ryzen 7 7800X3D 8-Core Processor,NVIDIA GeForce RTX 4080 SUPER,gpu,8.9,11.8,16.0,nvidia_geforce_rtx_4080_super_gpu,52083.56833974039,260417.84169870196,781253.5250961059,0.019199913367629,0.019000144675374,0.0193999148905277
GeneralizedAutoencoder,10,150,,1,entropy_encode,,0.6316998042166233,0.6271000020205975,0.6355000659823418,3621719,14491970,,float32,,calibrated,755.84,5.0,,,Windows-11-10.0.26200-SP0,3.12.9,2.5.1,16,8,63.2,AMD Ryzen 7 7800X3D 8-Core Processor,NVIDIA GeForce RTX 4080 SUPER,gpu,8.9,11.8,16.0,nvidia_geforce_rtx_4080_super_gpu,1583.030409895582,7915.152049477909,23745.45614843373,0.6316998042166233,0.6271000020205975,0.6355000659823418
GeneralizedAutoencoder,10,150,,1,entropy_roundtrip,,1.2630498968064785,1.2583000352606175,1.271474931854755,3621719,14491970,,float32,,calibrated,755.84,5.0,,,Windows-11-10.0.26200-SP0,3.12.9,2.5.1,16,8,63.2,AMD Ryzen 7 7800X3D 8-Core Processor,NVIDIA GeForce RTX 4080 SUPER,gpu,8.9,11.8,16.0,nvidia_geforce_rtx_4080_super_gpu,791.7343586571051,3958.6717932855254,11876.015379856575,1.2630498968064785,1.2583000352606175,1.271474931854755
GeneralizedAutoencoder,10,150,,1,dequantize,,0.0048999208956956,0.0048000365495681,0.0048999208956956,3621719,14491970,,float32,,calibrated,755.84,5.0,,,Windows-11-10.0.26200-SP0,3.12.9,2.5.1,16,8,63.2,AMD Ryzen 7 7800X3D 8-Core Processor,NVIDIA GeForce RTX 4080 SUPER,gpu,8.9,11.8,16.0,nvidia_geforce_rtx_4080_super_gpu,204084.9273461666,1020424.636730833,3061273.910192499,0.0048999208956956,0.0048000365495681,0.0048999208956956
GeneralizedAutoencoder,15,100,1.0,1,encoder,as_deployed,0.1526998821645975,0.1513999886810779,0.1554999034851789,2421669,9691778,0.0,float32,,,,,,,Windows-11-10.0.26200-SP0,3.12.9,2.5.1,16,8,63.2,AMD Ryzen 7 7800X3D 8-Core Processor,NVIDIA GeForce RTX 4080 SUPER,gpu,8.9,11.8,16.0,nvidia_geforce_rtx_4080_super_gpu,6548.7935276995495,32743.967638497747,98231.90291549324,0.1526998821645975,0.1513999886810779,0.1554999034851789
GeneralizedAutoencoder,15,100,1.0,1,decoder,as_deployed,0.1864000223577022,0.1834998838603496,0.190800055861473,2421669,9691778,0.0,float32,,,,,,,Windows-11-10.0.26200-SP0,3.12.9,2.5.1,16,8,63.2,AMD Ryzen 7 7800X3D 8-Core Processor,NVIDIA GeForce RTX 4080 SUPER,gpu,8.9,11.8,16.0,nvidia_geforce_rtx_4080_super_gpu,5364.806223472426,26824.031117362127,80472.09335208638,0.1864000223577022,0.1834998838603496,0.190800055861473
GeneralizedAutoencoder,15,100,32.0,1,encoder,as_deployed,0.005525005690287797,0.005484369467012584,0.005599998985417187,2421669,9691778,0.0,float32,,,,,,,Windows-11-10.0.26200-SP0,3.12.9,2.5.1,16,8,63.2,AMD Ryzen 7 7800X3D 8-Core Processor,NVIDIA GeForce RTX 4080 SUPER,gpu,8.9,11.8,16.0,nvidia_geforce_rtx_4080_super_gpu,180995.28870311627,904976.4435155813,2714929.330546744,0.1768001820892095,0.1754998229444027,0.17919996753335
GeneralizedAutoencoder,15,100,32.0,1,decoder,as_deployed,0.005931251507718116,0.005759378836955875,0.0060812526498921216,2421669,9691778,0.0,float32,,,,,,,Windows-11-10.0.26200-SP0,3.12.9,2.5.1,16,8,63.2,AMD Ryzen 7 7800X3D 8-Core Processor,NVIDIA GeForce RTX 4080 SUPER,gpu,8.9,11.8,16.0,nvidia_geforce_rtx_4080_super_gpu,168598.48190533437,842992.4095266717,2528977.2285800157,0.1898000482469797,0.184300122782588,0.1946000847965479
GeneralizedAutoencoder,15,100,1.0,1,encoder,flushed,0.1525001134723425,0.1513001043349504,0.1548000145703554,2421669,9691778,0.0,float32,,,,,,,Windows-11-10.0.26200-SP0,3.12.9,2.5.1,16,8,63.2,AMD Ryzen 7 7800X3D 8-Core Processor,NVIDIA GeForce RTX 4080 SUPER,gpu,8.9,11.8,16.0,nvidia_geforce_rtx_4080_super_gpu,6557.372169964717,32786.860849823584,98360.58254947075,0.1525001134723425,0.1513001043349504,0.1548000145703554
GeneralizedAutoencoder,15,100,1.0,1,decoder,flushed,0.1894999295473098,0.1864999067038297,0.1924999523907899,2421669,9691778,0.0,float32,,,,,,,Windows-11-10.0.26200-SP0,3.12.9,2.5.1,16,8,63.2,AMD Ryzen 7 7800X3D 8-Core Processor,NVIDIA GeForce RTX 4080 SUPER,gpu,8.9,11.8,16.0,nvidia_geforce_rtx_4080_super_gpu,5277.04681679232,26385.234083961597,79155.7022518848,0.1894999295473098,0.1864999067038297,0.1924999523907899
GeneralizedAutoencoder,15,100,32.0,1,encoder,flushed,0.005346875695977359,0.005303125362843275,0.005424997652880847,2421669,9691778,0.0,float32,,,,,,,Windows-11-10.0.26200-SP0,3.12.9,2.5.1,16,8,63.2,AMD Ryzen 7 7800X3D 8-Core Processor,NVIDIA GeForce RTX 4080 SUPER,gpu,8.9,11.8,16.0,nvidia_geforce_rtx_4080_super_gpu,187025.10715787442,935125.535789372,2805376.6073681163,0.1711000222712755,0.1697000116109848,0.1735999248921871
GeneralizedAutoencoder,15,100,32.0,1,decoder,flushed,0.00594999437453225,0.005809371941722928,0.006085159839130937,2421669,9691778,0.0,float32,,,,,,,Windows-11-10.0.26200-SP0,3.12.9,2.5.1,16,8,63.2,AMD Ryzen 7 7800X3D 8-Core Processor,NVIDIA GeForce RTX 4080 SUPER,gpu,8.9,11.8,16.0,nvidia_geforce_rtx_4080_super_gpu,168067.38579120312,840336.9289560156,2521010.786868047,0.190399819985032,0.1858999021351337,0.19472511485219
GeneralizedAutoencoder,15,100,32.0,1,memory,,,,,2421669,9691778,0.0,float32,26270720.0,,,,,,Windows-11-10.0.26200-SP0,3.12.9,2.5.1,16,8,63.2,AMD Ryzen 7 7800X3D 8-Core Processor,NVIDIA GeForce RTX 4080 SUPER,gpu,8.9,11.8,16.0,nvidia_geforce_rtx_4080_super_gpu,,,,,,
GeneralizedAutoencoder,15,100,,1,quantize,,0.0159000046551227,0.0157998874783515,0.0160001218318939,2421669,9691778,,float32,,calibrated,506.88,5.0,,,Windows-11-10.0.26200-SP0,3.12.9,2.5.1,16,8,63.2,AMD Ryzen 7 7800X3D 8-Core Processor,NVIDIA GeForce RTX 4080 SUPER,gpu,8.9,11.8,16.0,nvidia_geforce_rtx_4080_super_gpu,62893.06334748887,314465.3167374443,943395.9502123331,0.0159000046551227,0.0157998874783515,0.0160001218318939
GeneralizedAutoencoder,15,100,,1,entropy_encode,,0.4219000693410635,0.4188001621514559,0.4252998623996973,2421669,9691778,,float32,,calibrated,506.88,5.0,,,Windows-11-10.0.26200-SP0,3.12.9,2.5.1,16,8,63.2,AMD Ryzen 7 7800X3D 8-Core Processor,NVIDIA GeForce RTX 4080 SUPER,gpu,8.9,11.8,16.0,nvidia_geforce_rtx_4080_super_gpu,2370.2295227441673,11851.147613720836,35553.442841162505,0.4219000693410635,0.4188001621514559,0.4252998623996973
GeneralizedAutoencoder,15,100,,1,entropy_roundtrip,,0.8338000625371933,0.8306000381708145,0.8417249191552401,2421669,9691778,,float32,,calibrated,506.88,5.0,,,Windows-11-10.0.26200-SP0,3.12.9,2.5.1,16,8,63.2,AMD Ryzen 7 7800X3D 8-Core Processor,NVIDIA GeForce RTX 4080 SUPER,gpu,8.9,11.8,16.0,nvidia_geforce_rtx_4080_super_gpu,1199.3282861566024,5996.641430783012,17989.92429234904,0.8338000625371933,0.8306000381708145,0.8417249191552401
GeneralizedAutoencoder,15,100,,1,dequantize,,0.0046000350266695,0.0046000350266695,0.004699919372797,2421669,9691778,,float32,,calibrated,506.88,5.0,,,Windows-11-10.0.26200-SP0,3.12.9,2.5.1,16,8,63.2,AMD Ryzen 7 7800X3D 8-Core Processor,NVIDIA GeForce RTX 4080 SUPER,gpu,8.9,11.8,16.0,nvidia_geforce_rtx_4080_super_gpu,217389.6490357849,1086948.2451789244,3260844.7355367737,0.0046000350266695,0.0046000350266695,0.004699919372797
GeneralizedAutoencoder,20,75,1.0,1,encoder,as_deployed,0.1606999430805444,0.1589749008417129,0.1662999857217073,1821644,7291714,0.0,float32,,,,,,,Windows-11-10.0.26200-SP0,3.12.9,2.5.1,16,8,63.2,AMD Ryzen 7 7800X3D 8-Core Processor,NVIDIA GeForce RTX 4080 SUPER,gpu,8.9,11.8,16.0,nvidia_geforce_rtx_4080_super_gpu,6222.777561898639,31113.887809493193,93341.66342847957,0.1606999430805444,0.1589749008417129,0.1662999857217073
GeneralizedAutoencoder,20,75,1.0,1,decoder,as_deployed,0.1883001532405614,0.1837001182138919,0.1940000802278518,1821644,7291714,0.0,float32,,,,,,,Windows-11-10.0.26200-SP0,3.12.9,2.5.1,16,8,63.2,AMD Ryzen 7 7800X3D 8-Core Processor,NVIDIA GeForce RTX 4080 SUPER,gpu,8.9,11.8,16.0,nvidia_geforce_rtx_4080_super_gpu,5310.670133775503,26553.350668877512,79660.05200663256,0.1883001532405614,0.1837001182138919,0.1940000802278518
GeneralizedAutoencoder,20,75,32.0,1,encoder,as_deployed,0.005471869371831415,0.005415626219473778,0.005615627742372453,1821644,7291714,0.0,float32,,,,,,,Windows-11-10.0.26200-SP0,3.12.9,2.5.1,16,8,63.2,AMD Ryzen 7 7800X3D 8-Core Processor,NVIDIA GeForce RTX 4080 SUPER,gpu,8.9,11.8,16.0,nvidia_geforce_rtx_4080_super_gpu,182752.9007084655,913764.5035423274,2741293.510626982,0.1750998198986053,0.1733000390231609,0.1797000877559185
GeneralizedAutoencoder,20,75,32.0,1,decoder,as_deployed,0.0059750018408522,0.005806250555906444,0.006168746040202675,1821644,7291714,0.0,float32,,,,,,,Windows-11-10.0.26200-SP0,3.12.9,2.5.1,16,8,63.2,AMD Ryzen 7 7800X3D 8-Core Processor,NVIDIA GeForce RTX 4080 SUPER,gpu,8.9,11.8,16.0,nvidia_geforce_rtx_4080_super_gpu,167363.9651728329,836819.8258641644,2510459.4775924934,0.1912000589072704,0.1858000177890062,0.1973998732864856
GeneralizedAutoencoder,20,75,1.0,1,encoder,flushed,0.1607998274266719,0.1592000480741262,0.1668999902904033,1821644,7291714,0.0,float32,,,,,,,Windows-11-10.0.26200-SP0,3.12.9,2.5.1,16,8,63.2,AMD Ryzen 7 7800X3D 8-Core Processor,NVIDIA GeForce RTX 4080 SUPER,gpu,8.9,11.8,16.0,nvidia_geforce_rtx_4080_super_gpu,6218.912146880388,31094.560734401937,93283.68220320581,0.1607998274266719,0.1592000480741262,0.1668999902904033
GeneralizedAutoencoder,20,75,1.0,1,decoder,flushed,0.1900999341160059,0.1860249903984367,0.194700201973319,1821644,7291714,0.0,float32,,,,,,,Windows-11-10.0.26200-SP0,3.12.9,2.5.1,16,8,63.2,AMD Ryzen 7 7800X3D 8-Core Processor,NVIDIA GeForce RTX 4080 SUPER,gpu,8.9,11.8,16.0,nvidia_geforce_rtx_4080_super_gpu,5260.391091928331,26301.955459641653,78905.86637892495,0.1900999341160059,0.1860249903984367,0.194700201973319
GeneralizedAutoencoder,20,75,32.0,1,encoder,flushed,0.005365625838749109,0.005312496796250343,0.005537505785468966,1821644,7291714,0.0,float32,,,,,,,Windows-11-10.0.26200-SP0,3.12.9,2.5.1,16,8,63.2,AMD Ryzen 7 7800X3D 8-Core Processor,NVIDIA GeForce RTX 4080 SUPER,gpu,8.9,11.8,16.0,nvidia_geforce_rtx_4080_super_gpu,186371.5492008907,931857.7460044535,2795573.2380133606,0.1717000268399715,0.169999897480011,0.1772001851350069
GeneralizedAutoencoder,20,75,32.0,1,decoder,flushed,0.005990623321849853,0.005821879312861709,0.006162503268569706,1821644,7291714,0.0,float32,,,,,,,Windows-11-10.0.26200-SP0,3.12.9,2.5.1,16,8,63.2,AMD Ryzen 7 7800X3D 8-Core Processor,NVIDIA GeForce RTX 4080 SUPER,gpu,8.9,11.8,16.0,nvidia_geforce_rtx_4080_super_gpu,166927.53763246268,834637.6881623134,2503913.0644869404,0.1916999462991953,0.1863001380115747,0.1972001045942306
GeneralizedAutoencoder,20,75,32.0,1,memory,,,,,1821644,7291714,0.0,float32,22376448.0,,,,,,Windows-11-10.0.26200-SP0,3.12.9,2.5.1,16,8,63.2,AMD Ryzen 7 7800X3D 8-Core Processor,NVIDIA GeForce RTX 4080 SUPER,gpu,8.9,11.8,16.0,nvidia_geforce_rtx_4080_super_gpu,,,,,,
GeneralizedAutoencoder,20,75,,1,quantize,,0.0146999955177307,0.0146001111716032,0.0148001126945018,1821644,7291714,,float32,,calibrated,387.2,5.0,,,Windows-11-10.0.26200-SP0,3.12.9,2.5.1,16,8,63.2,AMD Ryzen 7 7800X3D 8-Core Processor,NVIDIA GeForce RTX 4080 SUPER,gpu,8.9,11.8,16.0,nvidia_geforce_rtx_4080_super_gpu,68027.23162696407,340136.15813482035,1020408.4744044611,0.0146999955177307,0.0146001111716032,0.0148001126945018
GeneralizedAutoencoder,20,75,,1,entropy_encode,,0.3088999073952436,0.3059001173824072,0.3124999348074198,1821644,7291714,,float32,,calibrated,387.2,5.0,,,Windows-11-10.0.26200-SP0,3.12.9,2.5.1,16,8,63.2,AMD Ryzen 7 7800X3D 8-Core Processor,NVIDIA GeForce RTX 4080 SUPER,gpu,8.9,11.8,16.0,nvidia_geforce_rtx_4080_super_gpu,3237.294593036184,16186.47296518092,48559.41889554276,0.3088999073952436,0.3059001173824072,0.3124999348074198
GeneralizedAutoencoder,20,75,,1,entropy_roundtrip,,0.6200500065460801,0.6151251145638525,0.6256000488065183,1821644,7291714,,float32,,calibrated,387.2,5.0,,,Windows-11-10.0.26200-SP0,3.12.9,2.5.1,16,8,63.2,AMD Ryzen 7 7800X3D 8-Core Processor,NVIDIA GeForce RTX 4080 SUPER,gpu,8.9,11.8,16.0,nvidia_geforce_rtx_4080_super_gpu,1612.7731464279618,8063.865732139809,24191.59719641943,0.6200500065460801,0.6151251145638525,0.6256000488065183
GeneralizedAutoencoder,20,75,,1,dequantize,,0.0046000350266695,0.0046000350266695,0.004699919372797,1821644,7291714,,float32,,calibrated,387.2,5.0,,,Windows-11-10.0.26200-SP0,3.12.9,2.5.1,16,8,63.2,AMD Ryzen 7 7800X3D 8-Core Processor,NVIDIA GeForce RTX 4080 SUPER,gpu,8.9,11.8,16.0,nvidia_geforce_rtx_4080_super_gpu,217389.6490357849,1086948.2451789244,3260844.7355367737,0.0046000350266695,0.0046000350266695,0.004699919372797
GeneralizedAutoencoder,30,50,1.0,1,encoder,as_deployed,0.1721999142318964,0.1693000085651874,0.1775000710040331,1221619,4891586,0.0,float32,,,,,,,Windows-11-10.0.26200-SP0,3.12.9,2.5.1,16,8,63.2,AMD Ryzen 7 7800X3D 8-Core Processor,NVIDIA GeForce RTX 4080 SUPER,gpu,8.9,11.8,16.0,nvidia_geforce_rtx_4080_super_gpu,5807.203821561318,29036.01910780659,87108.05732341978,0.1721999142318964,0.1693000085651874,0.1775000710040331
GeneralizedAutoencoder,30,50,1.0,1,decoder,as_deployed,0.1898999325931072,0.18550013191998,0.1956999767571687,1221619,4891586,0.0,float32,,,,,,,Windows-11-10.0.26200-SP0,3.12.9,2.5.1,16,8,63.2,AMD Ryzen 7 7800X3D 8-Core Processor,NVIDIA GeForce RTX 4080 SUPER,gpu,8.9,11.8,16.0,nvidia_geforce_rtx_4080_super_gpu,5265.931305740216,26329.656528701078,78988.96958610324,0.1898999325931072,0.18550013191998,0.1956999767571687
GeneralizedAutoencoder,30,50,32.0,1,encoder,as_deployed,0.005356254405342041,0.005262496415525675,0.0055187483667396,1221619,4891586,0.0,float32,,,,,,,Windows-11-10.0.26200-SP0,3.12.9,2.5.1,16,8,63.2,AMD Ryzen 7 7800X3D 8-Core Processor,NVIDIA GeForce RTX 4080 SUPER,gpu,8.9,11.8,16.0,nvidia_geforce_rtx_4080_super_gpu,186697.62941107756,933488.1470553877,2800464.4411661634,0.1714001409709453,0.1683998852968216,0.1765999477356672
GeneralizedAutoencoder,30,50,32.0,1,decoder,as_deployed,0.0059718731790781,0.005834379408042878,0.006140624464023857,1221619,4891586,0.0,float32,,,,,,,Windows-11-10.0.26200-SP0,3.12.9,2.5.1,16,8,63.2,AMD Ryzen 7 7800X3D 8-Core Processor,NVIDIA GeForce RTX 4080 SUPER,gpu,8.9,11.8,16.0,nvidia_geforce_rtx_4080_super_gpu,167451.64708175763,837258.2354087881,2511774.7062263642,0.1910999417304992,0.1867001410573721,0.1964999828487634
GeneralizedAutoencoder,30,50,1.0,1,encoder,flushed,0.1713000237941742,0.1694001257419586,0.176900066435337,1221619,4891586,0.0,float32,,,,,,,Windows-11-10.0.26200-SP0,3.12.9,2.5.1,16,8,63.2,AMD Ryzen 7 7800X3D 8-Core Processor,NVIDIA GeForce RTX 4080 SUPER,gpu,8.9,11.8,16.0,nvidia_geforce_rtx_4080_super_gpu,5837.710806167496,29188.55403083748,87565.66209251244,0.1713000237941742,0.1694001257419586,0.176900066435337
GeneralizedAutoencoder,30,50,1.0,1,decoder,flushed,0.1906000543385744,0.1870000269263982,0.1951998565346002,1221619,4891586,0.0,float32,,,,,,,Windows-11-10.0.26200-SP0,3.12.9,2.5.1,16,8,63.2,AMD Ryzen 7 7800X3D 8-Core Processor,NVIDIA GeForce RTX 4080 SUPER,gpu,8.9,11.8,16.0,nvidia_geforce_rtx_4080_super_gpu,5246.588220922747,26232.941104613732,78698.8233138412,0.1906000543385744,0.1870000269263982,0.1951998565346002
GeneralizedAutoencoder,30,50,32.0,1,encoder,flushed,0.005296875315252691,0.005237496225163341,0.005471876647789031,1221619,4891586,0.0,float32,,,,,,,Windows-11-10.0.26200-SP0,3.12.9,2.5.1,16,8,63.2,AMD Ryzen 7 7800X3D 8-Core Processor,NVIDIA GeForce RTX 4080 SUPER,gpu,8.9,11.8,16.0,nvidia_geforce_rtx_4080_super_gpu,188790.54923577985,943952.7461788992,2831858.238536698,0.1695000100880861,0.1675998792052269,0.175100052729249
GeneralizedAutoencoder,30,50,32.0,1,decoder,flushed,0.005950001650489866,0.005793750460725275,0.006121874321252106,1221619,4891586,0.0,float32,,,,,,,Windows-11-10.0.26200-SP0,3.12.9,2.5.1,16,8,63.2,AMD Ryzen 7 7800X3D 8-Core Processor,NVIDIA GeForce RTX 4080 SUPER,gpu,8.9,11.8,16.0,nvidia_geforce_rtx_4080_super_gpu,168067.18027005414,840335.9013502707,2521007.7040508124,0.1904000528156757,0.1854000147432088,0.1958999782800674
GeneralizedAutoencoder,30,50,32.0,1,memory,,,,,1221619,4891586,0.0,float32,21458432.0,,,,,,Windows-11-10.0.26200-SP0,3.12.9,2.5.1,16,8,63.2,AMD Ryzen 7 7800X3D 8-Core Processor,NVIDIA GeForce RTX 4080 SUPER,gpu,8.9,11.8,16.0,nvidia_geforce_rtx_4080_super_gpu,,,,,,
GeneralizedAutoencoder,30,50,,1,quantize,,0.0124999787658452,0.0124000944197177,0.0125002115964889,1221619,4891586,,float32,,calibrated,259.2,5.0,,,Windows-11-10.0.26200-SP0,3.12.9,2.5.1,16,8,63.2,AMD Ryzen 7 7800X3D 8-Core Processor,NVIDIA GeForce RTX 4080 SUPER,gpu,8.9,11.8,16.0,nvidia_geforce_rtx_4080_super_gpu,80000.13589882158,400000.6794941079,1200002.0384823238,0.0124999787658452,0.0124000944197177,0.0125002115964889
GeneralizedAutoencoder,30,50,,1,entropy_encode,,0.1962000969797372,0.1953998580574989,0.1978001091629266,1221619,4891586,,float32,,calibrated,259.2,5.0,,,Windows-11-10.0.26200-SP0,3.12.9,2.5.1,16,8,63.2,AMD Ryzen 7 7800X3D 8-Core Processor,NVIDIA GeForce RTX 4080 SUPER,gpu,8.9,11.8,16.0,nvidia_geforce_rtx_4080_super_gpu,5096.837439908484,25484.18719954242,76452.56159862726,0.1962000969797372,0.1953998580574989,0.1978001091629266
GeneralizedAutoencoder,30,50,,1,entropy_roundtrip,,0.3908500075340271,0.3882749006152153,0.3946999204345047,1221619,4891586,,float32,,calibrated,259.2,5.0,,,Windows-11-10.0.26200-SP0,3.12.9,2.5.1,16,8,63.2,AMD Ryzen 7 7800X3D 8-Core Processor,NVIDIA GeForce RTX 4080 SUPER,gpu,8.9,11.8,16.0,nvidia_geforce_rtx_4080_super_gpu,2558.5262395394498,12792.631197697248,38377.89359309175,0.3908500075340271,0.3882749006152153,0.3946999204345047
GeneralizedAutoencoder,30,50,,1,dequantize,,0.0046000350266695,0.0045998021960258,0.0046000350266695,1221619,4891586,,float32,,calibrated,259.2,5.0,,,Windows-11-10.0.26200-SP0,3.12.9,2.5.1,16,8,63.2,AMD Ryzen 7 7800X3D 8-Core Processor,NVIDIA GeForce RTX 4080 SUPER,gpu,8.9,11.8,16.0,nvidia_geforce_rtx_4080_super_gpu,217389.6490357849,1086948.2451789244,3260844.7355367737,0.0046000350266695,0.0045998021960258,0.0046000350266695
GeneralizedAutoencoder,50,30,1.0,1,encoder,as_deployed,0.1694001257419586,0.1679998822510242,0.1727999188005924,741599,2971522,0.0,float32,,,,,,,Windows-11-10.0.26200-SP0,3.12.9,2.5.1,16,8,63.2,AMD Ryzen 7 7800X3D 8-Core Processor,NVIDIA GeForce RTX 4080 SUPER,gpu,8.9,11.8,16.0,nvidia_geforce_rtx_4080_super_gpu,5903.183339564138,29515.91669782069,88547.75009346206,0.1694001257419586,0.1679998822510242,0.1727999188005924
GeneralizedAutoencoder,50,30,1.0,1,decoder,as_deployed,0.1848000101745128,0.1819999888539314,0.1906000543385744,741599,2971522,0.0,float32,,,,,,,Windows-11-10.0.26200-SP0,3.12.9,2.5.1,16,8,63.2,AMD Ryzen 7 7800X3D 8-Core Processor,NVIDIA GeForce RTX 4080 SUPER,gpu,8.9,11.8,16.0,nvidia_geforce_rtx_4080_super_gpu,5411.255113328547,27056.275566642733,81168.8266999282,0.1848000101745128,0.1819999888539314,0.1906000543385744
GeneralizedAutoencoder,50,30,32.0,1,encoder,as_deployed,0.0051812530728057,0.0051156312110833815,0.00530000397702679,741599,2971522,0.0,float32,,,,,,,Windows-11-10.0.26200-SP0,3.12.9,2.5.1,16,8,63.2,AMD Ryzen 7 7800X3D 8-Core Processor,NVIDIA GeForce RTX 4080 SUPER,gpu,8.9,11.8,16.0,nvidia_geforce_rtx_4080_super_gpu,193003.50435468886,965017.5217734443,2895052.565320333,0.1658000983297824,0.1637001987546682,0.1696001272648573
GeneralizedAutoencoder,50,30,32.0,1,decoder,as_deployed,0.00587499380344525,0.005775000317953525,0.006021873559802769,741599,2971522,0.0,float32,,,,,,,Windows-11-10.0.26200-SP0,3.12.9,2.5.1,16,8,63.2,AMD Ryzen 7 7800X3D 8-Core Processor,NVIDIA GeForce RTX 4080 SUPER,gpu,8.9,11.8,16.0,nvidia_geforce_rtx_4080_super_gpu,170212.94548661038,851064.7274330518,2553194.1822991553,0.187999801710248,0.1848000101745128,0.1926999539136886
GeneralizedAutoencoder,50,30,1.0,1,encoder,flushed,0.1703000161796808,0.1689998898655176,0.1732001546770334,741599,2971522,0.0,float32,,,,,,,Windows-11-10.0.26200-SP0,3.12.9,2.5.1,16,8,63.2,AMD Ryzen 7 7800X3D 8-Core Processor,NVIDIA GeForce RTX 4080 SUPER,gpu,8.9,11.8,16.0,nvidia_geforce_rtx_4080_super_gpu,5871.990046935263,29359.950234676315,88079.85070402896,0.1703000161796808,0.1689998898655176,0.1732001546770334
GeneralizedAutoencoder,50,30,1.0,1,decoder,flushed,0.1913998275995254,0.1860000193119049,0.1934999600052833,741599,2971522,0.0,float32,,,,,,,Windows-11-10.0.26200-SP0,3.12.9,2.5.1,16,8,63.2,AMD Ryzen 7 7800X3D 8-Core Processor,NVIDIA GeForce RTX 4080 SUPER,gpu,8.9,11.8,16.0,nvidia_geforce_rtx_4080_super_gpu,5224.6651031073325,26123.32551553666,78369.97654660999,0.1913998275995254,0.1860000193119049,0.1934999600052833
GeneralizedAutoencoder,50,30,32.0,1,encoder,flushed,0.005278125172480941,0.0052281247917562714,0.00536875450052321,741599,2971522,0.0,float32,,,,,,,Windows-11-10.0.26200-SP0,3.12.9,2.5.1,16,8,63.2,AMD Ryzen 7 7800X3D 8-Core Processor,NVIDIA GeForce RTX 4080 SUPER,gpu,8.9,11.8,16.0,nvidia_geforce_rtx_4080_super_gpu,189461.21346530286,947306.0673265143,2841918.201979543,0.1689000055193901,0.1672999933362007,0.1718001440167427
GeneralizedAutoencoder,50,30,32.0,1,decoder,flushed,0.005950001650489866,0.005852341928402891,0.006056252459529787,741599,2971522,0.0,float32,,,,,,,Windows-11-10.0.26200-SP0,3.12.9,2.5.1,16,8,63.2,AMD Ryzen 7 7800X3D 8-Core Processor,NVIDIA GeForce RTX 4080 SUPER,gpu,8.9,11.8,16.0,nvidia_geforce_rtx_4080_super_gpu,168067.18027005414,840335.9013502707,2521007.7040508124,0.1904000528156757,0.1872749417088925,0.1938000787049532
GeneralizedAutoencoder,50,30,32.0,1,memory,,,,,741599,2971522,0.0,float32,18764800.0,,,,,,Windows-11-10.0.26200-SP0,3.12.9,2.5.1,16,8,63.2,AMD Ryzen 7 7800X3D 8-Core Processor,NVIDIA GeForce RTX 4080 SUPER,gpu,8.9,11.8,16.0,nvidia_geforce_rtx_4080_super_gpu,,,,,,
GeneralizedAutoencoder,50,30,,1,quantize,,0.011000083759427,0.0108999665826559,0.0110999681055545,741599,2971522,,float32,,calibrated,160.0,5.0,,,Windows-11-10.0.26200-SP0,3.12.9,2.5.1,16,8,63.2,AMD Ryzen 7 7800X3D 8-Core Processor,NVIDIA GeForce RTX 4080 SUPER,gpu,8.9,11.8,16.0,nvidia_geforce_rtx_4080_super_gpu,90908.3986876924,454541.99343846197,1363625.980315386,0.011000083759427,0.0108999665826559,0.0110999681055545
GeneralizedAutoencoder,50,30,,1,entropy_encode,,0.1224000006914138,0.121300108730793,0.1236000098288059,741599,2971522,,float32,,calibrated,160.0,5.0,,,Windows-11-10.0.26200-SP0,3.12.9,2.5.1,16,8,63.2,AMD Ryzen 7 7800X3D 8-Core Processor,NVIDIA GeForce RTX 4080 SUPER,gpu,8.9,11.8,16.0,nvidia_geforce_rtx_4080_super_gpu,8169.934594372504,40849.672971862514,122549.01891558756,0.1224000006914138,0.121300108730793,0.1236000098288059
GeneralizedAutoencoder,50,30,,1,entropy_roundtrip,,0.2429001033306121,0.2419999800622463,0.2453001216053962,741599,2971522,,float32,,calibrated,160.0,5.0,,,Windows-11-10.0.26200-SP0,3.12.9,2.5.1,16,8,63.2,AMD Ryzen 7 7800X3D 8-Core Processor,NVIDIA GeForce RTX 4080 SUPER,gpu,8.9,11.8,16.0,nvidia_geforce_rtx_4080_super_gpu,4116.9187920801205,20584.5939604006,61753.78188120181,0.2429001033306121,0.2419999800622463,0.2453001216053962
GeneralizedAutoencoder,50,30,,1,dequantize,,0.0046000350266695,0.0046000350266695,0.004699919372797,741599,2971522,,float32,,calibrated,160.0,5.0,,,Windows-11-10.0.26200-SP0,3.12.9,2.5.1,16,8,63.2,AMD Ryzen 7 7800X3D 8-Core Processor,NVIDIA GeForce RTX 4080 SUPER,gpu,8.9,11.8,16.0,nvidia_geforce_rtx_4080_super_gpu,217389.6490357849,1086948.2451789244,3260844.7355367737,0.0046000350266695,0.0046000350266695,0.004699919372797
GeneralizedAutoencoder,60,25,1.0,1,encoder,as_deployed,0.1707000192254781,0.1692998921498656,0.1741499872878193,621594,2491458,0.0,float32,,,,,,,Windows-11-10.0.26200-SP0,3.12.9,2.5.1,16,8,63.2,AMD Ryzen 7 7800X3D 8-Core Processor,NVIDIA GeForce RTX 4080 SUPER,gpu,8.9,11.8,16.0,nvidia_geforce_rtx_4080_super_gpu,5858.230154497507,29291.150772487534,87873.45231746261,0.1707000192254781,0.1692998921498656,0.1741499872878193
GeneralizedAutoencoder,60,25,1.0,1,decoder,as_deployed,0.1866000238806009,0.1831999979913234,0.1912000589072704,621594,2491458,0.0,float32,,,,,,,Windows-11-10.0.26200-SP0,3.12.9,2.5.1,16,8,63.2,AMD Ryzen 7 7800X3D 8-Core Processor,NVIDIA GeForce RTX 4080 SUPER,gpu,8.9,11.8,16.0,nvidia_geforce_rtx_4080_super_gpu,5359.056120163556,26795.28060081778,80385.84180245335,0.1866000238806009,0.1831999979913234,0.1912000589072704
GeneralizedAutoencoder,60,25,32.0,1,encoder,as_deployed,0.005296875315252691,0.0052281247917562714,0.0053968760767020285,621594,2491458,0.0,float32,,,,,,,Windows-11-10.0.26200-SP0,3.12.9,2.5.1,16,8,63.2,AMD Ryzen 7 7800X3D 8-Core Processor,NVIDIA GeForce RTX 4080 SUPER,gpu,8.9,11.8,16.0,nvidia_geforce_rtx_4080_super_gpu,188790.54923577985,943952.7461788992,2831858.238536698,0.1695000100880861,0.1672999933362007,0.1727000344544649
GeneralizedAutoencoder,60,25,32.0,1,decoder,as_deployed,0.005950001650489866,0.005806250555906444,0.0061093742260709405,621594,2491458,0.0,float32,,,,,,,Windows-11-10.0.26200-SP0,3.12.9,2.5.1,16,8,63.2,AMD Ryzen 7 7800X3D 8-Core Processor,NVIDIA GeForce RTX 4080 SUPER,gpu,8.9,11.8,16.0,nvidia_geforce_rtx_4080_super_gpu,168067.18027005414,840335.9013502707,2521007.7040508124,0.1904000528156757,0.1858000177890062,0.1954999752342701
GeneralizedAutoencoder,60,25,1.0,1,encoder,flushed,0.1729000359773636,0.1709999050945043,0.1769999507814645,621594,2491458,0.0,float32,,,,,,,Windows-11-10.0.26200-SP0,3.12.9,2.5.1,16,8,63.2,AMD Ryzen 7 7800X3D 8-Core Processor,NVIDIA GeForce RTX 4080 SUPER,gpu,8.9,11.8,16.0,nvidia_geforce_rtx_4080_super_gpu,5783.688790735255,28918.443953676273,86755.33186102881,0.1729000359773636,0.1709999050945043,0.1769999507814645
GeneralizedAutoencoder,60,25,1.0,1,decoder,flushed,0.1901001669466495,0.1872000284492969,0.1939998473972082,621594,2491458,0.0,float32,,,,,,,Windows-11-10.0.26200-SP0,3.12.9,2.5.1,16,8,63.2,AMD Ryzen 7 7800X3D 8-Core Processor,NVIDIA GeForce RTX 4080 SUPER,gpu,8.9,11.8,16.0,nvidia_geforce_rtx_4080_super_gpu,5260.384649113139,26301.923245565693,78905.76973669708,0.1901001669466495,0.1872000284492969,0.1939998473972082
GeneralizedAutoencoder,60,25,32.0,1,encoder,flushed,0.005321875505615025,0.00527499651070684,0.005434376362245528,621594,2491458,0.0,float32,,,,,,,Windows-11-10.0.26200-SP0,3.12.9,2.5.1,16,8,63.2,AMD Ryzen 7 7800X3D 8-Core Processor,NVIDIA GeForce RTX 4080 SUPER,gpu,8.9,11.8,16.0,nvidia_geforce_rtx_4080_super_gpu,187903.68150192843,939518.4075096421,2818555.2225289266,0.1703000161796808,0.1687998883426189,0.1739000435918569
GeneralizedAutoencoder,60,25,32.0,1,decoder,flushed,0.0059750018408522,0.005793750460725275,0.006140624464023857,621594,2491458,0.0,float32,,,,,,,Windows-11-10.0.26200-SP0,3.12.9,2.5.1,16,8,63.2,AMD Ryzen 7 7800X3D 8-Core Processor,NVIDIA GeForce RTX 4080 SUPER,gpu,8.9,11.8,16.0,nvidia_geforce_rtx_4080_super_gpu,167363.9651728329,836819.8258641644,2510459.4775924934,0.1912000589072704,0.1854000147432088,0.1964999828487634
GeneralizedAutoencoder,60,25,32.0,1,memory,,,,,621594,2491458,0.0,float32,18092032.0,,,,,,Windows-11-10.0.26200-SP0,3.12.9,2.5.1,16,8,63.2,AMD Ryzen 7 7800X3D 8-Core Processor,NVIDIA GeForce RTX 4080 SUPER,gpu,8.9,11.8,16.0,nvidia_geforce_rtx_4080_super_gpu,,,,,,
GeneralizedAutoencoder,60,25,,1,quantize,,0.0104999635368585,0.0103998463600873,0.0105001963675022,621594,2491458,,float32,,calibrated,135.04,5.0,,,Windows-11-10.0.26200-SP0,3.12.9,2.5.1,16,8,63.2,AMD Ryzen 7 7800X3D 8-Core Processor,NVIDIA GeForce RTX 4080 SUPER,gpu,8.9,11.8,16.0,nvidia_geforce_rtx_4080_super_gpu,95238.42597068594,476192.1298534297,1428576.3895602892,0.0104999635368585,0.0103998463600873,0.0105001963675022
GeneralizedAutoencoder,60,25,,1,entropy_encode,,0.099599827080965,0.098999822512269,0.100600067526102,621594,2491458,,float32,,calibrated,135.04,5.0,,,Windows-11-10.0.26200-SP0,3.12.9,2.5.1,16,8,63.2,AMD Ryzen 7 7800X3D 8-Core Processor,NVIDIA GeForce RTX 4080 SUPER,gpu,8.9,11.8,16.0,nvidia_geforce_rtx_4080_super_gpu,10040.178073673733,50200.89036836866,150602.67110510598,0.099599827080965,0.098999822512269,0.100600067526102
GeneralizedAutoencoder,60,25,,1,entropy_roundtrip,,0.1954999752342701,0.1939749345183372,0.1974999904632568,621594,2491458,,float32,,calibrated,135.04,5.0,,,Windows-11-10.0.26200-SP0,3.12.9,2.5.1,16,8,63.2,AMD Ryzen 7 7800X3D 8-Core Processor,NVIDIA GeForce RTX 4080 SUPER,gpu,8.9,11.8,16.0,nvidia_geforce_rtx_4080_super_gpu,5115.090162040621,25575.450810203103,76726.35243060932,0.1954999752342701,0.1939749345183372,0.1974999904632568
GeneralizedAutoencoder,60,25,,1,dequantize,,0.0046000350266695,0.0045001506805419,0.0046000350266695,621594,2491458,,float32,,calibrated,135.04,5.0,,,Windows-11-10.0.26200-SP0,3.12.9,2.5.1,16,8,63.2,AMD Ryzen 7 7800X3D 8-Core Processor,NVIDIA GeForce RTX 4080 SUPER,gpu,8.9,11.8,16.0,nvidia_geforce_rtx_4080_super_gpu,217389.6490357849,1086948.2451789244,3260844.7355367737,0.0046000350266695,0.0045001506805419,0.0046000350266695
GeneralizedAutoencoder,100,15,1.0,1,encoder,as_deployed,0.1722997985780239,0.1707999035716056,0.1761000603437423,381584,1531474,0.0,float32,,,,,,,Windows-11-10.0.26200-SP0,3.12.9,2.5.1,16,8,63.2,AMD Ryzen 7 7800X3D 8-Core Processor,NVIDIA GeForce RTX 4080 SUPER,gpu,8.9,11.8,16.0,nvidia_geforce_rtx_4080_super_gpu,5803.83731294475,29019.18656472375,87057.55969417126,0.1722997985780239,0.1707999035716056,0.1761000603437423
GeneralizedAutoencoder,100,15,1.0,1,decoder,as_deployed,0.1883001532405614,0.1850000116974115,0.1926000695675611,381584,1531474,0.0,float32,,,,,,,Windows-11-10.0.26200-SP0,3.12.9,2.5.1,16,8,63.2,AMD Ryzen 7 7800X3D 8-Core Processor,NVIDIA GeForce RTX 4080 SUPER,gpu,8.9,11.8,16.0,nvidia_geforce_rtx_4080_super_gpu,5310.670133775503,26553.350668877512,79660.05200663256,0.1883001532405614,0.1850000116974115,0.1926000695675611
GeneralizedAutoencoder,100,15,32.0,1,encoder,as_deployed,0.0053156254580244405,0.005209374648984522,0.005399997462518512,381584,1531474,0.0,float32,,,,,,,Windows-11-10.0.26200-SP0,3.12.9,2.5.1,16,8,63.2,AMD Ryzen 7 7800X3D 8-Core Processor,NVIDIA GeForce RTX 4080 SUPER,gpu,8.9,11.8,16.0,nvidia_geforce_rtx_4080_super_gpu,188124.6163591916,940623.081795958,2821869.245387874,0.1701000146567821,0.1666999887675047,0.1727999188005924
GeneralizedAutoencoder,100,15,32.0,1,decoder,as_deployed,0.0059375015553087,0.005762500222772359,0.0060531237977556876,381584,1531474,0.0,float32,,,,,,,Windows-11-10.0.26200-SP0,3.12.9,2.5.1,16,8,63.2,AMD Ryzen 7 7800X3D 8-Core Processor,NVIDIA GeForce RTX 4080 SUPER,gpu,8.9,11.8,16.0,nvidia_geforce_rtx_4080_super_gpu,168421.0085142468,842105.0425712339,2526315.1277137017,0.1900000497698784,0.1844000071287155,0.193699961528182
GeneralizedAutoencoder,100,15,1.0,1,encoder,flushed,0.172800151631236,0.1715000253170728,0.1759000588208437,381584,1531474,0.0,float32,,,,,,,Windows-11-10.0.26200-SP0,3.12.9,2.5.1,16,8,63.2,AMD Ryzen 7 7800X3D 8-Core Processor,NVIDIA GeForce RTX 4080 SUPER,gpu,8.9,11.8,16.0,nvidia_geforce_rtx_4080_super_gpu,5787.03195894208,28935.1597947104,86805.47938413119,0.172800151631236,0.1715000253170728,0.1759000588208437
GeneralizedAutoencoder,100,15,1.0,1,decoder,flushed,0.1909998245537281,0.1869001425802707,0.1943998504430055,381584,1531474,0.0,float32,,,,,,,Windows-11-10.0.26200-SP0,3.12.9,2.5.1,16,8,63.2,AMD Ryzen 7 7800X3D 8-Core Processor,NVIDIA GeForce RTX 4080 SUPER,gpu,8.9,11.8,16.0,nvidia_geforce_rtx_4080_super_gpu,5235.606903495876,26178.03451747938,78534.10355243814,0.1909998245537281,0.1869001425802707,0.1943998504430055
GeneralizedAutoencoder,100,15,32.0,1,encoder,flushed,0.00533437560079619,0.005287496605888009,0.005412497557699678,381584,1531474,0.0,float32,,,,,,,Windows-11-10.0.26200-SP0,3.12.9,2.5.1,16,8,63.2,AMD Ryzen 7 7800X3D 8-Core Processor,NVIDIA GeForce RTX 4080 SUPER,gpu,8.9,11.8,16.0,nvidia_geforce_rtx_4080_super_gpu,187463.36494392023,937316.8247196011,2811950.4741588035,0.1707000192254781,0.1691998913884163,0.1731999218463897
GeneralizedAutoencoder,100,15,32.0,1,decoder,flushed,0.0059375015553087,0.005812500603497028,0.006062502507120369,381584,1531474,0.0,float32,,,,,,,Windows-11-10.0.26200-SP0,3.12.9,2.5.1,16,8,63.2,AMD Ryzen 7 7800X3D 8-Core Processor,NVIDIA GeForce RTX 4080 SUPER,gpu,8.9,11.8,16.0,nvidia_geforce_rtx_4080_super_gpu,168421.0085142468,842105.0425712339,2526315.1277137017,0.1900000497698784,0.1860000193119049,0.1940000802278518
GeneralizedAutoencoder,100,15,32.0,1,memory,,,,,381584,1531474,0.0,float32,16601088.0,,,,,,Windows-11-10.0.26200-SP0,3.12.9,2.5.1,16,8,63.2,AMD Ryzen 7 7800X3D 8-Core Processor,NVIDIA GeForce RTX 4080 SUPER,gpu,8.9,11.8,16.0,nvidia_geforce_rtx_4080_super_gpu,,,,,,
GeneralizedAutoencoder,100,15,,1,quantize,,0.0097998417913913,0.0096999574452638,0.009800074622035,381584,1531474,,float32,,calibrated,96.0,5.0,,,Windows-11-10.0.26200-SP0,3.12.9,2.5.1,16,8,63.2,AMD Ryzen 7 7800X3D 8-Core Processor,NVIDIA GeForce RTX 4080 SUPER,gpu,8.9,11.8,16.0,nvidia_geforce_rtx_4080_super_gpu,102042.46367308225,510212.31836541125,1530636.9550962339,0.0097998417913913,0.0096999574452638,0.009800074622035
GeneralizedAutoencoder,100,15,,1,entropy_encode,,0.0612998846918344,0.0608998816460371,0.0616998877376318,381584,1531474,,float32,,calibrated,96.0,5.0,,,Windows-11-10.0.26200-SP0,3.12.9,2.5.1,16,8,63.2,AMD Ryzen 7 7800X3D 8-Core Processor,NVIDIA GeForce RTX 4080 SUPER,gpu,8.9,11.8,16.0,nvidia_geforce_rtx_4080_super_gpu,16313.244389074804,81566.22194537401,244698.66583612206,0.0612998846918344,0.0608998816460371,0.0616998877376318
GeneralizedAutoencoder,100,15,,1,entropy_roundtrip,,0.1191000919789075,0.1184998545795679,0.1199000980705022,381584,1531474,,float32,,calibrated,96.0,5.0,,,Windows-11-10.0.26200-SP0,3.12.9,2.5.1,16,8,63.2,AMD Ryzen 7 7800X3D 8-Core Processor,NVIDIA GeForce RTX 4080 SUPER,gpu,8.9,11.8,16.0,nvidia_geforce_rtx_4080_super_gpu,8396.299141205523,41981.495706027614,125944.48711808286,0.1191000919789075,0.1184998545795679,0.1199000980705022
GeneralizedAutoencoder,100,15,,1,dequantize,,0.0046000350266695,0.0045001506805419,0.0046000350266695,381584,1531474,,float32,,calibrated,96.0,5.0,,,Windows-11-10.0.26200-SP0,3.12.9,2.5.1,16,8,63.2,AMD Ryzen 7 7800X3D 8-Core Processor,NVIDIA GeForce RTX 4080 SUPER,gpu,8.9,11.8,16.0,nvidia_geforce_rtx_4080_super_gpu,217389.6490357849,1086948.2451789244,3260844.7355367737,0.0046000350266695,0.0045001506805419,0.0046000350266695
AE_PureConcat,2,750,1.0,1,encoder,as_deployed,0.5209001246839762,0.5107999313622713,0.5296000745147467,19127506,76516970,0.0,float32,,,,,,,Windows-11-10.0.26200-SP0,3.12.9,2.5.1,16,8,63.2,AMD Ryzen 7 7800X3D 8-Core Processor,NVIDIA GeForce RTX 4080 SUPER,gpu,8.9,11.8,16.0,nvidia_geforce_rtx_4080_super_gpu,1919.753811935998,9598.76905967999,28796.307179039974,0.5209001246839762,0.5107999313622713,0.5296000745147467
AE_PureConcat,2,750,1.0,1,decoder,as_deployed,0.0360000412911176,0.0355001538991928,0.0368999317288398,19127506,76516970,0.0,float32,,,,,,,Windows-11-10.0.26200-SP0,3.12.9,2.5.1,16,8,63.2,AMD Ryzen 7 7800X3D 8-Core Processor,NVIDIA GeForce RTX 4080 SUPER,gpu,8.9,11.8,16.0,nvidia_geforce_rtx_4080_super_gpu,27777.745917384076,138888.72958692038,416666.1887607611,0.0360000412911176,0.0355001538991928,0.0368999317288398
AE_PureConcat,2,750,32.0,1,encoder,as_deployed,0.016296871763188392,0.01604999852133915,0.01662812428548932,19127506,76516970,0.0,float32,,,,,,,Windows-11-10.0.26200-SP0,3.12.9,2.5.1,16,8,63.2,AMD Ryzen 7 7800X3D 8-Core Processor,NVIDIA GeForce RTX 4080 SUPER,gpu,8.9,11.8,16.0,nvidia_geforce_rtx_4080_super_gpu,61361.46952194926,306807.34760974627,920422.0428292389,0.5214998964220285,0.5135999526828527,0.5320999771356583
AE_PureConcat,2,750,32.0,1,decoder,as_deployed,0.0011843731044791626,0.0011750016710720937,0.0011968731996603282,19127506,76516970,0.0,float32,,,,,,,Windows-11-10.0.26200-SP0,3.12.9,2.5.1,16,8,63.2,AMD Ryzen 7 7800X3D 8-Core Processor,NVIDIA GeForce RTX 4080 SUPER,gpu,8.9,11.8,16.0,nvidia_geforce_rtx_4080_super_gpu,844328.5280779471,4221642.640389735,12664927.921169207,0.0378999393433332,0.037600053474307,0.0382999423891305
AE_PureConcat,2,750,1.0,1,encoder,flushed,0.5264999344944954,0.5169999785721302,0.5390001460909843,19127506,76516970,0.0,float32,,,,,,,Windows-11-10.0.26200-SP0,3.12.9,2.5.1,16,8,63.2,AMD Ryzen 7 7800X3D 8-Core Processor,NVIDIA GeForce RTX 4080 SUPER,gpu,8.9,11.8,16.0,nvidia_geforce_rtx_4080_super_gpu,1899.3354689780215,9496.677344890108,28490.032034670323,0.5264999344944954,0.5169999785721302,0.5390001460909843
AE_PureConcat,2,750,1.0,1,decoder,flushed,0.0360999256372451,0.0353998038917779,0.0376999378204345,19127506,76516970,0.0,float32,,,,,,,Windows-11-10.0.26200-SP0,3.12.9,2.5.1,16,8,63.2,AMD Ryzen 7 7800X3D 8-Core Processor,NVIDIA GeForce RTX 4080 SUPER,gpu,8.9,11.8,16.0,nvidia_geforce_rtx_4080_super_gpu,27700.888086270115,138504.44043135058,415513.32129405177,0.0360999256372451,0.0353998038917779,0.0376999378204345
AE_PureConcat,2,750,32.0,1,encoder,flushed,0.016781250451458618,0.01624374999664724,0.017521873814985156,19127506,76516970,0.0,float32,,,,,,,Windows-11-10.0.26200-SP0,3.12.9,2.5.1,16,8,63.2,AMD Ryzen 7 7800X3D 8-Core Processor,NVIDIA GeForce RTX 4080 SUPER,gpu,8.9,11.8,16.0,nvidia_geforce_rtx_4080_super_gpu,59590.31497042465,297951.5748521233,893854.7245563698,0.5370000144466758,0.5197999998927116,0.560699962079525
AE_PureConcat,2,750,32.0,1,decoder,flushed,0.0011781303328461939,0.0011718730092979937,0.0011937445378862313,19127506,76516970,0.0,float32,,,,,,,Windows-11-10.0.26200-SP0,3.12.9,2.5.1,16,8,63.2,AMD Ryzen 7 7800X3D 8-Core Processor,NVIDIA GeForce RTX 4080 SUPER,gpu,8.9,11.8,16.0,nvidia_geforce_rtx_4080_super_gpu,848802.5238974566,4244012.619487283,12732037.85846185,0.0377001706510782,0.0374999362975358,0.0381998252123594
AE_PureConcat,2,750,32.0,1,memory,,,,,19127506,76516970,0.0,float32,93229056.0,,,,,,Windows-11-10.0.26200-SP0,3.12.9,2.5.1,16,8,63.2,AMD Ryzen 7 7800X3D 8-Core Processor,NVIDIA GeForce RTX 4080 SUPER,gpu,8.9,11.8,16.0,nvidia_geforce_rtx_4080_super_gpu,,,,,,
AE_PureConcat,2,750,,1,quantize,,0.0630998983979225,0.0626000110059976,0.0636999029666185,19127506,76516970,,float32,,calibrated,3620.48,5.0,,,Windows-11-10.0.26200-SP0,3.12.9,2.5.1,16,8,63.2,AMD Ryzen 7 7800X3D 8-Core Processor,NVIDIA GeForce RTX 4080 SUPER,gpu,8.9,11.8,16.0,nvidia_geforce_rtx_4080_super_gpu,15847.88605670598,79239.4302835299,237718.2908505897,0.0630998983979225,0.0626000110059976,0.0636999029666185
AE_PureConcat,2,750,,1,entropy_encode,,3.262949991039932,3.248525026720017,3.2789750257506967,19127506,76516970,,float32,,calibrated,3620.48,5.0,,,Windows-11-10.0.26200-SP0,3.12.9,2.5.1,16,8,63.2,AMD Ryzen 7 7800X3D 8-Core Processor,NVIDIA GeForce RTX 4080 SUPER,gpu,8.9,11.8,16.0,nvidia_geforce_rtx_4080_super_gpu,306.4711389221417,1532.3556946107083,4597.067083832125,3.262949991039932,3.248525026720017,3.2789750257506967
AE_PureConcat,2,750,,1,entropy_roundtrip,,6.461199838668108,6.436349998693913,6.486650148872286,19127506,76516970,,float32,,calibrated,3620.48,5.0,,,Windows-11-10.0.26200-SP0,3.12.9,2.5.1,16,8,63.2,AMD Ryzen 7 7800X3D 8-Core Processor,NVIDIA GeForce RTX 4080 SUPER,gpu,8.9,11.8,16.0,nvidia_geforce_rtx_4080_super_gpu,154.77001562702586,773.8500781351293,2321.550234405388,6.461199838668108,6.436349998693913,6.486650148872286
AE_PureConcat,2,750,,1,dequantize,,0.005299923941493,0.0052000395953655,0.0053001567721366,19127506,76516970,,float32,,calibrated,3620.48,5.0,,,Windows-11-10.0.26200-SP0,3.12.9,2.5.1,16,8,63.2,AMD Ryzen 7 7800X3D 8-Core Processor,NVIDIA GeForce RTX 4080 SUPER,gpu,8.9,11.8,16.0,nvidia_geforce_rtx_4080_super_gpu,188681.95299389484,943409.7649694742,2830229.2949084225,0.005299923941493,0.0052000395953655,0.0053001567721366
AE_PureConcat,3,500,1.0,1,encoder,as_deployed,0.5172998644411564,0.5079999100416899,0.5297998432070017,12752256,51016234,0.0,float32,,,,,,,Windows-11-10.0.26200-SP0,3.12.9,2.5.1,16,8,63.2,AMD Ryzen 7 7800X3D 8-Core Processor,NVIDIA GeForce RTX 4080 SUPER,gpu,8.9,11.8,16.0,nvidia_geforce_rtx_4080_super_gpu,1933.114753626137,9665.573768130684,28996.721304392053,0.5172998644411564,0.5079999100416899,0.5297998432070017
AE_PureConcat,3,500,1.0,1,decoder,as_deployed,0.0380999408662319,0.0378999393433332,0.0384000595659017,12752256,51016234,0.0,float32,,,,,,,Windows-11-10.0.26200-SP0,3.12.9,2.5.1,16,8,63.2,AMD Ryzen 7 7800X3D 8-Core Processor,NVIDIA GeForce RTX 4080 SUPER,gpu,8.9,11.8,16.0,nvidia_geforce_rtx_4080_super_gpu,26246.75989684549,131233.79948422743,393701.39845268236,0.0380999408662319,0.0378999393433332,0.0384000595659017
AE_PureConcat,3,500,32.0,1,encoder,as_deployed,0.02726562524912879,0.02523437433410436,0.027415626391302794,12752256,51016234,0.0,float32,,,,,,,Windows-11-10.0.26200-SP0,3.12.9,2.5.1,16,8,63.2,AMD Ryzen 7 7800X3D 8-Core Processor,NVIDIA GeForce RTX 4080 SUPER,gpu,8.9,11.8,16.0,nvidia_geforce_rtx_4080_super_gpu,36676.21742992865,183381.08714964322,550143.2614489298,0.8725000079721212,0.8074999786913395,0.8773000445216894
AE_PureConcat,3,500,32.0,1,decoder,as_deployed,0.0011281226761639094,0.0011187512427568405,0.0011375013855285938,12752256,51016234,0.0,float32,,,,,,,Windows-11-10.0.26200-SP0,3.12.9,2.5.1,16,8,63.2,AMD Ryzen 7 7800X3D 8-Core Processor,NVIDIA GeForce RTX 4080 SUPER,gpu,8.9,11.8,16.0,nvidia_geforce_rtx_4080_super_gpu,886428.4187606437,4432142.093803219,13296426.281409657,0.0360999256372451,0.0358000397682189,0.036400044336915
AE_PureConcat,3,500,1.0,1,encoder,flushed,0.5126999458298087,0.5085999146103859,0.5193999968469143,12752256,51016234,0.0,float32,,,,,,,Windows-11-10.0.26200-SP0,3.12.9,2.5.1,16,8,63.2,AMD Ryzen 7 7800X3D 8-Core Processor,NVIDIA GeForce RTX 4080 SUPER,gpu,8.9,11.8,16.0,nvidia_geforce_rtx_4080_super_gpu,1950.4585637930827,9752.292818965412,29256.87845689624,0.5126999458298087,0.5085999146103859,0.5193999968469143
AE_PureConcat,3,500,1.0,1,decoder,flushed,0.0348999164998531,0.0344000291079282,0.0356999225914478,12752256,51016234,0.0,float32,,,,,,,Windows-11-10.0.26200-SP0,3.12.9,2.5.1,16,8,63.2,AMD Ryzen 7 7800X3D 8-Core Processor,NVIDIA GeForce RTX 4080 SUPER,gpu,8.9,11.8,16.0,nvidia_geforce_rtx_4080_super_gpu,28653.36368366982,143266.81841834908,429800.4552550473,0.0348999164998531,0.0344000291079282,0.0356999225914478
AE_PureConcat,3,500,32.0,1,encoder,flushed,0.025284374714829028,0.025187495339196175,0.029875001928303387,12752256,51016234,0.0,float32,,,,,,,Windows-11-10.0.26200-SP0,3.12.9,2.5.1,16,8,63.2,AMD Ryzen 7 7800X3D 8-Core Processor,NVIDIA GeForce RTX 4080 SUPER,gpu,8.9,11.8,16.0,nvidia_geforce_rtx_4080_super_gpu,39550.11786047887,197750.58930239436,593251.7679071832,0.8090999908745289,0.8059998508542776,0.9560000617057084
AE_PureConcat,3,500,32.0,1,decoder,flushed,0.0011343727237544936,0.001125001290347425,0.0011437441571615626,12752256,51016234,0.0,float32,,,,,,,Windows-11-10.0.26200-SP0,3.12.9,2.5.1,16,8,63.2,AMD Ryzen 7 7800X3D 8-Core Processor,NVIDIA GeForce RTX 4080 SUPER,gpu,8.9,11.8,16.0,nvidia_geforce_rtx_4080_super_gpu,881544.4686383563,4407722.343191781,13223167.029575344,0.0362999271601438,0.0360000412911176,0.03659981302917
AE_PureConcat,3,500,32.0,1,memory,,,,,12752256,51016234,0.0,float32,66498048.0,,,,,,Windows-11-10.0.26200-SP0,3.12.9,2.5.1,16,8,63.2,AMD Ryzen 7 7800X3D 8-Core Processor,NVIDIA GeForce RTX 4080 SUPER,gpu,8.9,11.8,16.0,nvidia_geforce_rtx_4080_super_gpu,,,,,,
AE_PureConcat,3,500,,1,quantize,,0.0455998815596103,0.0452001113444566,0.0459998846054077,12752256,51016234,,float32,,calibrated,2429.44,5.0,,,Windows-11-10.0.26200-SP0,3.12.9,2.5.1,16,8,63.2,AMD Ryzen 7 7800X3D 8-Core Processor,NVIDIA GeForce RTX 4080 SUPER,gpu,8.9,11.8,16.0,nvidia_geforce_rtx_4080_super_gpu,21929.881521572664,109649.40760786332,328948.22282359,0.0455998815596103,0.0452001113444566,0.0459998846054077
AE_PureConcat,3,500,,1,entropy_encode,,2.098149969242513,2.0867500570602715,2.11719999788329,12752256,51016234,,float32,,calibrated,2429.44,5.0,,,Windows-11-10.0.26200-SP0,3.12.9,2.5.1,16,8,63.2,AMD Ryzen 7 7800X3D 8-Core Processor,NVIDIA GeForce RTX 4080 SUPER,gpu,8.9,11.8,16.0,nvidia_geforce_rtx_4080_super_gpu,476.6103541974295,2383.0517709871474,7149.155312961442,2.098149969242513,2.0867500570602715,2.11719999788329
AE_PureConcat,3,500,,1,entropy_roundtrip,,4.180500051006675,4.168100073002279,4.200000083073974,12752256,51016234,,float32,,calibrated,2429.44,5.0,,,Windows-11-10.0.26200-SP0,3.12.9,2.5.1,16,8,63.2,AMD Ryzen 7 7800X3D 8-Core Processor,NVIDIA GeForce RTX 4080 SUPER,gpu,8.9,11.8,16.0,nvidia_geforce_rtx_4080_super_gpu,239.20583370384065,1196.0291685192033,3588.08750555761,4.180500051006675,4.168100073002279,4.200000083073974
AE_PureConcat,3,500,,1,dequantize,,0.0050999224185943,0.0050000380724668,0.005100155249238,12752256,51016234,,float32,,calibrated,2429.44,5.0,,,Windows-11-10.0.26200-SP0,3.12.9,2.5.1,16,8,63.2,AMD Ryzen 7 7800X3D 8-Core Processor,NVIDIA GeForce RTX 4080 SUPER,gpu,8.9,11.8,16.0,nvidia_geforce_rtx_4080_super_gpu,196081.41417093002,980407.07085465,2941221.21256395,0.0050999224185943,0.0050000380724668,0.005100155249238
AE_PureConcat,5,300,1.0,1,encoder,as_deployed,0.472899992018938,0.4662000574171543,0.484200194478035,7652056,30615210,0.0,float32,,,,,,,Windows-11-10.0.26200-SP0,3.12.9,2.5.1,16,8,63.2,AMD Ryzen 7 7800X3D 8-Core Processor,NVIDIA GeForce RTX 4080 SUPER,gpu,8.9,11.8,16.0,nvidia_geforce_rtx_4080_super_gpu,2114.612004391731,10573.060021958654,31719.18006587596,0.472899992018938,0.4662000574171543,0.484200194478035
AE_PureConcat,5,300,1.0,1,decoder,as_deployed,0.0372000504285097,0.0368999317288398,0.037600053474307,7652056,30615210,0.0,float32,,,,,,,Windows-11-10.0.26200-SP0,3.12.9,2.5.1,16,8,63.2,AMD Ryzen 7 7800X3D 8-Core Processor,NVIDIA GeForce RTX 4080 SUPER,gpu,8.9,11.8,16.0,nvidia_geforce_rtx_4080_super_gpu,26881.683989159632,134408.41994579814,403225.25983739446,0.0372000504285097,0.0368999317288398,0.037600053474307
AE_PureConcat,5,300,32.0,1,encoder,as_deployed,0.016431251424364746,0.016160152881639078,0.016784373656264506,7652056,30615210,0.0,float32,,,,,,,Windows-11-10.0.26200-SP0,3.12.9,2.5.1,16,8,63.2,AMD Ryzen 7 7800X3D 8-Core Processor,NVIDIA GeForce RTX 4080 SUPER,gpu,8.9,11.8,16.0,nvidia_geforce_rtx_4080_super_gpu,60859.63717390207,304298.18586951034,912894.5576085311,0.5258000455796719,0.5171248922124505,0.5370999570004642
AE_PureConcat,5,300,32.0,1,decoder,as_deployed,0.0012124946806579813,0.0011999945854768157,0.0012218733900226624,7652056,30615210,0.0,float32,,,,,,,Windows-11-10.0.26200-SP0,3.12.9,2.5.1,16,8,63.2,AMD Ryzen 7 7800X3D 8-Core Processor,NVIDIA GeForce RTX 4080 SUPER,gpu,8.9,11.8,16.0,nvidia_geforce_rtx_4080_super_gpu,824745.8862725341,4123729.4313626704,12371188.294088012,0.0387998297810554,0.0383998267352581,0.0390999484807252
AE_PureConcat,5,300,1.0,1,encoder,flushed,0.4877001047134399,0.4791000392287969,0.4962999373674392,7652056,30615210,0.0,float32,,,,,,,Windows-11-10.0.26200-SP0,3.12.9,2.5.1,16,8,63.2,AMD Ryzen 7 7800X3D 8-Core Processor,NVIDIA GeForce RTX 4080 SUPER,gpu,8.9,11.8,16.0,nvidia_geforce_rtx_4080_super_gpu,2050.4404045342053,10252.202022671026,30756.60606801308,0.4877001047134399,0.4791000392287969,0.4962999373674392
AE_PureConcat,5,300,1.0,1,decoder,flushed,0.0363001599907875,0.0348999164998531,0.0371001660823822,7652056,30615210,0.0,float32,,,,,,,Windows-11-10.0.26200-SP0,3.12.9,2.5.1,16,8,63.2,AMD Ryzen 7 7800X3D 8-Core Processor,NVIDIA GeForce RTX 4080 SUPER,gpu,8.9,11.8,16.0,nvidia_geforce_rtx_4080_super_gpu,27548.08794930344,137740.4397465172,413221.3192395516,0.0363001599907875,0.0348999164998531,0.0371001660823822
AE_PureConcat,5,300,32.0,1,encoder,flushed,0.016459373000543565,0.016153127944562584,0.01681249705143273,7652056,30615210,0.0,float32,,,,,,,Windows-11-10.0.26200-SP0,3.12.9,2.5.1,16,8,63.2,AMD Ryzen 7 7800X3D 8-Core Processor,NVIDIA GeForce RTX 4080 SUPER,gpu,8.9,11.8,16.0,nvidia_geforce_rtx_4080_super_gpu,60755.655757177105,303778.2787858855,911334.8363576565,0.5266999360173941,0.5169000942260027,0.5379999056458473
AE_PureConcat,5,300,32.0,1,decoder,flushed,0.001203130523208528,0.0011937518138438437,0.0012187447282485655,7652056,30615210,0.0,float32,,,,,,,Windows-11-10.0.26200-SP0,3.12.9,2.5.1,16,8,63.2,AMD Ryzen 7 7800X3D 8-Core Processor,NVIDIA GeForce RTX 4080 SUPER,gpu,8.9,11.8,16.0,nvidia_geforce_rtx_4080_super_gpu,831165.0155239879,4155825.0776199396,12467475.232859818,0.0385001767426729,0.038200058043003,0.0389998313039541
AE_PureConcat,5,300,32.0,1,memory,,,,,7652056,30615210,0.0,float32,43715072.0,,,,,,Windows-11-10.0.26200-SP0,3.12.9,2.5.1,16,8,63.2,AMD Ryzen 7 7800X3D 8-Core Processor,NVIDIA GeForce RTX 4080 SUPER,gpu,8.9,11.8,16.0,nvidia_geforce_rtx_4080_super_gpu,,,,,,
AE_PureConcat,5,300,,1,quantize,,0.0290998723357915,0.0288998708128929,0.0293999910354614,7652056,30615210,,float32,,calibrated,1194.88,5.0,,,Windows-11-10.0.26200-SP0,3.12.9,2.5.1,16,8,63.2,AMD Ryzen 7 7800X3D 8-Core Processor,NVIDIA GeForce RTX 4080 SUPER,gpu,8.9,11.8,16.0,nvidia_geforce_rtx_4080_super_gpu,34364.41192802232,171822.05964011158,515466.1789203347,0.0290998723357915,0.0288998708128929,0.0293999910354614
AE_PureConcat,5,300,,1,entropy_encode,,1.4189998619258404,1.413899939507246,1.4299500035122037,7652056,30615210,,float32,,calibrated,1194.88,5.0,,,Windows-11-10.0.26200-SP0,3.12.9,2.5.1,16,8,63.2,AMD Ryzen 7 7800X3D 8-Core Processor,NVIDIA GeForce RTX 4080 SUPER,gpu,8.9,11.8,16.0,nvidia_geforce_rtx_4080_super_gpu,704.7217035263262,3523.608517631631,10570.825552894894,1.4189998619258404,1.413899939507246,1.4299500035122037
AE_PureConcat,5,300,,1,entropy_roundtrip,,2.8386000776663423,2.821250061970204,2.859750122297555,7652056,30615210,,float32,,calibrated,1194.88,5.0,,,Windows-11-10.0.26200-SP0,3.12.9,2.5.1,16,8,63.2,AMD Ryzen 7 7800X3D 8-Core Processor,NVIDIA GeForce RTX 4080 SUPER,gpu,8.9,11.8,16.0,nvidia_geforce_rtx_4080_super_gpu,352.2863286969666,1761.431643484833,5284.294930454499,2.8386000776663423,2.821250061970204,2.859750122297555
AE_PureConcat,5,300,,1,dequantize,,0.0050000380724668,0.0049001537263393,0.0050000380724668,7652056,30615210,,float32,,calibrated,1194.88,5.0,,,Windows-11-10.0.26200-SP0,3.12.9,2.5.1,16,8,63.2,AMD Ryzen 7 7800X3D 8-Core Processor,NVIDIA GeForce RTX 4080 SUPER,gpu,8.9,11.8,16.0,nvidia_geforce_rtx_4080_super_gpu,199998.477112924,999992.38556462,2999977.1566938604,0.0050000380724668,0.0049001537263393,0.0050000380724668
AE_PureConcat,10,150,1.0,1,encoder,as_deployed,0.2568999771028757,0.2537001273594796,0.2720250631682575,3826778,15311512,0.0,float32,,,,,,,Windows-11-10.0.26200-SP0,3.12.9,2.5.1,16,8,63.2,AMD Ryzen 7 7800X3D 8-Core Processor,NVIDIA GeForce RTX 4080 SUPER,gpu,8.9,11.8,16.0,nvidia_geforce_rtx_4080_super_gpu,3892.5655474058276,19462.827737029136,58388.48321108742,0.2568999771028757,0.2537001273594796,0.2720250631682575
AE_PureConcat,10,150,1.0,1,decoder,as_deployed,0.0287001021206378,0.0284998677670955,0.028999987989664,3826778,15311512,0.0,float32,,,,,,,Windows-11-10.0.26200-SP0,3.12.9,2.5.1,16,8,63.2,AMD Ryzen 7 7800X3D 8-Core Processor,NVIDIA GeForce RTX 4080 SUPER,gpu,8.9,11.8,16.0,nvidia_geforce_rtx_4080_super_gpu,34843.08159589842,174215.40797949207,522646.22393847624,0.0287001021206378,0.0284998677670955,0.028999987989664
AE_PureConcat,10,150,32.0,1,encoder,as_deployed,0.008596878615207968,0.008474999049212784,0.008803122909739612,3826778,15311512,0.0,float32,,,,,,,Windows-11-10.0.26200-SP0,3.12.9,2.5.1,16,8,63.2,AMD Ryzen 7 7800X3D 8-Core Processor,NVIDIA GeForce RTX 4080 SUPER,gpu,8.9,11.8,16.0,nvidia_geforce_rtx_4080_super_gpu,116321.28877927734,581606.4438963867,1744819.33168916,0.275100115686655,0.2711999695748091,0.2816999331116676
AE_PureConcat,10,150,32.0,1,decoder,as_deployed,0.001118743966799228,0.0011093725333921594,0.0011281226761639094,3826778,15311512,0.0,float32,,,,,,,Windows-11-10.0.26200-SP0,3.12.9,2.5.1,16,8,63.2,AMD Ryzen 7 7800X3D 8-Core Processor,NVIDIA GeForce RTX 4080 SUPER,gpu,8.9,11.8,16.0,nvidia_geforce_rtx_4080_super_gpu,893859.5690138474,4469297.845069237,13407893.535207711,0.0357998069375753,0.0354999210685491,0.0360999256372451
AE_PureConcat,10,150,1.0,1,encoder,flushed,0.2614001277834177,0.2568999771028757,0.2672998234629631,3826778,15311512,0.0,float32,,,,,,,Windows-11-10.0.26200-SP0,3.12.9,2.5.1,16,8,63.2,AMD Ryzen 7 7800X3D 8-Core Processor,NVIDIA GeForce RTX 4080 SUPER,gpu,8.9,11.8,16.0,nvidia_geforce_rtx_4080_super_gpu,3825.5528353396485,19127.76417669824,57383.292530094724,0.2614001277834177,0.2568999771028757,0.2672998234629631
AE_PureConcat,10,150,1.0,1,decoder,flushed,0.0275999773293733,0.0271000899374485,0.0281000975519418,3826778,15311512,0.0,float32,,,,,,,Windows-11-10.0.26200-SP0,3.12.9,2.5.1,16,8,63.2,AMD Ryzen 7 7800X3D 8-Core Processor,NVIDIA GeForce RTX 4080 SUPER,gpu,8.9,11.8,16.0,nvidia_geforce_rtx_4080_super_gpu,36231.91381884756,181159.5690942378,543478.7072827135,0.0275999773293733,0.0271000899374485,0.0281000975519418
AE_PureConcat,10,150,32.0,1,encoder,flushed,0.008759372576605529,0.008581249858252702,0.009093753760680556,3826778,15311512,0.0,float32,,,,,,,Windows-11-10.0.26200-SP0,3.12.9,2.5.1,16,8,63.2,AMD Ryzen 7 7800X3D 8-Core Processor,NVIDIA GeForce RTX 4080 SUPER,gpu,8.9,11.8,16.0,nvidia_geforce_rtx_4080_super_gpu,114163.42794583176,570817.1397291587,1712451.4191874764,0.2802999224513769,0.2745999954640865,0.2910001203417778
AE_PureConcat,10,150,32.0,1,decoder,flushed,0.001125001290347425,0.0011156298569403563,0.0011374941095709781,3826778,15311512,0.0,float32,,,,,,,Windows-11-10.0.26200-SP0,3.12.9,2.5.1,16,8,63.2,AMD Ryzen 7 7800X3D 8-Core Processor,NVIDIA GeForce RTX 4080 SUPER,gpu,8.9,11.8,16.0,nvidia_geforce_rtx_4080_super_gpu,888887.8693562904,4444439.346781452,13333318.040344356,0.0360000412911176,0.0357001554220914,0.0363998115062713
AE_PureConcat,10,150,32.0,1,memory,,,,,3826778,15311512,0.0,float32,28752384.0,,,,,,Windows-11-10.0.26200-SP0,3.12.9,2.5.1,16,8,63.2,AMD Ryzen 7 7800X3D 8-Core Processor,NVIDIA GeForce RTX 4080 SUPER,gpu,8.9,11.8,16.0,nvidia_geforce_rtx_4080_super_gpu,,,,,,
AE_PureConcat,10,150,,1,quantize,,0.0193000305444002,0.019199913367629,0.0194997992366552,3826778,15311512,,float32,,calibrated,741.76,5.0,,,Windows-11-10.0.26200-SP0,3.12.9,2.5.1,16,8,63.2,AMD Ryzen 7 7800X3D 8-Core Processor,NVIDIA GeForce RTX 4080 SUPER,gpu,8.9,11.8,16.0,nvidia_geforce_rtx_4080_super_gpu,51813.389502129285,259066.94751064642,777200.8425319393,0.0193000305444002,0.019199913367629,0.0194997992366552
AE_PureConcat,10,150,,1,entropy_encode,,0.6386999739333987,0.6352749187499285,0.6464000325649977,3826778,15311512,,float32,,calibrated,741.76,5.0,,,Windows-11-10.0.26200-SP0,3.12.9,2.5.1,16,8,63.2,AMD Ryzen 7 7800X3D 8-Core Processor,NVIDIA GeForce RTX 4080 SUPER,gpu,8.9,11.8,16.0,nvidia_geforce_rtx_4080_super_gpu,1565.6803519836628,7828.4017599183135,23485.205279754944,0.6386999739333987,0.6352749187499285,0.6464000325649977
AE_PureConcat,10,150,,1,entropy_roundtrip,,1.281999982893467,1.275199931114912,1.286350074224174,3826778,15311512,,float32,,calibrated,741.76,5.0,,,Windows-11-10.0.26200-SP0,3.12.9,2.5.1,16,8,63.2,AMD Ryzen 7 7800X3D 8-Core Processor,NVIDIA GeForce RTX 4080 SUPER,gpu,8.9,11.8,16.0,nvidia_geforce_rtx_4080_super_gpu,780.0312116564975,3900.1560582824873,11700.468174847461,1.281999982893467,1.275199931114912,1.286350074224174
AE_PureConcat,10,150,,1,dequantize,,0.0048000365495681,0.0048000365495681,0.0048999208956956,3826778,15311512,,float32,,calibrated,741.76,5.0,,,Windows-11-10.0.26200-SP0,3.12.9,2.5.1,16,8,63.2,AMD Ryzen 7 7800X3D 8-Core Processor,NVIDIA GeForce RTX 4080 SUPER,gpu,8.9,11.8,16.0,nvidia_geforce_rtx_4080_super_gpu,208331.7469926304,1041658.7349631519,3124976.204889456,0.0048000365495681,0.0048000365495681,0.0048999208956956
AE_PureConcat,15,100,1.0,1,encoder,as_deployed,0.2623000182211399,0.2573998644948005,0.2685000654309988,2551728,10211416,0.0,float32,,,,,,,Windows-11-10.0.26200-SP0,3.12.9,2.5.1,16,8,63.2,AMD Ryzen 7 7800X3D 8-Core Processor,NVIDIA GeForce RTX 4080 SUPER,gpu,8.9,11.8,16.0,nvidia_geforce_rtx_4080_super_gpu,3812.428252128141,19062.141260640703,57186.423781922116,0.2623000182211399,0.2573998644948005,0.2685000654309988
AE_PureConcat,15,100,1.0,1,decoder,as_deployed,0.0285999849438667,0.0263999681919813,0.0290998723357915,2551728,10211416,0.0,float32,,,,,,,Windows-11-10.0.26200-SP0,3.12.9,2.5.1,16,8,63.2,AMD Ryzen 7 7800X3D 8-Core Processor,NVIDIA GeForce RTX 4080 SUPER,gpu,8.9,11.8,16.0,nvidia_geforce_rtx_4080_super_gpu,34965.05337197568,174825.26685987838,524475.8005796352,0.0285999849438667,0.0263999681919813,0.0290998723357915
AE_PureConcat,15,100,32.0,1,encoder,as_deployed,0.008571878424845634,0.008471877663396297,0.008737501048017293,2551728,10211416,0.0,float32,,,,,,,Windows-11-10.0.26200-SP0,3.12.9,2.5.1,16,8,63.2,AMD Ryzen 7 7800X3D 8-Core Processor,NVIDIA GeForce RTX 4080 SUPER,gpu,8.9,11.8,16.0,nvidia_geforce_rtx_4080_super_gpu,116660.54398315948,583302.7199157974,1749908.1597473924,0.2743001095950603,0.2711000852286815,0.2796000335365534
AE_PureConcat,15,100,32.0,1,decoder,as_deployed,0.001125001290347425,0.0011187512427568405,0.0011374941095709781,2551728,10211416,0.0,float32,,,,,,,Windows-11-10.0.26200-SP0,3.12.9,2.5.1,16,8,63.2,AMD Ryzen 7 7800X3D 8-Core Processor,NVIDIA GeForce RTX 4080 SUPER,gpu,8.9,11.8,16.0,nvidia_geforce_rtx_4080_super_gpu,888887.8693562904,4444439.346781452,13333318.040344356,0.0360000412911176,0.0358000397682189,0.0363998115062713
AE_PureConcat,15,100,1.0,1,encoder,flushed,0.2598999999463558,0.2561998553574085,0.2651999238878488,2551728,10211416,0.0,float32,,,,,,,Windows-11-10.0.26200-SP0,3.12.9,2.5.1,16,8,63.2,AMD Ryzen 7 7800X3D 8-Core Processor,NVIDIA GeForce RTX 4080 SUPER,gpu,8.9,11.8,16.0,nvidia_geforce_rtx_4080_super_gpu,3847.633706065422,19238.168530327108,57714.50559098133,0.2598999999463558,0.2561998553574085,0.2651999238878488
AE_PureConcat,15,100,1.0,1,decoder,flushed,0.0274998601526021,0.0262998510152101,0.0279000960290431,2551728,10211416,0.0,float32,,,,,,,Windows-11-10.0.26200-SP0,3.12.9,2.5.1,16,8,63.2,AMD Ryzen 7 7800X3D 8-Core Processor,NVIDIA GeForce RTX 4080 SUPER,gpu,8.9,11.8,16.0,nvidia_geforce_rtx_4080_super_gpu,36363.82128675581,181819.10643377903,545457.3193013371,0.0274998601526021,0.0262998510152101,0.0279000960290431
AE_PureConcat,15,100,32.0,1,encoder,flushed,0.008584371244069187,0.008481249096803365,0.008762501238379627,2551728,10211416,0.0,float32,,,,,,,Windows-11-10.0.26200-SP0,3.12.9,2.5.1,16,8,63.2,AMD Ryzen 7 7800X3D 8-Core Processor,NVIDIA GeForce RTX 4080 SUPER,gpu,8.9,11.8,16.0,nvidia_geforce_rtx_4080_super_gpu,116490.7681143083,582453.8405715415,1747361.5217146247,0.274699879810214,0.2713999710977077,0.2804000396281481
AE_PureConcat,15,100,32.0,1,decoder,flushed,0.001125001290347425,0.0011156298569403563,0.0011343727237544936,2551728,10211416,0.0,float32,,,,,,,Windows-11-10.0.26200-SP0,3.12.9,2.5.1,16,8,63.2,AMD Ryzen 7 7800X3D 8-Core Processor,NVIDIA GeForce RTX 4080 SUPER,gpu,8.9,11.8,16.0,nvidia_geforce_rtx_4080_super_gpu,888887.8693562904,4444439.346781452,13333318.040344356,0.0360000412911176,0.0357001554220914,0.0362999271601438
AE_PureConcat,15,100,32.0,1,memory,,,,,2551728,10211416,0.0,float32,23259648.0,,,,,,Windows-11-10.0.26200-SP0,3.12.9,2.5.1,16,8,63.2,AMD Ryzen 7 7800X3D 8-Core Processor,NVIDIA GeForce RTX 4080 SUPER,gpu,8.9,11.8,16.0,nvidia_geforce_rtx_4080_super_gpu,,,,,,
AE_PureConcat,15,100,,1,quantize,,0.015700003132224,0.0156001187860965,0.0158001203089952,2551728,10211416,,float32,,calibrated,500.48,5.0,,,Windows-11-10.0.26200-SP0,3.12.9,2.5.1,16,8,63.2,AMD Ryzen 7 7800X3D 8-Core Processor,NVIDIA GeForce RTX 4080 SUPER,gpu,8.9,11.8,16.0,nvidia_geforce_rtx_4080_super_gpu,63694.25480861952,318471.27404309757,955413.8221292928,0.015700003132224,0.0156001187860965,0.0158001203089952
AE_PureConcat,15,100,,1,entropy_encode,,0.4324999172240495,0.4284000024199486,0.4358000587671995,2551728,10211416,,float32,,calibrated,500.48,5.0,,,Windows-11-10.0.26200-SP0,3.12.9,2.5.1,16,8,63.2,AMD Ryzen 7 7800X3D 8-Core Processor,NVIDIA GeForce RTX 4080 SUPER,gpu,8.9,11.8,16.0,nvidia_geforce_rtx_4080_super_gpu,2312.139170842815,11560.695854214075,34682.08756264223,0.4324999172240495,0.4284000024199486,0.4358000587671995
AE_PureConcat,15,100,,1,entropy_roundtrip,,0.8625999325886369,0.8582749287597835,0.8685499778948724,2551728,10211416,,float32,,calibrated,500.48,5.0,,,Windows-11-10.0.26200-SP0,3.12.9,2.5.1,16,8,63.2,AMD Ryzen 7 7800X3D 8-Core Processor,NVIDIA GeForce RTX 4080 SUPER,gpu,8.9,11.8,16.0,nvidia_geforce_rtx_4080_super_gpu,1159.2859704950702,5796.42985247535,17389.28955742605,0.8625999325886369,0.8582749287597835,0.8685499778948724
AE_PureConcat,15,100,,1,dequantize,,0.0046000350266695,0.0046000350266695,0.004699919372797,2551728,10211416,,float32,,calibrated,500.48,5.0,,,Windows-11-10.0.26200-SP0,3.12.9,2.5.1,16,8,63.2,AMD Ryzen 7 7800X3D 8-Core Processor,NVIDIA GeForce RTX 4080 SUPER,gpu,8.9,11.8,16.0,nvidia_geforce_rtx_4080_super_gpu,217389.6490357849,1086948.2451789244,3260844.7355367737,0.0046000350266695,0.0046000350266695,0.004699919372797
AE_PureConcat,20,75,1.0,1,encoder,as_deployed,0.2544000744819641,0.2504999283701181,0.2608001232147217,1914203,7661272,0.0,float32,,,,,,,Windows-11-10.0.26200-SP0,3.12.9,2.5.1,16,8,63.2,AMD Ryzen 7 7800X3D 8-Core Processor,NVIDIA GeForce RTX 4080 SUPER,gpu,8.9,11.8,16.0,nvidia_geforce_rtx_4080_super_gpu,3930.8164592180406,19654.0822960902,58962.24688827061,0.2544000744819641,0.2504999283701181,0.2608001232147217
AE_PureConcat,20,75,1.0,1,decoder,as_deployed,0.0273999758064746,0.0269999727606773,0.0293001066893339,1914203,7661272,0.0,float32,,,,,,,Windows-11-10.0.26200-SP0,3.12.9,2.5.1,16,8,63.2,AMD Ryzen 7 7800X3D 8-Core Processor,NVIDIA GeForce RTX 4080 SUPER,gpu,8.9,11.8,16.0,nvidia_geforce_rtx_4080_super_gpu,36496.38259037078,182481.91295185388,547445.7388555616,0.0273999758064746,0.0269999727606773,0.0293001066893339
AE_PureConcat,20,75,32.0,1,encoder,as_deployed,0.008721872291062025,0.008465627615805715,0.009084375051315872,1914203,7661272,0.0,float32,,,,,,,Windows-11-10.0.26200-SP0,3.12.9,2.5.1,16,8,63.2,AMD Ryzen 7 7800X3D 8-Core Processor,NVIDIA GeForce RTX 4080 SUPER,gpu,8.9,11.8,16.0,nvidia_geforce_rtx_4080_super_gpu,114654.28140065489,573271.4070032744,1719814.2210098233,0.2790999133139848,0.2709000837057829,0.2907000016421079
AE_PureConcat,20,75,32.0,1,decoder,as_deployed,0.001103122485801575,0.0010968724382109938,0.0011156225809827438,1914203,7661272,0.0,float32,,,,,,,Windows-11-10.0.26200-SP0,3.12.9,2.5.1,16,8,63.2,AMD Ryzen 7 7800X3D 8-Core Processor,NVIDIA GeForce RTX 4080 SUPER,gpu,8.9,11.8,16.0,nvidia_geforce_rtx_4080_super_gpu,906517.646835345,4532588.234176724,13597764.702530175,0.0352999195456504,0.0350999180227518,0.0356999225914478
AE_PureConcat,20,75,1.0,1,encoder,flushed,0.2614001277834177,0.2567000337876379,0.2672749105840921,1914203,7661272,0.0,float32,,,,,,,Windows-11-10.0.26200-SP0,3.12.9,2.5.1,16,8,63.2,AMD Ryzen 7 7800X3D 8-Core Processor,NVIDIA GeForce RTX 4080 SUPER,gpu,8.9,11.8,16.0,nvidia_geforce_rtx_4080_super_gpu,3825.5528353396485,19127.76417669824,57383.292530094724,0.2614001277834177,0.2567000337876379,0.2672749105840921
AE_PureConcat,20,75,1.0,1,decoder,flushed,0.027799978852272,0.027199974283576,0.0282998662441968,1914203,7661272,0.0,float32,,,,,,,Windows-11-10.0.26200-SP0,3.12.9,2.5.1,16,8,63.2,AMD Ryzen 7 7800X3D 8-Core Processor,NVIDIA GeForce RTX 4080 SUPER,gpu,8.9,11.8,16.0,nvidia_geforce_rtx_4080_super_gpu,35971.25038525968,179856.25192629837,539568.7557788951,0.027799978852272,0.027199974283576,0.0282998662441968
AE_PureConcat,20,75,32.0,1,encoder,flushed,0.008715622243471444,0.008518749382346869,0.009034374670591204,1914203,7661272,0.0,float32,,,,,,,Windows-11-10.0.26200-SP0,3.12.9,2.5.1,16,8,63.2,AMD Ryzen 7 7800X3D 8-Core Processor,NVIDIA GeForce RTX 4080 SUPER,gpu,8.9,11.8,16.0,nvidia_geforce_rtx_4080_super_gpu,114736.50097089323,573682.5048544662,1721047.5145633987,0.2788999117910862,0.2725999802350998,0.2890999894589185
AE_PureConcat,20,75,32.0,1,decoder,flushed,0.0011000010999850907,0.0010937510523945093,0.0011125011951662594,1914203,7661272,0.0,float32,,,,,,,Windows-11-10.0.26200-SP0,3.12.9,2.5.1,16,8,63.2,AMD Ryzen 7 7800X3D 8-Core Processor,NVIDIA GeForce RTX 4080 SUPER,gpu,8.9,11.8,16.0,nvidia_geforce_rtx_4080_super_gpu,909090.0000132308,4545450.000066154,13636350.000198461,0.0352000351995229,0.0350000336766243,0.0356000382453203
AE_PureConcat,20,75,32.0,1,memory,,,,,1914203,7661272,0.0,float32,21227008.0,,,,,,Windows-11-10.0.26200-SP0,3.12.9,2.5.1,16,8,63.2,AMD Ryzen 7 7800X3D 8-Core Processor,NVIDIA GeForce RTX 4080 SUPER,gpu,8.9,11.8,16.0,nvidia_geforce_rtx_4080_super_gpu,,,,,,
AE_PureConcat,20,75,,1,quantize,,0.0146999955177307,0.0146001111716032,0.0148001126945018,1914203,7661272,,float32,,calibrated,350.08,5.0,,,Windows-11-10.0.26200-SP0,3.12.9,2.5.1,16,8,63.2,AMD Ryzen 7 7800X3D 8-Core Processor,NVIDIA GeForce RTX 4080 SUPER,gpu,8.9,11.8,16.0,nvidia_geforce_rtx_4080_super_gpu,68027.23162696407,340136.15813482035,1020408.4744044611,0.0146999955177307,0.0146001111716032,0.0148001126945018
AE_PureConcat,20,75,,1,entropy_encode,,0.3223000094294548,0.3198999911546707,0.3249999135732651,1914203,7661272,,float32,,calibrated,350.08,5.0,,,Windows-11-10.0.26200-SP0,3.12.9,2.5.1,16,8,63.2,AMD Ryzen 7 7800X3D 8-Core Processor,NVIDIA GeForce RTX 4080 SUPER,gpu,8.9,11.8,16.0,nvidia_geforce_rtx_4080_super_gpu,3102.6992576581993,15513.496288290995,46540.48886487299,0.3223000094294548,0.3198999911546707,0.3249999135732651
AE_PureConcat,20,75,,1,entropy_roundtrip,,0.6401001010090113,0.6354001816362143,0.6444499595090747,1914203,7661272,,float32,,calibrated,350.08,5.0,,,Windows-11-10.0.26200-SP0,3.12.9,2.5.1,16,8,63.2,AMD Ryzen 7 7800X3D 8-Core Processor,NVIDIA GeForce RTX 4080 SUPER,gpu,8.9,11.8,16.0,nvidia_geforce_rtx_4080_super_gpu,1562.2556509890662,7811.27825494533,23433.834764835996,0.6401001010090113,0.6354001816362143,0.6444499595090747
AE_PureConcat,20,75,,1,dequantize,,0.0046000350266695,0.0046000350266695,0.004699919372797,1914203,7661272,,float32,,calibrated,350.08,5.0,,,Windows-11-10.0.26200-SP0,3.12.9,2.5.1,16,8,63.2,AMD Ryzen 7 7800X3D 8-Core Processor,NVIDIA GeForce RTX 4080 SUPER,gpu,8.9,11.8,16.0,nvidia_geforce_rtx_4080_super_gpu,217389.6490357849,1086948.2451789244,3260844.7355367737,0.0046000350266695,0.0046000350266695,0.004699919372797
AE_PureConcat,30,50,1.0,1,encoder,as_deployed,0.2715999726206064,0.2557748812250793,0.3337250673212111,676614,2710744,0.0,float32,,,,,,,Windows-11-10.0.26200-SP0,3.12.9,2.5.1,16,8,63.2,AMD Ryzen 7 7800X3D 8-Core Processor,NVIDIA GeForce RTX 4080 SUPER,gpu,8.9,11.8,16.0,nvidia_geforce_rtx_4080_super_gpu,3681.8854963468048,18409.427481734023,55228.282445202065,0.2715999726206064,0.2557748812250793,0.3337250673212111
AE_PureConcat,30,50,1.0,1,decoder,as_deployed,0.0263999681919813,0.0261999666690826,0.0267000868916511,676614,2710744,0.0,float32,,,,,,,Windows-11-10.0.26200-SP0,3.12.9,2.5.1,16,8,63.2,AMD Ryzen 7 7800X3D 8-Core Processor,NVIDIA GeForce RTX 4080 SUPER,gpu,8.9,11.8,16.0,nvidia_geforce_rtx_4080_super_gpu,37878.833517069885,189394.1675853494,568182.5027560482,0.0263999681919813,0.0261999666690826,0.0267000868916511
AE_PureConcat,30,50,32.0,1,encoder,as_deployed,0.008506256563123316,0.0084281200543046,0.008681250619702041,676614,2710744,0.0,float32,,,,,,,Windows-11-10.0.26200-SP0,3.12.9,2.5.1,16,8,63.2,AMD Ryzen 7 7800X3D 8-Core Processor,NVIDIA GeForce RTX 4080 SUPER,gpu,8.9,11.8,16.0,nvidia_geforce_rtx_4080_super_gpu,117560.5264876729,587802.6324383644,1763407.8973150935,0.2722002100199461,0.2696998417377472,0.2778000198304653
AE_PureConcat,30,50,32.0,1,decoder,as_deployed,0.001021879143081603,0.0010156218195334062,0.0010406220098957406,676614,2710744,0.0,float32,,,,,,,Windows-11-10.0.26200-SP0,3.12.9,2.5.1,16,8,63.2,AMD Ryzen 7 7800X3D 8-Core Processor,NVIDIA GeForce RTX 4080 SUPER,gpu,8.9,11.8,16.0,nvidia_geforce_rtx_4080_super_gpu,978589.3045868186,4892946.522934092,14678839.568802278,0.0327001325786113,0.032499898225069,0.0332999043166637
AE_PureConcat,30,50,1.0,1,encoder,flushed,0.2584001049399376,0.2486000303179025,0.2617000136524439,676614,2710744,0.0,float32,,,,,,,Windows-11-10.0.26200-SP0,3.12.9,2.5.1,16,8,63.2,AMD Ryzen 7 7800X3D 8-Core Processor,NVIDIA GeForce RTX 4080 SUPER,gpu,8.9,11.8,16.0,nvidia_geforce_rtx_4080_super_gpu,3869.9674685985115,19349.837342992556,58049.512028977675,0.2584001049399376,0.2486000303179025,0.2617000136524439
AE_PureConcat,30,50,1.0,1,decoder,flushed,0.0262998510152101,0.0259999651461839,0.0265000853687524,676614,2710744,0.0,float32,,,,,,,Windows-11-10.0.26200-SP0,3.12.9,2.5.1,16,8,63.2,AMD Ryzen 7 7800X3D 8-Core Processor,NVIDIA GeForce RTX 4080 SUPER,gpu,8.9,11.8,16.0,nvidia_geforce_rtx_4080_super_gpu,38023.02908186308,190115.1454093154,570345.4362279463,0.0262998510152101,0.0259999651461839,0.0265000853687524
AE_PureConcat,30,50,32.0,1,encoder,flushed,0.008578124834457412,0.008465627615805715,0.008837501809466628,676614,2710744,0.0,float32,,,,,,,Windows-11-10.0.26200-SP0,3.12.9,2.5.1,16,8,63.2,AMD Ryzen 7 7800X3D 8-Core Processor,NVIDIA GeForce RTX 4080 SUPER,gpu,8.9,11.8,16.0,nvidia_geforce_rtx_4080_super_gpu,116575.59423513012,582877.9711756506,1748633.9135269518,0.2744999947026372,0.2709000837057829,0.2828000579029321
AE_PureConcat,30,50,32.0,1,decoder,flushed,0.0010156290954910219,0.0010062503861263375,0.0010625008144415906,676614,2710744,0.0,float32,,,,,,,Windows-11-10.0.26200-SP0,3.12.9,2.5.1,16,8,63.2,AMD Ryzen 7 7800X3D 8-Core Processor,NVIDIA GeForce RTX 4080 SUPER,gpu,8.9,11.8,16.0,nvidia_geforce_rtx_4080_super_gpu,984611.4141861348,4923057.070930674,14769171.212792022,0.0325001310557127,0.0322000123560428,0.0340000260621309
AE_PureConcat,30,50,32.0,1,memory,,,,,676614,2710744,0.0,float32,14211584.0,,,,,,Windows-11-10.0.26200-SP0,3.12.9,2.5.1,16,8,63.2,AMD Ryzen 7 7800X3D 8-Core Processor,NVIDIA GeForce RTX 4080 SUPER,gpu,8.9,11.8,16.0,nvidia_geforce_rtx_4080_super_gpu,,,,,,
AE_PureConcat,30,50,,1,quantize,,0.0124999787658452,0.0124000944197177,0.0126000959426164,676614,2710744,,float32,,calibrated,257.28,5.0,,,Windows-11-10.0.26200-SP0,3.12.9,2.5.1,16,8,63.2,AMD Ryzen 7 7800X3D 8-Core Processor,NVIDIA GeForce RTX 4080 SUPER,gpu,8.9,11.8,16.0,nvidia_geforce_rtx_4080_super_gpu,80000.13589882158,400000.6794941079,1200002.0384823238,0.0124999787658452,0.0124000944197177,0.0126000959426164
AE_PureConcat,30,50,,1,entropy_encode,,0.2036001533269882,0.202300027012825,0.2060001716017723,676614,2710744,,float32,,calibrated,257.28,5.0,,,Windows-11-10.0.26200-SP0,3.12.9,2.5.1,16,8,63.2,AMD Ryzen 7 7800X3D 8-Core Processor,NVIDIA GeForce RTX 4080 SUPER,gpu,8.9,11.8,16.0,nvidia_geforce_rtx_4080_super_gpu,4911.587656783189,24557.938283915944,73673.81485174784,0.2036001533269882,0.202300027012825,0.2060001716017723
AE_PureConcat,30,50,,1,entropy_roundtrip,,0.4083000821992755,0.4056000616401434,0.4112000460736453,676614,2710744,,float32,,calibrated,257.28,5.0,,,Windows-11-10.0.26200-SP0,3.12.9,2.5.1,16,8,63.2,AMD Ryzen 7 7800X3D 8-Core Processor,NVIDIA GeForce RTX 4080 SUPER,gpu,8.9,11.8,16.0,nvidia_geforce_rtx_4080_super_gpu,2449.179031788533,12245.895158942663,36737.685476827995,0.4083000821992755,0.4056000616401434,0.4112000460736453
AE_PureConcat,30,50,,1,dequantize,,0.0046000350266695,0.0045001506805419,0.0046000350266695,676614,2710744,,float32,,calibrated,257.28,5.0,,,Windows-11-10.0.26200-SP0,3.12.9,2.5.1,16,8,63.2,AMD Ryzen 7 7800X3D 8-Core Processor,NVIDIA GeForce RTX 4080 SUPER,gpu,8.9,11.8,16.0,nvidia_geforce_rtx_4080_super_gpu,217389.6490357849,1086948.2451789244,3260844.7355367737,0.0046000350266695,0.0045001506805419,0.0046000350266695
AE_PureConcat,50,30,1.0,1,encoder,as_deployed,0.2412998583167791,0.2384998369961977,0.2446998842060566,766658,3071128,0.0,float32,,,,,,,Windows-11-10.0.26200-SP0,3.12.9,2.5.1,16,8,63.2,AMD Ryzen 7 7800X3D 8-Core Processor,NVIDIA GeForce RTX 4080 SUPER,gpu,8.9,11.8,16.0,nvidia_geforce_rtx_4080_super_gpu,4144.22124810035,20721.106240501747,62163.31872150525,0.2412998583167791,0.2384998369961977,0.2446998842060566
AE_PureConcat,50,30,1.0,1,decoder,as_deployed,0.0261999666690826,0.0259000808000564,0.0283000990748405,766658,3071128,0.0,float32,,,,,,,Windows-11-10.0.26200-SP0,3.12.9,2.5.1,16,8,63.2,AMD Ryzen 7 7800X3D 8-Core Processor,NVIDIA GeForce RTX 4080 SUPER,gpu,8.9,11.8,16.0,nvidia_geforce_rtx_4080_super_gpu,38167.98748755871,190839.93743779356,572519.8123133807,0.0261999666690826,0.0259000808000564,0.0283000990748405
AE_PureConcat,50,30,32.0,1,encoder,as_deployed,0.008521870768163353,0.008390619768761097,0.008821873052511362,766658,3071128,0.0,float32,,,,,,,Windows-11-10.0.26200-SP0,3.12.9,2.5.1,16,8,63.2,AMD Ryzen 7 7800X3D 8-Core Processor,NVIDIA GeForce RTX 4080 SUPER,gpu,8.9,11.8,16.0,nvidia_geforce_rtx_4080_super_gpu,117345.12611196538,586725.6305598269,1760176.8916794807,0.2726998645812273,0.2684998326003551,0.2822999376803636
AE_PureConcat,50,30,32.0,1,decoder,as_deployed,0.0009281211532652375,0.0008843780960887656,0.0009562500054016688,766658,3071128,0.0,float32,,,,,,,Windows-11-10.0.26200-SP0,3.12.9,2.5.1,16,8,63.2,AMD Ryzen 7 7800X3D 8-Core Processor,NVIDIA GeForce RTX 4080 SUPER,gpu,8.9,11.8,16.0,nvidia_geforce_rtx_4080_super_gpu,1077445.5430542494,5387227.715271247,16161683.14581374,0.0296998769044876,0.0283000990748405,0.0306000001728534
AE_PureConcat,50,30,1.0,1,encoder,flushed,0.2463001292198896,0.2439001109451055,0.2509001642465591,766658,3071128,0.0,float32,,,,,,,Windows-11-10.0.26200-SP0,3.12.9,2.5.1,16,8,63.2,AMD Ryzen 7 7800X3D 8-Core Processor,NVIDIA GeForce RTX 4080 SUPER,gpu,8.9,11.8,16.0,nvidia_geforce_rtx_4080_super_gpu,4060.087191863505,20300.43595931752,60901.307877952575,0.2463001292198896,0.2439001109451055,0.2509001642465591
AE_PureConcat,50,30,1.0,1,decoder,flushed,0.0273999758064746,0.0269999727606773,0.027799978852272,766658,3071128,0.0,float32,,,,,,,Windows-11-10.0.26200-SP0,3.12.9,2.5.1,16,8,63.2,AMD Ryzen 7 7800X3D 8-Core Processor,NVIDIA GeForce RTX 4080 SUPER,gpu,8.9,11.8,16.0,nvidia_geforce_rtx_4080_super_gpu,36496.38259037078,182481.91295185388,547445.7388555616,0.0273999758064746,0.0269999727606773,0.027799978852272
AE_PureConcat,50,30,32.0,1,encoder,flushed,0.008453120244666934,0.008343748049810529,0.008618750143796206,766658,3071128,0.0,float32,,,,,,,Windows-11-10.0.26200-SP0,3.12.9,2.5.1,16,8,63.2,AMD Ryzen 7 7800X3D 8-Core Processor,NVIDIA GeForce RTX 4080 SUPER,gpu,8.9,11.8,16.0,nvidia_geforce_rtx_4080_super_gpu,118299.51202112605,591497.5601056302,1774492.6803168908,0.2704998478293419,0.2669999375939369,0.2758000046014786
AE_PureConcat,50,30,32.0,1,decoder,flushed,0.0009187497198581688,0.0008781280484981812,0.0009499999578110843,766658,3071128,0.0,float32,,,,,,,Windows-11-10.0.26200-SP0,3.12.9,2.5.1,16,8,63.2,AMD Ryzen 7 7800X3D 8-Core Processor,NVIDIA GeForce RTX 4080 SUPER,gpu,8.9,11.8,16.0,nvidia_geforce_rtx_4080_super_gpu,1088435.7060314252,5442178.530157126,16326535.590471378,0.0293999910354614,0.0281000975519418,0.0303999986499547
AE_PureConcat,50,30,32.0,1,memory,,,,,766658,3071128,0.0,float32,16102400.0,,,,,,Windows-11-10.0.26200-SP0,3.12.9,2.5.1,16,8,63.2,AMD Ryzen 7 7800X3D 8-Core Processor,NVIDIA GeForce RTX 4080 SUPER,gpu,8.9,11.8,16.0,nvidia_geforce_rtx_4080_super_gpu,,,,,,
AE_PureConcat,50,30,,1,quantize,,0.0108000822365283,0.0106999650597572,0.0108999665826559,766658,3071128,,float32,,calibrated,160.0,5.0,,,Windows-11-10.0.26200-SP0,3.12.9,2.5.1,16,8,63.2,AMD Ryzen 7 7800X3D 8-Core Processor,NVIDIA GeForce RTX 4080 SUPER,gpu,8.9,11.8,16.0,nvidia_geforce_rtx_4080_super_gpu,92591.88755227954,462959.4377613977,1388878.3132841932,0.0108000822365283,0.0106999650597572,0.0108999665826559
AE_PureConcat,50,30,,1,entropy_encode,,0.1197999808937311,0.1191000919789075,0.1211999915540218,766658,3071128,,float32,,calibrated,160.0,5.0,,,Windows-11-10.0.26200-SP0,3.12.9,2.5.1,16,8,63.2,AMD Ryzen 7 7800X3D 8-Core Processor,NVIDIA GeForce RTX 4080 SUPER,gpu,8.9,11.8,16.0,nvidia_geforce_rtx_4080_super_gpu,8347.246740273295,41736.23370136647,125208.70110409943,0.1197999808937311,0.1191000919789075,0.1211999915540218
AE_PureConcat,50,30,,1,entropy_roundtrip,,0.236149993725121,0.2349999267607927,0.2385999541729688,766658,3071128,,float32,,calibrated,160.0,5.0,,,Windows-11-10.0.26200-SP0,3.12.9,2.5.1,16,8,63.2,AMD Ryzen 7 7800X3D 8-Core Processor,NVIDIA GeForce RTX 4080 SUPER,gpu,8.9,11.8,16.0,nvidia_geforce_rtx_4080_super_gpu,4234.596767188576,21172.98383594288,63518.95150782865,0.236149993725121,0.2349999267607927,0.2385999541729688
AE_PureConcat,50,30,,1,dequantize,,0.0046000350266695,0.0046000350266695,0.004699919372797,766658,3071128,,float32,,calibrated,160.0,5.0,,,Windows-11-10.0.26200-SP0,3.12.9,2.5.1,16,8,63.2,AMD Ryzen 7 7800X3D 8-Core Processor,NVIDIA GeForce RTX 4080 SUPER,gpu,8.9,11.8,16.0,nvidia_geforce_rtx_4080_super_gpu,217389.6490357849,1086948.2451789244,3260844.7355367737,0.0046000350266695,0.0046000350266695,0.004699919372797
AE_PureConcat,60,25,1.0,1,encoder,as_deployed,0.2417000941932201,0.2385000698268413,0.2456000074744224,639153,2561048,0.0,float32,,,,,,,Windows-11-10.0.26200-SP0,3.12.9,2.5.1,16,8,63.2,AMD Ryzen 7 7800X3D 8-Core Processor,NVIDIA GeForce RTX 4080 SUPER,gpu,8.9,11.8,16.0,nvidia_geforce_rtx_4080_super_gpu,4137.358751712273,20686.793758561365,62060.3812756841,0.2417000941932201,0.2385000698268413,0.2456000074744224
AE_PureConcat,60,25,1.0,1,decoder,as_deployed,0.0272998586297035,0.0268998555839061,0.028999987989664,639153,2561048,0.0,float32,,,,,,,Windows-11-10.0.26200-SP0,3.12.9,2.5.1,16,8,63.2,AMD Ryzen 7 7800X3D 8-Core Processor,NVIDIA GeForce RTX 4080 SUPER,gpu,8.9,11.8,16.0,nvidia_geforce_rtx_4080_super_gpu,36630.22631596905,183151.13157984524,549453.3947395358,0.0272998586297035,0.0268998555839061,0.028999987989664
AE_PureConcat,60,25,32.0,1,encoder,as_deployed,0.008631250238977373,0.008481256372760981,0.008831251761876047,639153,2561048,0.0,float32,,,,,,,Windows-11-10.0.26200-SP0,3.12.9,2.5.1,16,8,63.2,AMD Ryzen 7 7800X3D 8-Core Processor,NVIDIA GeForce RTX 4080 SUPER,gpu,8.9,11.8,16.0,nvidia_geforce_rtx_4080_super_gpu,115858.07065170661,579290.353258533,1737871.059775599,0.2762000076472759,0.2714002039283514,0.2826000563800335
AE_PureConcat,60,25,32.0,1,decoder,as_deployed,0.0009187497198581688,0.00088437082013115,0.0009687501005828375,639153,2561048,0.0,float32,,,,,,,Windows-11-10.0.26200-SP0,3.12.9,2.5.1,16,8,63.2,AMD Ryzen 7 7800X3D 8-Core Processor,NVIDIA GeForce RTX 4080 SUPER,gpu,8.9,11.8,16.0,nvidia_geforce_rtx_4080_super_gpu,1088435.7060314252,5442178.530157126,16326535.590471378,0.0293999910354614,0.0282998662441968,0.0310000032186508
AE_PureConcat,60,25,1.0,1,encoder,flushed,0.2446998842060566,0.2413999754935503,0.2488000318408012,639153,2561048,0.0,float32,,,,,,,Windows-11-10.0.26200-SP0,3.12.9,2.5.1,16,8,63.2,AMD Ryzen 7 7800X3D 8-Core Processor,NVIDIA GeForce RTX 4080 SUPER,gpu,8.9,11.8,16.0,nvidia_geforce_rtx_4080_super_gpu,4086.6386318267364,20433.19315913368,61299.57947740105,0.2446998842060566,0.2413999754935503,0.2488000318408012
AE_PureConcat,60,25,1.0,1,decoder,flushed,0.0281000975519418,0.0255999621003866,0.0287001021206378,639153,2561048,0.0,float32,,,,,,,Windows-11-10.0.26200-SP0,3.12.9,2.5.1,16,8,63.2,AMD Ryzen 7 7800X3D 8-Core Processor,NVIDIA GeForce RTX 4080 SUPER,gpu,8.9,11.8,16.0,nvidia_geforce_rtx_4080_super_gpu,35587.065068067604,177935.32534033802,533805.976021014,0.0281000975519418,0.0255999621003866,0.0287001021206378
AE_PureConcat,60,25,32.0,1,encoder,flushed,0.008568749763071537,0.008425005944445728,0.008971874194685368,639153,2561048,0.0,float32,,,,,,,Windows-11-10.0.26200-SP0,3.12.9,2.5.1,16,8,63.2,AMD Ryzen 7 7800X3D 8-Core Processor,NVIDIA GeForce RTX 4080 SUPER,gpu,8.9,11.8,16.0,nvidia_geforce_rtx_4080_super_gpu,116703.13962366687,583515.6981183343,1750547.094355003,0.2741999924182892,0.2696001902222633,0.2870999742299318
AE_PureConcat,60,25,32.0,1,decoder,flushed,0.0009187497198581688,0.0008812494343146656,0.0009406285244040188,639153,2561048,0.0,float32,,,,,,,Windows-11-10.0.26200-SP0,3.12.9,2.5.1,16,8,63.2,AMD Ryzen 7 7800X3D 8-Core Processor,NVIDIA GeForce RTX 4080 SUPER,gpu,8.9,11.8,16.0,nvidia_geforce_rtx_4080_super_gpu,1088435.7060314252,5442178.530157126,16326535.590471378,0.0293999910354614,0.0281999818980693,0.0301001127809286
AE_PureConcat,60,25,32.0,1,memory,,,,,639153,2561048,0.0,float32,15590912.0,,,,,,Windows-11-10.0.26200-SP0,3.12.9,2.5.1,16,8,63.2,AMD Ryzen 7 7800X3D 8-Core Processor,NVIDIA GeForce RTX 4080 SUPER,gpu,8.9,11.8,16.0,nvidia_geforce_rtx_4080_super_gpu,,,,,,
AE_PureConcat,60,25,,1,quantize,,0.0104999635368585,0.010400079190731,0.0104999635368585,639153,2561048,,float32,,calibrated,131.84,5.0,,,Windows-11-10.0.26200-SP0,3.12.9,2.5.1,16,8,63.2,AMD Ryzen 7 7800X3D 8-Core Processor,NVIDIA GeForce RTX 4080 SUPER,gpu,8.9,11.8,16.0,nvidia_geforce_rtx_4080_super_gpu,95238.42597068594,476192.1298534297,1428576.3895602892,0.0104999635368585,0.010400079190731,0.0104999635368585
AE_PureConcat,60,25,,1,entropy_encode,,0.0982000492513179,0.0976000446826219,0.098800053820014,639153,2561048,,float32,,calibrated,131.84,5.0,,,Windows-11-10.0.26200-SP0,3.12.9,2.5.1,16,8,63.2,AMD Ryzen 7 7800X3D 8-Core Processor,NVIDIA GeForce RTX 4080 SUPER,gpu,8.9,11.8,16.0,nvidia_geforce_rtx_4080_super_gpu,10183.2942816633,50916.4714083165,152749.41422494952,0.0982000492513179,0.0976000446826219,0.098800053820014
AE_PureConcat,60,25,,1,entropy_roundtrip,,0.1928999554365873,0.1918999478220939,0.194899970665574,639153,2561048,,float32,,calibrated,131.84,5.0,,,Windows-11-10.0.26200-SP0,3.12.9,2.5.1,16,8,63.2,AMD Ryzen 7 7800X3D 8-Core Processor,NVIDIA GeForce RTX 4080 SUPER,gpu,8.9,11.8,16.0,nvidia_geforce_rtx_4080_super_gpu,5184.03437541868,25920.1718770934,77760.5156312802,0.1928999554365873,0.1918999478220939,0.194899970665574
AE_PureConcat,60,25,,1,dequantize,,0.0045998021960258,0.0044999178498983,0.0046000350266695,639153,2561048,,float32,,calibrated,131.84,5.0,,,Windows-11-10.0.26200-SP0,3.12.9,2.5.1,16,8,63.2,AMD Ryzen 7 7800X3D 8-Core Processor,NVIDIA GeForce RTX 4080 SUPER,gpu,8.9,11.8,16.0,nvidia_geforce_rtx_4080_super_gpu,217400.65276371964,1087003.2638185981,3261009.7914557946,0.0045998021960258,0.0044999178498983,0.0046000350266695
AE_PureConcat,100,15,1.0,1,encoder,as_deployed,0.2420998644083738,0.2383000683039426,0.2462000120431184,384143,1541030,0.0,float32,,,,,,,Windows-11-10.0.26200-SP0,3.12.9,2.5.1,16,8,63.2,AMD Ryzen 7 7800X3D 8-Core Processor,NVIDIA GeForce RTX 4080 SUPER,gpu,8.9,11.8,16.0,nvidia_geforce_rtx_4080_super_gpu,4130.526889982892,20652.634449914458,61957.90334974338,0.2420998644083738,0.2383000683039426,0.2462000120431184
AE_PureConcat,100,15,1.0,1,decoder,as_deployed,0.0270998571068048,0.0267999712377786,0.0283000990748405,384143,1541030,0.0,float32,,,,,,,Windows-11-10.0.26200-SP0,3.12.9,2.5.1,16,8,63.2,AMD Ryzen 7 7800X3D 8-Core Processor,NVIDIA GeForce RTX 4080 SUPER,gpu,8.9,11.8,16.0,nvidia_geforce_rtx_4080_super_gpu,36900.56357341084,184502.81786705417,553508.4536011625,0.0270998571068048,0.0267999712377786,0.0283000990748405
AE_PureConcat,100,15,32.0,1,encoder,as_deployed,0.008645311027066782,0.008456248906441031,0.00889296643435955,384143,1541030,0.0,float32,,,,,,,Windows-11-10.0.26200-SP0,3.12.9,2.5.1,16,8,63.2,AMD Ryzen 7 7800X3D 8-Core Processor,NVIDIA GeForce RTX 4080 SUPER,gpu,8.9,11.8,16.0,nvidia_geforce_rtx_4080_super_gpu,115669.63835878143,578348.1917939071,1735044.5753817216,0.276649952866137,0.270599965006113,0.2845749258995056
AE_PureConcat,100,15,32.0,1,decoder,as_deployed,0.0008843780960887656,0.0008593779057264313,0.0009406285244040188,384143,1541030,0.0,float32,,,,,,,Windows-11-10.0.26200-SP0,3.12.9,2.5.1,16,8,63.2,AMD Ryzen 7 7800X3D 8-Core Processor,NVIDIA GeForce RTX 4080 SUPER,gpu,8.9,11.8,16.0,nvidia_geforce_rtx_4080_super_gpu,1130738.0908941342,5653690.454470671,16961071.36341201,0.0283000990748405,0.0275000929832458,0.0301001127809286
AE_PureConcat,100,15,1.0,1,encoder,flushed,0.2466000150889158,0.242600217461586,0.2498000394552946,384143,1541030,0.0,float32,,,,,,,Windows-11-10.0.26200-SP0,3.12.9,2.5.1,16,8,63.2,AMD Ryzen 7 7800X3D 8-Core Processor,NVIDIA GeForce RTX 4080 SUPER,gpu,8.9,11.8,16.0,nvidia_geforce_rtx_4080_super_gpu,4055.149792425735,20275.748962128673,60827.24688638603,0.2466000150889158,0.242600217461586,0.2498000394552946
AE_PureConcat,100,15,1.0,1,decoder,flushed,0.0280998647212982,0.0255000777542591,0.0285999849438667,384143,1541030,0.0,float32,,,,,,,Windows-11-10.0.26200-SP0,3.12.9,2.5.1,16,8,63.2,AMD Ryzen 7 7800X3D 8-Core Processor,NVIDIA GeForce RTX 4080 SUPER,gpu,8.9,11.8,16.0,nvidia_geforce_rtx_4080_super_gpu,35587.35993636486,177936.79968182428,533810.399045473,0.0280998647212982,0.0255000777542591,0.0285999849438667
AE_PureConcat,100,15,32.0,1,encoder,flushed,0.0085468782344833,0.008450000677839853,0.008796872862149028,384143,1541030,0.0,float32,,,,,,,Windows-11-10.0.26200-SP0,3.12.9,2.5.1,16,8,63.2,AMD Ryzen 7 7800X3D 8-Core Processor,NVIDIA GeForce RTX 4080 SUPER,gpu,8.9,11.8,16.0,nvidia_geforce_rtx_4080_super_gpu,117001.78387535608,585008.9193767804,1755026.7581303413,0.2735001035034656,0.2704000216908753,0.2814999315887689
AE_PureConcat,100,15,32.0,1,decoder,flushed,0.0008999995770864188,0.0008624992915429156,0.0009156283340416843,384143,1541030,0.0,float32,,,,,,,Windows-11-10.0.26200-SP0,3.12.9,2.5.1,16,8,63.2,AMD Ryzen 7 7800X3D 8-Core Processor,NVIDIA GeForce RTX 4080 SUPER,gpu,8.9,11.8,16.0,nvidia_geforce_rtx_4080_super_gpu,1111111.633226889,5555558.166134444,16666674.498403333,0.0287999864667654,0.0275999773293733,0.0293001066893339
AE_PureConcat,100,15,32.0,1,memory,,,,,384143,1541030,0.0,float32,14567936.0,,,,,,Windows-11-10.0.26200-SP0,3.12.9,2.5.1,16,8,63.2,AMD Ryzen 7 7800X3D 8-Core Processor,NVIDIA GeForce RTX 4080 SUPER,gpu,8.9,11.8,16.0,nvidia_geforce_rtx_4080_super_gpu,,,,,,
AE_PureConcat,100,15,,1,quantize,,0.0097001902759075,0.0096999574452638,0.009800074622035,384143,1541030,,float32,,calibrated,96.0,5.0,,,Windows-11-10.0.26200-SP0,3.12.9,2.5.1,16,8,63.2,AMD Ryzen 7 7800X3D 8-Core Processor,NVIDIA GeForce RTX 4080 SUPER,gpu,8.9,11.8,16.0,nvidia_geforce_rtx_4080_super_gpu,103090.76126926232,515453.8063463116,1546361.4190389349,0.0097001902759075,0.0096999574452638,0.009800074622035
AE_PureConcat,100,15,,1,entropy_encode,,0.0605999957770109,0.0603001099079847,0.0609999988228082,384143,1541030,,float32,,calibrated,96.0,5.0,,,Windows-11-10.0.26200-SP0,3.12.9,2.5.1,16,8,63.2,AMD Ryzen 7 7800X3D 8-Core Processor,NVIDIA GeForce RTX 4080 SUPER,gpu,8.9,11.8,16.0,nvidia_geforce_rtx_4080_super_gpu,16501.651314955343,82508.25657477671,247524.7697243301,0.0605999957770109,0.0603001099079847,0.0609999988228082
AE_PureConcat,100,15,,1,entropy_roundtrip,,0.1171000767499208,0.1163999550044536,0.1181999687105417,384143,1541030,,float32,,calibrated,96.0,5.0,,,Windows-11-10.0.26200-SP0,3.12.9,2.5.1,16,8,63.2,AMD Ryzen 7 7800X3D 8-Core Processor,NVIDIA GeForce RTX 4080 SUPER,gpu,8.9,11.8,16.0,nvidia_geforce_rtx_4080_super_gpu,8539.70405276166,42698.52026380829,128095.56079142488,0.1171000767499208,0.1163999550044536,0.1181999687105417
AE_PureConcat,100,15,,1,dequantize,,0.0046000350266695,0.0045001506805419,0.0046000350266695,384143,1541030,,float32,,calibrated,96.0,5.0,,,Windows-11-10.0.26200-SP0,3.12.9,2.5.1,16,8,63.2,AMD Ryzen 7 7800X3D 8-Core Processor,NVIDIA GeForce RTX 4080 SUPER,gpu,8.9,11.8,16.0,nvidia_geforce_rtx_4080_super_gpu,217389.6490357849,1086948.2451789244,3260844.7355367737,0.0046000350266695,0.0045001506805419,0.0046000350266695
LARA,2,750,1.0,8,encoder,as_deployed,1.12439994700253,1.115175080485642,1.1417249334044757,4733755,18978590,0.0140482613355012,float32,,,,,,,Windows-11-10.0.26200-SP0,3.12.9,2.5.1,16,8,63.2,AMD Ryzen 7 7800X3D 8-Core Processor,NVIDIA GeForce RTX 4080 SUPER,gpu,8.9,11.8,16.0,nvidia_geforce_rtx_4080_super_gpu,889.3632578566369,4446.816289283184,13340.448867849553,1.12439994700253,1.115175080485642,1.1417249334044757
LARA,2,750,1.0,8,decoder,as_deployed,0.8509999606758356,0.8400999940931797,0.8638000581413507,4733755,18978590,0.0140482613355012,float32,,,,,,,Windows-11-10.0.26200-SP0,3.12.9,2.5.1,16,8,63.2,AMD Ryzen 7 7800X3D 8-Core Processor,NVIDIA GeForce RTX 4080 SUPER,gpu,8.9,11.8,16.0,nvidia_geforce_rtx_4080_super_gpu,1175.0881859099425,5875.440929549712,17626.322788649137,0.8509999606758356,0.8400999940931797,0.8638000581413507
LARA,2,750,32.0,8,encoder,as_deployed,0.0358812467311509,0.03558906064426993,0.036224999348632984,4733755,18978590,0.0140482613355012,float32,,,,,,,Windows-11-10.0.26200-SP0,3.12.9,2.5.1,16,8,63.2,AMD Ryzen 7 7800X3D 8-Core Processor,NVIDIA GeForce RTX 4080 SUPER,gpu,8.9,11.8,16.0,nvidia_geforce_rtx_4080_super_gpu,27869.71164889411,139348.55824447054,418045.67473341164,1.1481998953968289,1.1388499406166377,1.1591999791562555
LARA,2,750,32.0,8,decoder,as_deployed,0.027656249585561454,0.02721562486840412,0.028159374778624624,4733755,18978590,0.0140482613355012,float32,,,,,,,Windows-11-10.0.26200-SP0,3.12.9,2.5.1,16,8,63.2,AMD Ryzen 7 7800X3D 8-Core Processor,NVIDIA GeForce RTX 4080 SUPER,gpu,8.9,11.8,16.0,nvidia_geforce_rtx_4080_super_gpu,36158.1926322386,180790.96316119298,542372.889483579,0.8849999867379665,0.8708999957889318,0.901099992915988
LARA,2,750,1.0,8,encoder,flushed,1.1230000527575612,1.11440010368824,1.133900077547878,4733755,18978590,0.0140482613355012,float32,,,,,,,Windows-11-10.0.26200-SP0,3.12.9,2.5.1,16,8,63.2,AMD Ryzen 7 7800X3D 8-Core Processor,NVIDIA GeForce RTX 4080 SUPER,gpu,8.9,11.8,16.0,nvidia_geforce_rtx_4080_super_gpu,890.4719082999767,4452.359541499884,13357.07862449965,1.1230000527575612,1.11440010368824,1.133900077547878
LARA,2,750,1.0,8,decoder,flushed,0.8494001813232899,0.8390999864786863,0.8632000535726547,4733755,18978590,0.0140482613355012,float32,,,,,,,Windows-11-10.0.26200-SP0,3.12.9,2.5.1,16,8,63.2,AMD Ryzen 7 7800X3D 8-Core Processor,NVIDIA GeForce RTX 4080 SUPER,gpu,8.9,11.8,16.0,nvidia_geforce_rtx_4080_super_gpu,1177.3013733551234,5886.506866775617,17659.52060032685,0.8494001813232899,0.8390999864786863,0.8632000535726547
LARA,2,750,32.0,8,encoder,flushed,0.03590000414988026,0.035562505217967555,0.036189067031955346,4733755,18978590,0.0140482613355012,float32,,,,,,,Windows-11-10.0.26200-SP0,3.12.9,2.5.1,16,8,63.2,AMD Ryzen 7 7800X3D 8-Core Processor,NVIDIA GeForce RTX 4080 SUPER,gpu,8.9,11.8,16.0,nvidia_geforce_rtx_4080_super_gpu,27855.149983411226,139275.74991705612,417827.24975116836,1.1488001327961683,1.1380001669749618,1.158050145022571
LARA,2,750,32.0,8,decoder,flushed,0.0275249985861592,0.02713749563554302,0.028018745069857687,4733755,18978590,0.0140482613355012,float32,,,,,,,Windows-11-10.0.26200-SP0,3.12.9,2.5.1,16,8,63.2,AMD Ryzen 7 7800X3D 8-Core Processor,NVIDIA GeForce RTX 4080 SUPER,gpu,8.9,11.8,16.0,nvidia_geforce_rtx_4080_super_gpu,36330.61040384012,181653.05201920058,544959.1560576018,0.8807999547570944,0.8683998603373766,0.896599842235446
LARA,2,750,32.0,8,memory,,,,,4733755,18978590,0.0140482613355012,float32,62181888.0,,,,,,Windows-11-10.0.26200-SP0,3.12.9,2.5.1,16,8,63.2,AMD Ryzen 7 7800X3D 8-Core Processor,NVIDIA GeForce RTX 4080 SUPER,gpu,8.9,11.8,16.0,nvidia_geforce_rtx_4080_super_gpu,,,,,,
LARA,2,750,,8,quantize,,0.0640000216662883,0.0634999014437198,0.0648999121040105,4733755,18978590,,float32,,calibrated,3601.92,5.0,,,Windows-11-10.0.26200-SP0,3.12.9,2.5.1,16,8,63.2,AMD Ryzen 7 7800X3D 8-Core Processor,NVIDIA GeForce RTX 4080 SUPER,gpu,8.9,11.8,16.0,nvidia_geforce_rtx_4080_super_gpu,15624.994710380623,78124.97355190311,234374.92065570934,0.0640000216662883,0.0634999014437198,0.0648999121040105
LARA,2,750,,8,entropy_encode,,3.4851001109927893,3.4692499903030694,3.500949998851865,4733755,18978590,,float32,,calibrated,3601.92,5.0,,,Windows-11-10.0.26200-SP0,3.12.9,2.5.1,16,8,63.2,AMD Ryzen 7 7800X3D 8-Core Processor,NVIDIA GeForce RTX 4080 SUPER,gpu,8.9,11.8,16.0,nvidia_geforce_rtx_4080_super_gpu,286.93580332047713,1434.6790166023857,4304.037049807157,3.4851001109927893,3.4692499903030694,3.500949998851865
LARA,2,750,,8,entropy_roundtrip,,6.919250008650124,6.903700064867735,6.9412250886671245,4733755,18978590,,float32,,calibrated,3601.92,5.0,,,Windows-11-10.0.26200-SP0,3.12.9,2.5.1,16,8,63.2,AMD Ryzen 7 7800X3D 8-Core Processor,NVIDIA GeForce RTX 4080 SUPER,gpu,8.9,11.8,16.0,nvidia_geforce_rtx_4080_super_gpu,144.52433410410762,722.621670520538,2167.865011561614,6.919250008650124,6.903700064867735,6.9412250886671245
LARA,2,750,,8,dequantize,,0.005299923941493,0.0052000395953655,0.0054000411182641,4733755,18978590,,float32,,calibrated,3601.92,5.0,,,Windows-11-10.0.26200-SP0,3.12.9,2.5.1,16,8,63.2,AMD Ryzen 7 7800X3D 8-Core Processor,NVIDIA GeForce RTX 4080 SUPER,gpu,8.9,11.8,16.0,nvidia_geforce_rtx_4080_super_gpu,188681.95299389484,943409.7649694742,2830229.2949084225,0.005299923941493,0.0052000395953655,0.0054000411182641
LARA,3,500,1.0,8,encoder,as_deployed,1.1335000162944198,1.119924825616181,1.173374941572547,3229505,12961630,0.0,float32,,,,,,,Windows-11-10.0.26200-SP0,3.12.9,2.5.1,16,8,63.2,AMD Ryzen 7 7800X3D 8-Core Processor,NVIDIA GeForce RTX 4080 SUPER,gpu,8.9,11.8,16.0,nvidia_geforce_rtx_4080_super_gpu,882.2231897879885,4411.115948939942,13233.347846819828,1.1335000162944198,1.119924825616181,1.173374941572547
LARA,3,500,1.0,8,decoder,as_deployed,0.8355500176548958,0.823725073132664,0.8520748815499246,3229505,12961630,0.0,float32,,,,,,,Windows-11-10.0.26200-SP0,3.12.9,2.5.1,16,8,63.2,AMD Ryzen 7 7800X3D 8-Core Processor,NVIDIA GeForce RTX 4080 SUPER,gpu,8.9,11.8,16.0,nvidia_geforce_rtx_4080_super_gpu,1196.8164429062658,5984.082214531329,17952.246643593986,0.8355500176548958,0.823725073132664,0.8520748815499246
LARA,3,500,32.0,8,encoder,as_deployed,0.03495312557788566,0.03464062319835647,0.035400000342633575,3229505,12961630,0.0,float32,,,,,,,Windows-11-10.0.26200-SP0,3.12.9,2.5.1,16,8,63.2,AMD Ryzen 7 7800X3D 8-Core Processor,NVIDIA GeForce RTX 4080 SUPER,gpu,8.9,11.8,16.0,nvidia_geforce_rtx_4080_super_gpu,28609.744721447336,143048.72360723666,429146.17082171,1.118500018492341,1.1084999423474071,1.1328000109642744
LARA,3,500,32.0,8,decoder,as_deployed,0.02728281106101349,0.026843750674743205,0.030635937946499325,3229505,12961630,0.0,float32,,,,,,,Windows-11-10.0.26200-SP0,3.12.9,2.5.1,16,8,63.2,AMD Ryzen 7 7800X3D 8-Core Processor,NVIDIA GeForce RTX 4080 SUPER,gpu,8.9,11.8,16.0,nvidia_geforce_rtx_4080_super_gpu,36653.1145842584,183265.57292129198,549796.718763876,0.8730499539524317,0.8590000215917826,0.9803500142879784
LARA,3,500,1.0,8,encoder,flushed,1.1220001615583897,1.114149927161634,1.1308499379083514,3229505,12961630,0.0,float32,,,,,,,Windows-11-10.0.26200-SP0,3.12.9,2.5.1,16,8,63.2,AMD Ryzen 7 7800X3D 8-Core Processor,NVIDIA GeForce RTX 4080 SUPER,gpu,8.9,11.8,16.0,nvidia_geforce_rtx_4080_super_gpu,891.2654688133566,4456.327344066783,13368.982032200349,1.1220001615583897,1.114149927161634,1.1308499379083514
LARA,3,500,1.0,8,decoder,flushed,0.8534000953659415,0.8385749533772469,0.8643750916235149,3229505,12961630,0.0,float32,,,,,,,Windows-11-10.0.26200-SP0,3.12.9,2.5.1,16,8,63.2,AMD Ryzen 7 7800X3D 8-Core Processor,NVIDIA GeForce RTX 4080 SUPER,gpu,8.9,11.8,16.0,nvidia_geforce_rtx_4080_super_gpu,1171.7833234729085,5858.916617364542,17576.749852093628,0.8534000953659415,0.8385749533772469,0.8643750916235149
LARA,3,500,32.0,8,encoder,flushed,0.035843746445607394,0.035459379432722926,0.03613437729654834,3229505,12961630,0.0,float32,,,,,,,Windows-11-10.0.26200-SP0,3.12.9,2.5.1,16,8,63.2,AMD Ryzen 7 7800X3D 8-Core Processor,NVIDIA GeForce RTX 4080 SUPER,gpu,8.9,11.8,16.0,nvidia_geforce_rtx_4080_super_gpu,27898.869375094266,139494.34687547132,418483.04062641395,1.1469998862594366,1.1347001418471336,1.1563000734895468
LARA,3,500,32.0,8,decoder,flushed,0.027115624106954783,0.026787500246427953,0.0275624988717027,3229505,12961630,0.0,float32,,,,,,,Windows-11-10.0.26200-SP0,3.12.9,2.5.1,16,8,63.2,AMD Ryzen 7 7800X3D 8-Core Processor,NVIDIA GeForce RTX 4080 SUPER,gpu,8.9,11.8,16.0,nvidia_geforce_rtx_4080_super_gpu,36879.10689628987,184395.53448144934,553186.6034443481,0.8676999714225531,0.8572000078856945,0.8819999638944864
LARA,3,500,32.0,8,memory,,,,,3229505,12961630,0.0,float32,56356352.0,,,,,,Windows-11-10.0.26200-SP0,3.12.9,2.5.1,16,8,63.2,AMD Ryzen 7 7800X3D 8-Core Processor,NVIDIA GeForce RTX 4080 SUPER,gpu,8.9,11.8,16.0,nvidia_geforce_rtx_4080_super_gpu,,,,,,
LARA,3,500,,8,quantize,,0.0442999880760908,0.0438999850302934,0.0452001113444566,3229505,12961630,,float32,,calibrated,2426.88,5.0,,,Windows-11-10.0.26200-SP0,3.12.9,2.5.1,16,8,63.2,AMD Ryzen 7 7800X3D 8-Core Processor,NVIDIA GeForce RTX 4080 SUPER,gpu,8.9,11.8,16.0,nvidia_geforce_rtx_4080_super_gpu,22573.369507061136,112866.84753530567,338600.542605917,0.0442999880760908,0.0438999850302934,0.0452001113444566
LARA,3,500,,8,entropy_encode,,2.1588000236079097,2.150725049432367,2.168399922084064,3229505,12961630,,float32,,calibrated,2426.88,5.0,,,Windows-11-10.0.26200-SP0,3.12.9,2.5.1,16,8,63.2,AMD Ryzen 7 7800X3D 8-Core Processor,NVIDIA GeForce RTX 4080 SUPER,gpu,8.9,11.8,16.0,nvidia_geforce_rtx_4080_super_gpu,463.220302512663,2316.101512563315,6948.304537689945,2.1588000236079097,2.150725049432367,2.168399922084064
LARA,3,500,,8,entropy_roundtrip,,4.269649973139167,4.249549878295511,4.29134996375069,3229505,12961630,,float32,,calibrated,2426.88,5.0,,,Windows-11-10.0.26200-SP0,3.12.9,2.5.1,16,8,63.2,AMD Ryzen 7 7800X3D 8-Core Processor,NVIDIA GeForce RTX 4080 SUPER,gpu,8.9,11.8,16.0,nvidia_geforce_rtx_4080_super_gpu,234.21123658639678,1171.0561829319838,3513.1685487959517,4.269649973139167,4.249549878295511,4.29134996375069
LARA,3,500,,8,dequantize,,0.0050000380724668,0.0050000380724668,0.0050999224185943,3229505,12961630,,float32,,calibrated,2426.88,5.0,,,Windows-11-10.0.26200-SP0,3.12.9,2.5.1,16,8,63.2,AMD Ryzen 7 7800X3D 8-Core Processor,NVIDIA GeForce RTX 4080 SUPER,gpu,8.9,11.8,16.0,nvidia_geforce_rtx_4080_super_gpu,199998.477112924,999992.38556462,2999977.1566938604,0.0050000380724668,0.0050000380724668,0.0050999224185943
LARA,5,300,1.0,8,encoder,as_deployed,1.1201000306755304,1.1092500062659385,1.1350000277161598,2026105,8147998,0.0,float32,,,,,,,Windows-11-10.0.26200-SP0,3.12.9,2.5.1,16,8,63.2,AMD Ryzen 7 7800X3D 8-Core Processor,NVIDIA GeForce RTX 4080 SUPER,gpu,8.9,11.8,16.0,nvidia_geforce_rtx_4080_super_gpu,892.7774061365767,4463.887030682883,13391.66109204865,1.1201000306755304,1.1092500062659385,1.1350000277161598
LARA,5,300,1.0,8,decoder,as_deployed,0.8612500969320536,0.8473749039694667,0.8738248725421727,2026105,8147998,0.0,float32,,,,,,,Windows-11-10.0.26200-SP0,3.12.9,2.5.1,16,8,63.2,AMD Ryzen 7 7800X3D 8-Core Processor,NVIDIA GeForce RTX 4080 SUPER,gpu,8.9,11.8,16.0,nvidia_geforce_rtx_4080_super_gpu,1161.1029172155702,5805.51458607785,17416.543758233554,0.8612500969320536,0.8473749039694667,0.8738248725421727
LARA,5,300,32.0,8,encoder,as_deployed,0.034978125768247985,0.03469140392553527,0.035383594877202995,2026105,8147998,0.0,float32,,,,,,,Windows-11-10.0.26200-SP0,3.12.9,2.5.1,16,8,63.2,AMD Ryzen 7 7800X3D 8-Core Processor,NVIDIA GeForce RTX 4080 SUPER,gpu,8.9,11.8,16.0,nvidia_geforce_rtx_4080_super_gpu,28589.29625405395,142946.48127026972,428839.4438108092,1.1193000245839355,1.1101249256171286,1.1322750360704958
LARA,5,300,32.0,8,decoder,as_deployed,0.027318747015669942,0.026900001103058457,0.030915623938199133,2026105,8147998,0.0,float32,,,,,,,Windows-11-10.0.26200-SP0,3.12.9,2.5.1,16,8,63.2,AMD Ryzen 7 7800X3D 8-Core Processor,NVIDIA GeForce RTX 4080 SUPER,gpu,8.9,11.8,16.0,nvidia_geforce_rtx_4080_super_gpu,36604.899903586476,183024.49951793236,549073.4985537971,0.8741999045014381,0.8608000352978706,0.9892999660223722
LARA,5,300,1.0,8,encoder,flushed,1.1094999499619007,1.1011500610038638,1.1202999157831073,2026105,8147998,0.0,float32,,,,,,,Windows-11-10.0.26200-SP0,3.12.9,2.5.1,16,8,63.2,AMD Ryzen 7 7800X3D 8-Core Processor,NVIDIA GeForce RTX 4080 SUPER,gpu,8.9,11.8,16.0,nvidia_geforce_rtx_4080_super_gpu,901.3069356464047,4506.534678232023,13519.604034696069,1.1094999499619007,1.1011500610038638,1.1202999157831073
LARA,5,300,1.0,8,decoder,flushed,0.8490998297929764,0.8393001044169068,0.8607000345364213,2026105,8147998,0.0,float32,,,,,,,Windows-11-10.0.26200-SP0,3.12.9,2.5.1,16,8,63.2,AMD Ryzen 7 7800X3D 8-Core Processor,NVIDIA GeForce RTX 4080 SUPER,gpu,8.9,11.8,16.0,nvidia_geforce_rtx_4080_super_gpu,1177.717819403892,5888.58909701946,17665.76729105838,0.8490998297929764,0.8393001044169068,0.8607000345364213
LARA,5,300,32.0,8,encoder,flushed,0.03587812534533441,0.03555937291821465,0.03618125629145653,2026105,8147998,0.0,float32,,,,,,,Windows-11-10.0.26200-SP0,3.12.9,2.5.1,16,8,63.2,AMD Ryzen 7 7800X3D 8-Core Processor,NVIDIA GeForce RTX 4080 SUPER,gpu,8.9,11.8,16.0,nvidia_geforce_rtx_4080_super_gpu,27872.136305194104,139360.68152597052,418082.04457791155,1.1481000110507011,1.1378999333828688,1.1578002013266089
LARA,5,300,32.0,8,decoder,flushed,0.027156253054272383,0.026778125175042078,0.02756093817879446,2026105,8147998,0.0,float32,,,,,,,Windows-11-10.0.26200-SP0,3.12.9,2.5.1,16,8,63.2,AMD Ryzen 7 7800X3D 8-Core Processor,NVIDIA GeForce RTX 4080 SUPER,gpu,8.9,11.8,16.0,nvidia_geforce_rtx_4080_super_gpu,36823.93141651308,184119.6570825654,552358.9712476961,0.8690000977367163,0.8569000056013465,0.8819500217214227
LARA,5,300,32.0,8,memory,,,,,2026105,8147998,0.0,float32,51235840.0,,,,,,Windows-11-10.0.26200-SP0,3.12.9,2.5.1,16,8,63.2,AMD Ryzen 7 7800X3D 8-Core Processor,NVIDIA GeForce RTX 4080 SUPER,gpu,8.9,11.8,16.0,nvidia_geforce_rtx_4080_super_gpu,,,,,,
LARA,5,300,,8,quantize,,0.028999987989664,0.0287999864667654,0.0292998738586902,2026105,8147998,,float32,,calibrated,1472.0,5.0,,,Windows-11-10.0.26200-SP0,3.12.9,2.5.1,16,8,63.2,AMD Ryzen 7 7800X3D 8-Core Processor,NVIDIA GeForce RTX 4080 SUPER,gpu,8.9,11.8,16.0,nvidia_geforce_rtx_4080_super_gpu,34482.772901713404,172413.864508567,517241.5935257011,0.028999987989664,0.0287999864667654,0.0292998738586902
LARA,5,300,,8,entropy_encode,,1.2811999768018725,1.2742000399157405,1.288900151848793,2026105,8147998,,float32,,calibrated,1472.0,5.0,,,Windows-11-10.0.26200-SP0,3.12.9,2.5.1,16,8,63.2,AMD Ryzen 7 7800X3D 8-Core Processor,NVIDIA GeForce RTX 4080 SUPER,gpu,8.9,11.8,16.0,nvidia_geforce_rtx_4080_super_gpu,780.5182782598833,3902.5913912994165,11707.77417389825,1.2811999768018725,1.2742000399157405,1.288900151848793
LARA,5,300,,8,entropy_roundtrip,,2.5853499537333846,2.5670749600976706,2.600274980068207,2026105,8147998,,float32,,calibrated,1472.0,5.0,,,Windows-11-10.0.26200-SP0,3.12.9,2.5.1,16,8,63.2,AMD Ryzen 7 7800X3D 8-Core Processor,NVIDIA GeForce RTX 4080 SUPER,gpu,8.9,11.8,16.0,nvidia_geforce_rtx_4080_super_gpu,386.7948316072051,1933.9741580360253,5801.922474108076,2.5853499537333846,2.5670749600976706,2.600274980068207
LARA,5,300,,8,dequantize,,0.0048999208956956,0.0048999208956956,0.0049001537263393,2026105,8147998,,float32,,calibrated,1472.0,5.0,,,Windows-11-10.0.26200-SP0,3.12.9,2.5.1,16,8,63.2,AMD Ryzen 7 7800X3D 8-Core Processor,NVIDIA GeForce RTX 4080 SUPER,gpu,8.9,11.8,16.0,nvidia_geforce_rtx_4080_super_gpu,204084.9273461666,1020424.636730833,3061273.910192499,0.0048999208956956,0.0048999208956956,0.0049001537263393
LARA,10,150,1.0,8,encoder,as_deployed,1.142550026997924,1.1255500721745193,1.2482499005272985,2049011,8240007,0.0,float32,,,,,,,Windows-11-10.0.26200-SP0,3.12.9,2.5.1,16,8,63.2,AMD Ryzen 7 7800X3D 8-Core Processor,NVIDIA GeForce RTX 4080 SUPER,gpu,8.9,11.8,16.0,nvidia_geforce_rtx_4080_super_gpu,875.2351987838314,4376.175993919157,13128.52798175747,1.142550026997924,1.1255500721745193,1.2482499005272985
LARA,10,150,1.0,8,decoder,as_deployed,0.8566001197323203,0.8481250260956585,0.8662999607622623,2049011,8240007,0.0,float32,,,,,,,Windows-11-10.0.26200-SP0,3.12.9,2.5.1,16,8,63.2,AMD Ryzen 7 7800X3D 8-Core Processor,NVIDIA GeForce RTX 4080 SUPER,gpu,8.9,11.8,16.0,nvidia_geforce_rtx_4080_super_gpu,1167.4058606394906,5837.0293031974525,17511.08790959236,0.8566001197323203,0.8481250260956585,0.8662999607622623
LARA,10,150,32.0,8,encoder,as_deployed,0.035687495255842805,0.03517187724355608,0.03625624958658591,2049011,8240007,0.0,float32,,,,,,,Windows-11-10.0.26200-SP0,3.12.9,2.5.1,16,8,63.2,AMD Ryzen 7 7800X3D 8-Core Processor,NVIDIA GeForce RTX 4080 SUPER,gpu,8.9,11.8,16.0,nvidia_geforce_rtx_4080_super_gpu,28021.019486826513,140105.09743413256,420315.2923023977,1.1419998481869698,1.1255000717937946,1.160199986770749
LARA,10,150,32.0,8,decoder,as_deployed,0.027771879103966057,0.027236717869527638,0.03185703099006787,2049011,8240007,0.0,float32,,,,,,,Windows-11-10.0.26200-SP0,3.12.9,2.5.1,16,8,63.2,AMD Ryzen 7 7800X3D 8-Core Processor,NVIDIA GeForce RTX 4080 SUPER,gpu,8.9,11.8,16.0,nvidia_geforce_rtx_4080_super_gpu,36007.64630497011,180038.23152485056,540114.6945745517,0.8887001313269138,0.8715749718248844,1.0194249916821718
LARA,10,150,1.0,8,encoder,flushed,1.1234001722186804,1.114599872380495,1.1319001205265522,2049011,8240007,0.0,float32,,,,,,,Windows-11-10.0.26200-SP0,3.12.9,2.5.1,16,8,63.2,AMD Ryzen 7 7800X3D 8-Core Processor,NVIDIA GeForce RTX 4080 SUPER,gpu,8.9,11.8,16.0,nvidia_geforce_rtx_4080_super_gpu,890.1547504884489,4450.773752442245,13352.321257326734,1.1234001722186804,1.114599872380495,1.1319001205265522
LARA,10,150,1.0,8,decoder,flushed,0.8549999911338091,0.8476998191326857,0.8664000779390335,2049011,8240007,0.0,float32,,,,,,,Windows-11-10.0.26200-SP0,3.12.9,2.5.1,16,8,63.2,AMD Ryzen 7 7800X3D 8-Core Processor,NVIDIA GeForce RTX 4080 SUPER,gpu,8.9,11.8,16.0,nvidia_geforce_rtx_4080_super_gpu,1169.5906554032913,5847.953277016456,17543.85983104937,0.8549999911338091,0.8476998191326857,0.8664000779390335
LARA,10,150,32.0,8,encoder,flushed,0.03617031325120479,0.03587812534533441,0.03657265369838569,2049011,8240007,0.0,float32,,,,,,,Windows-11-10.0.26200-SP0,3.12.9,2.5.1,16,8,63.2,AMD Ryzen 7 7800X3D 8-Core Processor,NVIDIA GeForce RTX 4080 SUPER,gpu,8.9,11.8,16.0,nvidia_geforce_rtx_4080_super_gpu,27646.98201685304,138234.9100842652,414704.7302527956,1.1574500240385532,1.1481000110507011,1.1703249183483422
LARA,10,150,32.0,8,decoder,flushed,0.027515623514773324,0.02715156188060064,0.02786640834528953,2049011,8240007,0.0,float32,,,,,,,Windows-11-10.0.26200-SP0,3.12.9,2.5.1,16,8,63.2,AMD Ryzen 7 7800X3D 8-Core Processor,NVIDIA GeForce RTX 4080 SUPER,gpu,8.9,11.8,16.0,nvidia_geforce_rtx_4080_super_gpu,36342.98890094543,181714.94450472711,545144.8335141814,0.8804999524727464,0.8688499801792204,0.8917250670492649
LARA,10,150,32.0,8,memory,,,,,2049011,8240007,0.0,float32,51660800.0,,,,,,Windows-11-10.0.26200-SP0,3.12.9,2.5.1,16,8,63.2,AMD Ryzen 7 7800X3D 8-Core Processor,NVIDIA GeForce RTX 4080 SUPER,gpu,8.9,11.8,16.0,nvidia_geforce_rtx_4080_super_gpu,,,,,,
LARA,10,150,,8,quantize,,0.0192001461982727,0.019000144675374,0.022500054910779,2049011,8240007,,float32,,calibrated,753.92,5.0,,,Windows-11-10.0.26200-SP0,3.12.9,2.5.1,16,8,63.2,AMD Ryzen 7 7800X3D 8-Core Processor,NVIDIA GeForce RTX 4080 SUPER,gpu,8.9,11.8,16.0,nvidia_geforce_rtx_4080_super_gpu,52082.93674815678,260414.6837407839,781244.0512223517,0.0192001461982727,0.019000144675374,0.022500054910779
LARA,10,150,,8,entropy_encode,,0.6060001906007528,0.6001999136060476,0.610999995842576,2049011,8240007,,float32,,calibrated,753.92,5.0,,,Windows-11-10.0.26200-SP0,3.12.9,2.5.1,16,8,63.2,AMD Ryzen 7 7800X3D 8-Core Processor,NVIDIA GeForce RTX 4080 SUPER,gpu,8.9,11.8,16.0,nvidia_geforce_rtx_4080_super_gpu,1650.1644974874662,8250.82248743733,24752.467462311994,0.6060001906007528,0.6001999136060476,0.610999995842576
LARA,10,150,,8,entropy_roundtrip,,1.2149999383836985,1.2087999493815005,1.221574959345162,2049011,8240007,,float32,,calibrated,753.92,5.0,,,Windows-11-10.0.26200-SP0,3.12.9,2.5.1,16,8,63.2,AMD Ryzen 7 7800X3D 8-Core Processor,NVIDIA GeForce RTX 4080 SUPER,gpu,8.9,11.8,16.0,nvidia_geforce_rtx_4080_super_gpu,823.0453092288132,4115.226546144066,12345.679638432197,1.2149999383836985,1.2087999493815005,1.221574959345162
LARA,10,150,,8,dequantize,,0.0048999208956956,0.0048999208956956,0.0049998052418231,2049011,8240007,,float32,,calibrated,753.92,5.0,,,Windows-11-10.0.26200-SP0,3.12.9,2.5.1,16,8,63.2,AMD Ryzen 7 7800X3D 8-Core Processor,NVIDIA GeForce RTX 4080 SUPER,gpu,8.9,11.8,16.0,nvidia_geforce_rtx_4080_super_gpu,204084.9273461666,1020424.636730833,3061273.910192499,0.0048999208956956,0.0048999208956956,0.0049998052418231
LARA,15,100,1.0,8,encoder,as_deployed,1.1331000132486224,1.1189249926246705,1.213650160934776,1447361,5833415,0.0,float32,,,,,,,Windows-11-10.0.26200-SP0,3.12.9,2.5.1,16,8,63.2,AMD Ryzen 7 7800X3D 8-Core Processor,NVIDIA GeForce RTX 4080 SUPER,gpu,8.9,11.8,16.0,nvidia_geforce_rtx_4080_super_gpu,882.5346291656799,4412.673145828399,13238.019437485198,1.1331000132486224,1.1189249926246705,1.213650160934776
LARA,15,100,1.0,8,decoder,as_deployed,0.8473501075059175,0.8385250112041831,0.85832504555583,1447361,5833415,0.0,float32,,,,,,,Windows-11-10.0.26200-SP0,3.12.9,2.5.1,16,8,63.2,AMD Ryzen 7 7800X3D 8-Core Processor,NVIDIA GeForce RTX 4080 SUPER,gpu,8.9,11.8,16.0,nvidia_geforce_rtx_4080_super_gpu,1180.149729305388,5900.74864652694,17702.24593958082,0.8473501075059175,0.8385250112041831,0.85832504555583
LARA,15,100,32.0,8,encoder,as_deployed,0.035279688745504245,0.034962497011292726,0.03573671529011335,1447361,5833415,0.0,float32,,,,,,,Windows-11-10.0.26200-SP0,3.12.9,2.5.1,16,8,63.2,AMD Ryzen 7 7800X3D 8-Core Processor,NVIDIA GeForce RTX 4080 SUPER,gpu,8.9,11.8,16.0,nvidia_geforce_rtx_4080_super_gpu,28344.92127222726,141724.6063611363,425173.8190834089,1.1289500398561358,1.1187999043613672,1.1435748892836273
LARA,15,100,32.0,8,decoder,as_deployed,0.027693749871104956,0.027074995159637183,0.030909381166566163,1447361,5833415,0.0,float32,,,,,,,Windows-11-10.0.26200-SP0,3.12.9,2.5.1,16,8,63.2,AMD Ryzen 7 7800X3D 8-Core Processor,NVIDIA GeForce RTX 4080 SUPER,gpu,8.9,11.8,16.0,nvidia_geforce_rtx_4080_super_gpu,36109.23059008985,180546.15295044924,541638.4588513478,0.8861999958753586,0.8663998451083899,0.9891001973301172
LARA,15,100,1.0,8,encoder,flushed,1.1181500740349293,1.1103000142611563,1.1265749926678836,1447361,5833415,0.0,float32,,,,,,,Windows-11-10.0.26200-SP0,3.12.9,2.5.1,16,8,63.2,AMD Ryzen 7 7800X3D 8-Core Processor,NVIDIA GeForce RTX 4080 SUPER,gpu,8.9,11.8,16.0,nvidia_geforce_rtx_4080_super_gpu,894.3343324133801,4471.6716620669,13415.014986200702,1.1181500740349293,1.1103000142611563,1.1265749926678836
LARA,15,100,1.0,8,decoder,flushed,0.8507000748068094,0.8430750458501279,0.8606999763287604,1447361,5833415,0.0,float32,,,,,,,Windows-11-10.0.26200-SP0,3.12.9,2.5.1,16,8,63.2,AMD Ryzen 7 7800X3D 8-Core Processor,NVIDIA GeForce RTX 4080 SUPER,gpu,8.9,11.8,16.0,nvidia_geforce_rtx_4080_super_gpu,1175.5024239619304,5877.512119809651,17632.536359428956,0.8507000748068094,0.8430750458501279,0.8606999763287604
LARA,15,100,32.0,8,encoder,flushed,0.03615312380134128,0.03583281250030268,0.036482035284279846,1447361,5833415,0.0,float32,,,,,,,Windows-11-10.0.26200-SP0,3.12.9,2.5.1,16,8,63.2,AMD Ryzen 7 7800X3D 8-Core Processor,NVIDIA GeForce RTX 4080 SUPER,gpu,8.9,11.8,16.0,nvidia_geforce_rtx_4080_super_gpu,27660.127116398722,138300.6355819936,414901.90674598084,1.156899961642921,1.1466500000096858,1.167425129096955
LARA,15,100,32.0,8,decoder,flushed,0.027400001272326335,0.02700000004551839,0.02784375101327896,1447361,5833415,0.0,float32,,,,,,,Windows-11-10.0.26200-SP0,3.12.9,2.5.1,16,8,63.2,AMD Ryzen 7 7800X3D 8-Core Processor,NVIDIA GeForce RTX 4080 SUPER,gpu,8.9,11.8,16.0,nvidia_geforce_rtx_4080_super_gpu,36496.34867024578,182481.74335122888,547445.2300536868,0.8768000407144427,0.8640000014565885,0.8910000324249268
LARA,15,100,32.0,8,memory,,,,,1447361,5833415,0.0,float32,49253888.0,,,,,,Windows-11-10.0.26200-SP0,3.12.9,2.5.1,16,8,63.2,AMD Ryzen 7 7800X3D 8-Core Processor,NVIDIA GeForce RTX 4080 SUPER,gpu,8.9,11.8,16.0,nvidia_geforce_rtx_4080_super_gpu,,,,,,
LARA,15,100,,8,quantize,,0.0160001218318939,0.0159000046551227,0.0162001233547925,1447361,5833415,,float32,,calibrated,510.72,5.0,,,Windows-11-10.0.26200-SP0,3.12.9,2.5.1,16,8,63.2,AMD Ryzen 7 7800X3D 8-Core Processor,NVIDIA GeForce RTX 4080 SUPER,gpu,8.9,11.8,16.0,nvidia_geforce_rtx_4080_super_gpu,62499.524097788206,312497.62048894103,937492.8614668231,0.0160001218318939,0.0159000046551227,0.0162001233547925
LARA,15,100,,8,entropy_encode,,0.3982000052928924,0.3954998683184385,0.4010999691672623,1447361,5833415,,float32,,calibrated,510.72,5.0,,,Windows-11-10.0.26200-SP0,3.12.9,2.5.1,16,8,63.2,AMD Ryzen 7 7800X3D 8-Core Processor,NVIDIA GeForce RTX 4080 SUPER,gpu,8.9,11.8,16.0,nvidia_geforce_rtx_4080_super_gpu,2511.3008204619664,12556.504102309831,37669.51230692949,0.3982000052928924,0.3954998683184385,0.4010999691672623
LARA,15,100,,8,entropy_roundtrip,,0.7973499596118927,0.7904249359853566,0.8023999980650842,1447361,5833415,,float32,,calibrated,510.72,5.0,,,Windows-11-10.0.26200-SP0,3.12.9,2.5.1,16,8,63.2,AMD Ryzen 7 7800X3D 8-Core Processor,NVIDIA GeForce RTX 4080 SUPER,gpu,8.9,11.8,16.0,nvidia_geforce_rtx_4080_super_gpu,1254.154449931554,6270.772249657769,18812.31674897331,0.7973499596118927,0.7904249359853566,0.8023999980650842
LARA,15,100,,8,dequantize,,0.004699919372797,0.0046000350266695,0.0047001522034406,1447361,5833415,,float32,,calibrated,510.72,5.0,,,Windows-11-10.0.26200-SP0,3.12.9,2.5.1,16,8,63.2,AMD Ryzen 7 7800X3D 8-Core Processor,NVIDIA GeForce RTX 4080 SUPER,gpu,8.9,11.8,16.0,nvidia_geforce_rtx_4080_super_gpu,212769.60745070895,1063848.0372535447,3191544.1117606345,0.004699919372797,0.0046000350266695,0.0047001522034406
LARA,20,75,1.0,8,encoder,as_deployed,1.130449934862554,1.117774925660342,1.1463999398984015,1146536,4630087,0.0,float32,,,,,,,Windows-11-10.0.26200-SP0,3.12.9,2.5.1,16,8,63.2,AMD Ryzen 7 7800X3D 8-Core Processor,NVIDIA GeForce RTX 4080 SUPER,gpu,8.9,11.8,16.0,nvidia_geforce_rtx_4080_super_gpu,884.6035274632354,4423.017637316177,13269.05291194853,1.130449934862554,1.117774925660342,1.1463999398984015
LARA,20,75,1.0,8,decoder,as_deployed,0.8467501029372215,0.8385249529965222,0.856500118970871,1146536,4630087,0.0,float32,,,,,,,Windows-11-10.0.26200-SP0,3.12.9,2.5.1,16,8,63.2,AMD Ryzen 7 7800X3D 8-Core Processor,NVIDIA GeForce RTX 4080 SUPER,gpu,8.9,11.8,16.0,nvidia_geforce_rtx_4080_super_gpu,1180.9859798436191,5904.929899218096,17714.789697654287,0.8467501029372215,0.8385249529965222,0.856500118970871
LARA,20,75,32.0,8,encoder,as_deployed,0.03531874972395599,0.034978122130269185,0.03575937444111332,1146536,4630087,0.0,float32,,,,,,,Windows-11-10.0.26200-SP0,3.12.9,2.5.1,16,8,63.2,AMD Ryzen 7 7800X3D 8-Core Processor,NVIDIA GeForce RTX 4080 SUPER,gpu,8.9,11.8,16.0,nvidia_geforce_rtx_4080_super_gpu,28313.573040263098,141567.8652013155,424703.5956039465,1.1301999911665916,1.119299908168614,1.1442999821156263
LARA,20,75,32.0,8,decoder,as_deployed,0.027895312086911872,0.02730625419644639,0.031438279620488174,1146536,4630087,0.0,float32,,,,,,,Windows-11-10.0.26200-SP0,3.12.9,2.5.1,16,8,63.2,AMD Ryzen 7 7800X3D 8-Core Processor,NVIDIA GeForce RTX 4080 SUPER,gpu,8.9,11.8,16.0,nvidia_geforce_rtx_4080_super_gpu,35848.31734036012,179241.58670180058,537724.7601054017,0.8926499867811799,0.8738001342862844,1.0060249478556216
LARA,20,75,1.0,8,encoder,flushed,1.1251999530941248,1.115600112825632,1.1368000996299088,1146536,4630087,0.0,float32,,,,,,,Windows-11-10.0.26200-SP0,3.12.9,2.5.1,16,8,63.2,AMD Ryzen 7 7800X3D 8-Core Processor,NVIDIA GeForce RTX 4080 SUPER,gpu,8.9,11.8,16.0,nvidia_geforce_rtx_4080_super_gpu,888.7309293340758,4443.6546466703785,13330.963940011137,1.1251999530941248,1.115600112825632,1.1368000996299088
LARA,20,75,1.0,8,decoder,flushed,0.8503500139340758,0.8424001280218363,0.8599249413236976,1146536,4630087,0.0,float32,,,,,,,Windows-11-10.0.26200-SP0,3.12.9,2.5.1,16,8,63.2,AMD Ryzen 7 7800X3D 8-Core Processor,NVIDIA GeForce RTX 4080 SUPER,gpu,8.9,11.8,16.0,nvidia_geforce_rtx_4080_super_gpu,1175.9863392881957,5879.931696440978,17639.795089322935,0.8503500139340758,0.8424001280218363,0.8599249413236976
LARA,20,75,32.0,8,encoder,flushed,0.03620000643422828,0.035884375392924994,0.036618752346839756,1146536,4630087,0.0,float32,,,,,,,Windows-11-10.0.26200-SP0,3.12.9,2.5.1,16,8,63.2,AMD Ryzen 7 7800X3D 8-Core Processor,NVIDIA GeForce RTX 4080 SUPER,gpu,8.9,11.8,16.0,nvidia_geforce_rtx_4080_super_gpu,27624.30448229058,138121.5224114529,414364.5672343587,1.158400205895305,1.1483000125735998,1.1718000750988722
LARA,20,75,32.0,8,decoder,flushed,0.027334375772625208,0.02704062353586778,0.027706249966286123,1146536,4630087,0.0,float32,,,,,,,Windows-11-10.0.26200-SP0,3.12.9,2.5.1,16,8,63.2,AMD Ryzen 7 7800X3D 8-Core Processor,NVIDIA GeForce RTX 4080 SUPER,gpu,8.9,11.8,16.0,nvidia_geforce_rtx_4080_super_gpu,36583.97061335048,182919.8530667524,548759.5592002573,0.8747000247240067,0.865299953147769,0.8865999989211559
LARA,20,75,32.0,8,memory,,,,,1146536,4630087,0.0,float32,48044544.0,,,,,,Windows-11-10.0.26200-SP0,3.12.9,2.5.1,16,8,63.2,AMD Ryzen 7 7800X3D 8-Core Processor,NVIDIA GeForce RTX 4080 SUPER,gpu,8.9,11.8,16.0,nvidia_geforce_rtx_4080_super_gpu,,,,,,
LARA,20,75,,8,quantize,,0.0146001111716032,0.014499993994832,0.0199000351130962,1146536,4630087,,float32,,calibrated,384.0,5.0,,,Windows-11-10.0.26200-SP0,3.12.9,2.5.1,16,8,63.2,AMD Ryzen 7 7800X3D 8-Core Processor,NVIDIA GeForce RTX 4080 SUPER,gpu,8.9,11.8,16.0,nvidia_geforce_rtx_4080_super_gpu,68492.62914826098,342463.1457413049,1027389.4372239147,0.0146001111716032,0.014499993994832,0.0199000351130962
LARA,20,75,,8,entropy_encode,,0.309899915009737,0.307900074403733,0.3122000489383936,1146536,4630087,,float32,,calibrated,384.0,5.0,,,Windows-11-10.0.26200-SP0,3.12.9,2.5.1,16,8,63.2,AMD Ryzen 7 7800X3D 8-Core Processor,NVIDIA GeForce RTX 4080 SUPER,gpu,8.9,11.8,16.0,nvidia_geforce_rtx_4080_super_gpu,3226.8482550844847,16134.241275422422,48402.72382626727,0.309899915009737,0.307900074403733,0.3122000489383936
LARA,20,75,,8,entropy_roundtrip,,0.6210999563336372,0.6172000430524349,0.6256001070141792,1146536,4630087,,float32,,calibrated,384.0,5.0,,,Windows-11-10.0.26200-SP0,3.12.9,2.5.1,16,8,63.2,AMD Ryzen 7 7800X3D 8-Core Processor,NVIDIA GeForce RTX 4080 SUPER,gpu,8.9,11.8,16.0,nvidia_geforce_rtx_4080_super_gpu,1610.0468045482014,8050.234022741007,24150.70206822302,0.6210999563336372,0.6172000430524349,0.6256001070141792
LARA,20,75,,8,dequantize,,0.0046000350266695,0.0046000350266695,0.004699919372797,1146536,4630087,,float32,,calibrated,384.0,5.0,,,Windows-11-10.0.26200-SP0,3.12.9,2.5.1,16,8,63.2,AMD Ryzen 7 7800X3D 8-Core Processor,NVIDIA GeForce RTX 4080 SUPER,gpu,8.9,11.8,16.0,nvidia_geforce_rtx_4080_super_gpu,217389.6490357849,1086948.2451789244,3260844.7355367737,0.0046000350266695,0.0046000350266695,0.004699919372797
LARA,30,50,1.0,8,encoder,as_deployed,1.1371999280527234,1.119700027629733,1.2969000381417572,845711,3426823,0.0,float32,,,,,,,Windows-11-10.0.26200-SP0,3.12.9,2.5.1,16,8,63.2,AMD Ryzen 7 7800X3D 8-Core Processor,NVIDIA GeForce RTX 4080 SUPER,gpu,8.9,11.8,16.0,nvidia_geforce_rtx_4080_super_gpu,879.3528519759434,4396.7642598797165,13190.292779639152,1.1371999280527234,1.119700027629733,1.2969000381417572
LARA,30,50,1.0,8,decoder,as_deployed,0.8527999743819237,0.8455250062979758,0.8624749607406557,845711,3426823,0.0,float32,,,,,,,Windows-11-10.0.26200-SP0,3.12.9,2.5.1,16,8,63.2,AMD Ryzen 7 7800X3D 8-Core Processor,NVIDIA GeForce RTX 4080 SUPER,gpu,8.9,11.8,16.0,nvidia_geforce_rtx_4080_super_gpu,1172.6079151500458,5863.039575750228,17589.118727250687,0.8527999743819237,0.8455250062979758,0.8624749607406557
LARA,30,50,32.0,8,encoder,as_deployed,0.03526405998854897,0.03492187533993274,0.03562656092981342,845711,3426823,0.0,float32,,,,,,,Windows-11-10.0.26200-SP0,3.12.9,2.5.1,16,8,63.2,AMD Ryzen 7 7800X3D 8-Core Processor,NVIDIA GeForce RTX 4080 SUPER,gpu,8.9,11.8,16.0,nvidia_geforce_rtx_4080_super_gpu,28357.48352074952,141787.4176037476,425362.2528112428,1.1284499196335671,1.1175000108778477,1.1400499497540295
LARA,30,50,32.0,8,decoder,as_deployed,0.0275656275334768,0.02703593418118544,0.02941093771369196,845711,3426823,0.0,float32,,,,,,,Windows-11-10.0.26200-SP0,3.12.9,2.5.1,16,8,63.2,AMD Ryzen 7 7800X3D 8-Core Processor,NVIDIA GeForce RTX 4080 SUPER,gpu,8.9,11.8,16.0,nvidia_geforce_rtx_4080_super_gpu,36277.06275815996,181385.3137907998,544155.9413723995,0.8821000810712576,0.865149893797934,0.9411500068381428
LARA,30,50,1.0,8,encoder,flushed,1.1195000261068344,1.1123998556286097,1.1300998739898205,845711,3426823,0.0,float32,,,,,,,Windows-11-10.0.26200-SP0,3.12.9,2.5.1,16,8,63.2,AMD Ryzen 7 7800X3D 8-Core Processor,NVIDIA GeForce RTX 4080 SUPER,gpu,8.9,11.8,16.0,nvidia_geforce_rtx_4080_super_gpu,893.2558969896527,4466.279484948263,13398.83845484479,1.1195000261068344,1.1123998556286097,1.1300998739898205
LARA,30,50,1.0,8,decoder,flushed,0.8529000915586948,0.8453000336885452,0.8630999363958836,845711,3426823,0.0,float32,,,,,,,Windows-11-10.0.26200-SP0,3.12.9,2.5.1,16,8,63.2,AMD Ryzen 7 7800X3D 8-Core Processor,NVIDIA GeForce RTX 4080 SUPER,gpu,8.9,11.8,16.0,nvidia_geforce_rtx_4080_super_gpu,1172.470269258005,5862.351346290025,17587.054038870076,0.8529000915586948,0.8453000336885452,0.8630999363958836
LARA,30,50,32.0,8,encoder,flushed,0.03619062772486359,0.035862503864336766,0.036606244975700974,845711,3426823,0.0,float32,,,,,,,Windows-11-10.0.26200-SP0,3.12.9,2.5.1,16,8,63.2,AMD Ryzen 7 7800X3D 8-Core Processor,NVIDIA GeForce RTX 4080 SUPER,gpu,8.9,11.8,16.0,nvidia_geforce_rtx_4080_super_gpu,27631.463250718436,138157.31625359217,414471.94876077655,1.1581000871956348,1.1476001236587765,1.1713998392224312
LARA,30,50,32.0,8,decoder,flushed,0.027315625629853457,0.026978123059961945,0.027771871828008443,845711,3426823,0.0,float32,,,,,,,Windows-11-10.0.26200-SP0,3.12.9,2.5.1,16,8,63.2,AMD Ryzen 7 7800X3D 8-Core Processor,NVIDIA GeForce RTX 4080 SUPER,gpu,8.9,11.8,16.0,nvidia_geforce_rtx_4080_super_gpu,36609.08278473008,183045.4139236504,549136.2417709512,0.8741000201553106,0.8632999379187822,0.8886998984962702
LARA,30,50,32.0,8,memory,,,,,845711,3426823,0.0,float32,46835200.0,,,,,,Windows-11-10.0.26200-SP0,3.12.9,2.5.1,16,8,63.2,AMD Ryzen 7 7800X3D 8-Core Processor,NVIDIA GeForce RTX 4080 SUPER,gpu,8.9,11.8,16.0,nvidia_geforce_rtx_4080_super_gpu,,,,,,
LARA,30,50,,8,quantize,,0.0126000959426164,0.0124999787658452,0.0127998646348714,845711,3426823,,float32,,calibrated,261.12,5.0,,,Windows-11-10.0.26200-SP0,3.12.9,2.5.1,16,8,63.2,AMD Ryzen 7 7800X3D 8-Core Processor,NVIDIA GeForce RTX 4080 SUPER,gpu,8.9,11.8,16.0,nvidia_geforce_rtx_4080_super_gpu,79364.47504481071,396822.3752240535,1190467.1256721606,0.0126000959426164,0.0124999787658452,0.0127998646348714
LARA,30,50,,8,entropy_encode,,0.1989000011235475,0.1980001106858253,0.2008249284699559,845711,3426823,,float32,,calibrated,261.12,5.0,,,Windows-11-10.0.26200-SP0,3.12.9,2.5.1,16,8,63.2,AMD Ryzen 7 7800X3D 8-Core Processor,NVIDIA GeForce RTX 4080 SUPER,gpu,8.9,11.8,16.0,nvidia_geforce_rtx_4080_super_gpu,5027.652058075385,25138.260290376922,75414.78087113077,0.1989000011235475,0.1980001106858253,0.2008249284699559
LARA,30,50,,8,entropy_roundtrip,,0.3931999672204256,0.3903000615537166,0.3957500448450446,845711,3426823,,float32,,calibrated,261.12,5.0,,,Windows-11-10.0.26200-SP0,3.12.9,2.5.1,16,8,63.2,AMD Ryzen 7 7800X3D 8-Core Processor,NVIDIA GeForce RTX 4080 SUPER,gpu,8.9,11.8,16.0,nvidia_geforce_rtx_4080_super_gpu,2543.235206933285,12716.176034666425,38148.52810399928,0.3931999672204256,0.3903000615537166,0.3957500448450446
LARA,30,50,,8,dequantize,,0.0046000350266695,0.0045001506805419,0.0046000350266695,845711,3426823,,float32,,calibrated,261.12,5.0,,,Windows-11-10.0.26200-SP0,3.12.9,2.5.1,16,8,63.2,AMD Ryzen 7 7800X3D 8-Core Processor,NVIDIA GeForce RTX 4080 SUPER,gpu,8.9,11.8,16.0,nvidia_geforce_rtx_4080_super_gpu,217389.6490357849,1086948.2451789244,3260844.7355367737,0.0046000350266695,0.0045001506805419,0.0046000350266695
LARA,50,30,1.0,8,encoder,as_deployed,1.5345000429078937,1.5178248868323865,1.5547001385129988,771547,3143989,0.0,float32,,,,,,,Windows-11-10.0.26200-SP0,3.12.9,2.5.1,16,8,63.2,AMD Ryzen 7 7800X3D 8-Core Processor,NVIDIA GeForce RTX 4080 SUPER,gpu,8.9,11.8,16.0,nvidia_geforce_rtx_4080_super_gpu,651.6780528106011,3258.3902640530055,9775.170792159017,1.5345000429078937,1.5178248868323865,1.5547001385129988
LARA,50,30,1.0,8,decoder,as_deployed,0.8544499287381768,0.8454250637441874,0.8647750946693122,771547,3143989,0.0,float32,,,,,,,Windows-11-10.0.26200-SP0,3.12.9,2.5.1,16,8,63.2,AMD Ryzen 7 7800X3D 8-Core Processor,NVIDIA GeForce RTX 4080 SUPER,gpu,8.9,11.8,16.0,nvidia_geforce_rtx_4080_super_gpu,1170.3435934236272,5851.717967118136,17555.153901354406,0.8544499287381768,0.8454250637441874,0.8647750946693122
LARA,50,30,32.0,8,encoder,as_deployed,0.04675781383411959,0.04635937511920929,0.04726093538920395,771547,3143989,0.0,float32,,,,,,,Windows-11-10.0.26200-SP0,3.12.9,2.5.1,16,8,63.2,AMD Ryzen 7 7800X3D 8-Core Processor,NVIDIA GeForce RTX 4080 SUPER,gpu,8.9,11.8,16.0,nvidia_geforce_rtx_4080_super_gpu,21386.79972394884,106933.99861974419,320801.99585923256,1.4962500426918268,1.4835000038146973,1.5123499324545264
LARA,50,30,32.0,8,decoder,as_deployed,0.027496869734022766,0.026964062271872535,0.0283625049632974,771547,3143989,0.0,float32,,,,,,,Windows-11-10.0.26200-SP0,3.12.9,2.5.1,16,8,63.2,AMD Ryzen 7 7800X3D 8-Core Processor,NVIDIA GeForce RTX 4080 SUPER,gpu,8.9,11.8,16.0,nvidia_geforce_rtx_4080_super_gpu,36367.776029526285,181838.88014763143,545516.6404428943,0.8798998314887285,0.8628499926999211,0.9076001588255168
LARA,50,30,1.0,8,encoder,flushed,1.5146001242101192,1.5044999308884144,1.5274998731911182,771547,3143989,0.0,float32,,,,,,,Windows-11-10.0.26200-SP0,3.12.9,2.5.1,16,8,63.2,AMD Ryzen 7 7800X3D 8-Core Processor,NVIDIA GeForce RTX 4080 SUPER,gpu,8.9,11.8,16.0,nvidia_geforce_rtx_4080_super_gpu,660.2402733338683,3301.2013666693415,9903.604100008024,1.5146001242101192,1.5044999308884144,1.5274998731911182
LARA,50,30,1.0,8,decoder,flushed,0.8568000048398972,0.8477000519633293,0.8662000764161348,771547,3143989,0.0,float32,,,,,,,Windows-11-10.0.26200-SP0,3.12.9,2.5.1,16,8,63.2,AMD Ryzen 7 7800X3D 8-Core Processor,NVIDIA GeForce RTX 4080 SUPER,gpu,8.9,11.8,16.0,nvidia_geforce_rtx_4080_super_gpu,1167.1335134817855,5835.667567408927,17507.002702226782,0.8568000048398972,0.8477000519633293,0.8662000764161348
LARA,50,30,32.0,8,encoder,flushed,0.04785625060321763,0.04743124736705795,0.048278125177603215,771547,3143989,0.0,float32,,,,,,,Windows-11-10.0.26200-SP0,3.12.9,2.5.1,16,8,63.2,AMD Ryzen 7 7800X3D 8-Core Processor,NVIDIA GeForce RTX 4080 SUPER,gpu,8.9,11.8,16.0,nvidia_geforce_rtx_4080_super_gpu,20895.911973780174,104479.55986890086,313438.67960670264,1.5314000193029642,1.5177999157458544,1.5449000056833029
LARA,50,30,32.0,8,decoder,flushed,0.027271875296719372,0.026942188924294896,0.027618749300017953,771547,3143989,0.0,float32,,,,,,,Windows-11-10.0.26200-SP0,3.12.9,2.5.1,16,8,63.2,AMD Ryzen 7 7800X3D 8-Core Processor,NVIDIA GeForce RTX 4080 SUPER,gpu,8.9,11.8,16.0,nvidia_geforce_rtx_4080_super_gpu,36667.81213686077,183339.06068430384,550017.1820529115,0.8727000094950199,0.8621500455774367,0.8837999776005745
LARA,50,30,32.0,8,memory,,,,,771547,3143989,0.0,float32,45853696.0,,,,,,Windows-11-10.0.26200-SP0,3.12.9,2.5.1,16,8,63.2,AMD Ryzen 7 7800X3D 8-Core Processor,NVIDIA GeForce RTX 4080 SUPER,gpu,8.9,11.8,16.0,nvidia_geforce_rtx_4080_super_gpu,,,,,,
LARA,50,30,,8,quantize,,0.0106999650597572,0.0106000807136297,0.0107001978904008,771547,3143989,,float32,,calibrated,160.0,5.0,,,Windows-11-10.0.26200-SP0,3.12.9,2.5.1,16,8,63.2,AMD Ryzen 7 7800X3D 8-Core Processor,NVIDIA GeForce RTX 4080 SUPER,gpu,8.9,11.8,16.0,nvidia_geforce_rtx_4080_super_gpu,93458.24910784257,467291.24553921283,1401873.7366176385,0.0106999650597572,0.0106000807136297,0.0107001978904008
LARA,50,30,,8,entropy_encode,,0.1221999991685152,0.1215999945998191,0.1233001239597797,771547,3143989,,float32,,calibrated,160.0,5.0,,,Windows-11-10.0.26200-SP0,3.12.9,2.5.1,16,8,63.2,AMD Ryzen 7 7800X3D 8-Core Processor,NVIDIA GeForce RTX 4080 SUPER,gpu,8.9,11.8,16.0,nvidia_geforce_rtx_4080_super_gpu,8183.306111328106,40916.53055664053,122749.5916699216,0.1221999991685152,0.1215999945998191,0.1233001239597797
LARA,50,30,,8,entropy_roundtrip,,0.243999995291233,0.2429001033306121,0.2462000120431184,771547,3143989,,float32,,calibrated,160.0,5.0,,,Windows-11-10.0.26200-SP0,3.12.9,2.5.1,16,8,63.2,AMD Ryzen 7 7800X3D 8-Core Processor,NVIDIA GeForce RTX 4080 SUPER,gpu,8.9,11.8,16.0,nvidia_geforce_rtx_4080_super_gpu,4098.360734828794,20491.80367414397,61475.41102243191,0.243999995291233,0.2429001033306121,0.2462000120431184
LARA,50,30,,8,dequantize,,0.0046000350266695,0.0045998021960258,0.0046000350266695,771547,3143989,,float32,,calibrated,160.0,5.0,,,Windows-11-10.0.26200-SP0,3.12.9,2.5.1,16,8,63.2,AMD Ryzen 7 7800X3D 8-Core Processor,NVIDIA GeForce RTX 4080 SUPER,gpu,8.9,11.8,16.0,nvidia_geforce_rtx_4080_super_gpu,217389.6490357849,1086948.2451789244,3260844.7355367737,0.0046000350266695,0.0045998021960258,0.0046000350266695
LARA,60,25,1.0,8,encoder,as_deployed,1.5449499478563666,1.520274963695556,1.6121998196467755,741462,3023669,0.0,float32,,,,,,,Windows-11-10.0.26200-SP0,3.12.9,2.5.1,16,8,63.2,AMD Ryzen 7 7800X3D 8-Core Processor,NVIDIA GeForce RTX 4080 SUPER,gpu,8.9,11.8,16.0,nvidia_geforce_rtx_4080_super_gpu,647.2701600382005,3236.3508001910022,9709.052400573008,1.5449499478563666,1.520274963695556,1.6121998196467755
LARA,60,25,1.0,8,decoder,as_deployed,0.8563001174479723,0.8502751006744802,0.8666999638080597,741462,3023669,0.0,float32,,,,,,,Windows-11-10.0.26200-SP0,3.12.9,2.5.1,16,8,63.2,AMD Ryzen 7 7800X3D 8-Core Processor,NVIDIA GeForce RTX 4080 SUPER,gpu,8.9,11.8,16.0,nvidia_geforce_rtx_4080_super_gpu,1167.8148579265596,5839.074289632797,17517.222868898392,0.8563001174479723,0.8502751006744802,0.8666999638080597
LARA,60,25,32.0,8,encoder,as_deployed,0.047368746891152114,0.0469593760499265,0.04784843622474,741462,3023669,0.0,float32,,,,,,,Windows-11-10.0.26200-SP0,3.12.9,2.5.1,16,8,63.2,AMD Ryzen 7 7800X3D 8-Core Processor,NVIDIA GeForce RTX 4080 SUPER,gpu,8.9,11.8,16.0,nvidia_geforce_rtx_4080_super_gpu,21110.965892720025,105554.82946360012,316664.48839080037,1.5157999005168676,1.502700033597648,1.53114995919168
LARA,60,25,32.0,8,decoder,as_deployed,0.027671871066559106,0.027206253434997052,0.028540627681650225,741462,3023669,0.0,float32,,,,,,,Windows-11-10.0.26200-SP0,3.12.9,2.5.1,16,8,63.2,AMD Ryzen 7 7800X3D 8-Core Processor,NVIDIA GeForce RTX 4080 SUPER,gpu,8.9,11.8,16.0,nvidia_geforce_rtx_4080_super_gpu,36137.780405043864,180688.90202521931,542066.706075658,0.8854998741298914,0.8706001099199057,0.9133000858128072
LARA,60,25,1.0,8,encoder,flushed,1.527799991890788,1.5188249526545403,1.539600023534149,741462,3023669,0.0,float32,,,,,,,Windows-11-10.0.26200-SP0,3.12.9,2.5.1,16,8,63.2,AMD Ryzen 7 7800X3D 8-Core Processor,NVIDIA GeForce RTX 4080 SUPER,gpu,8.9,11.8,16.0,nvidia_geforce_rtx_4080_super_gpu,654.5359374969045,3272.679687484522,9818.039062453567,1.527799991890788,1.5188249526545403,1.539600023534149
LARA,60,25,1.0,8,decoder,flushed,0.8556999964639544,0.8485999424010515,0.8650999516248703,741462,3023669,0.0,float32,,,,,,,Windows-11-10.0.26200-SP0,3.12.9,2.5.1,16,8,63.2,AMD Ryzen 7 7800X3D 8-Core Processor,NVIDIA GeForce RTX 4080 SUPER,gpu,8.9,11.8,16.0,nvidia_geforce_rtx_4080_super_gpu,1168.6338718386614,5843.169359193307,17529.50807757992,0.8556999964639544,0.8485999424010515,0.8650999516248703
LARA,60,25,32.0,8,encoder,flushed,0.04817500303033739,0.04771406383952126,0.04859999899053946,741462,3023669,0.0,float32,,,,,,,Windows-11-10.0.26200-SP0,3.12.9,2.5.1,16,8,63.2,AMD Ryzen 7 7800X3D 8-Core Processor,NVIDIA GeForce RTX 4080 SUPER,gpu,8.9,11.8,16.0,nvidia_geforce_rtx_4080_super_gpu,20757.65307934214,103788.2653967107,311364.79619013215,1.5416000969707966,1.5268500428646803,1.5551999676972628
LARA,60,25,32.0,8,decoder,flushed,0.027496873372001573,0.027140629754285328,0.02786015647870954,741462,3023669,0.0,float32,,,,,,,Windows-11-10.0.26200-SP0,3.12.9,2.5.1,16,8,63.2,AMD Ryzen 7 7800X3D 8-Core Processor,NVIDIA GeForce RTX 4080 SUPER,gpu,8.9,11.8,16.0,nvidia_geforce_rtx_4080_super_gpu,36367.7712178811,181838.85608940548,545516.5682682164,0.8798999479040504,0.8685001521371305,0.8915250073187053
LARA,60,25,32.0,8,memory,,,,,741462,3023669,0.0,float32,45732864.0,,,,,,Windows-11-10.0.26200-SP0,3.12.9,2.5.1,16,8,63.2,AMD Ryzen 7 7800X3D 8-Core Processor,NVIDIA GeForce RTX 4080 SUPER,gpu,8.9,11.8,16.0,nvidia_geforce_rtx_4080_super_gpu,,,,,,
LARA,60,25,,8,quantize,,0.0105001963675022,0.010400079190731,0.0148999970406293,741462,3023669,,float32,,calibrated,133.76,5.0,,,Windows-11-10.0.26200-SP0,3.12.9,2.5.1,16,8,63.2,AMD Ryzen 7 7800X3D 8-Core Processor,NVIDIA GeForce RTX 4080 SUPER,gpu,8.9,11.8,16.0,nvidia_geforce_rtx_4080_super_gpu,95236.3141602733,476181.57080136647,1428544.7124040993,0.0105001963675022,0.010400079190731,0.0148999970406293
LARA,60,25,,8,entropy_encode,,0.0996999442577362,0.0992000568658113,0.1003998331725597,741462,3023669,,float32,,calibrated,133.76,5.0,,,Windows-11-10.0.26200-SP0,3.12.9,2.5.1,16,8,63.2,AMD Ryzen 7 7800X3D 8-Core Processor,NVIDIA GeForce RTX 4080 SUPER,gpu,8.9,11.8,16.0,nvidia_geforce_rtx_4080_super_gpu,10030.095878638418,50150.47939319209,150451.43817957627,0.0996999442577362,0.0992000568658113,0.1003998331725597
LARA,60,25,,8,entropy_roundtrip,,0.1950999721884727,0.1934999600052833,0.1966999843716621,741462,3023669,,float32,,calibrated,133.76,5.0,,,Windows-11-10.0.26200-SP0,3.12.9,2.5.1,16,8,63.2,AMD Ryzen 7 7800X3D 8-Core Processor,NVIDIA GeForce RTX 4080 SUPER,gpu,8.9,11.8,16.0,nvidia_geforce_rtx_4080_super_gpu,5125.577358022218,25627.886790111086,76883.66037033327,0.1950999721884727,0.1934999600052833,0.1966999843716621
LARA,60,25,,8,dequantize,,0.0046000350266695,0.0046000350266695,0.004699919372797,741462,3023669,,float32,,calibrated,133.76,5.0,,,Windows-11-10.0.26200-SP0,3.12.9,2.5.1,16,8,63.2,AMD Ryzen 7 7800X3D 8-Core Processor,NVIDIA GeForce RTX 4080 SUPER,gpu,8.9,11.8,16.0,nvidia_geforce_rtx_4080_super_gpu,217389.6490357849,1086948.2451789244,3260844.7355367737,0.0046000350266695,0.0046000350266695,0.004699919372797
LARA,100,15,1.0,8,encoder,as_deployed,1.5390000771731138,1.5228998381644487,1.735200174152851,681292,2783156,0.0,float32,,,,,,,Windows-11-10.0.26200-SP0,3.12.9,2.5.1,16,8,63.2,AMD Ryzen 7 7800X3D 8-Core Processor,NVIDIA GeForce RTX 4080 SUPER,gpu,8.9,11.8,16.0,nvidia_geforce_rtx_4080_super_gpu,649.772547014314,3248.8627350715697,9746.58820521471,1.5390000771731138,1.5228998381644487,1.735200174152851
LARA,100,15,1.0,8,decoder,as_deployed,0.8605998009443283,0.8516998495906591,0.871000112965703,681292,2783156,0.0,float32,,,,,,,Windows-11-10.0.26200-SP0,3.12.9,2.5.1,16,8,63.2,AMD Ryzen 7 7800X3D 8-Core Processor,NVIDIA GeForce RTX 4080 SUPER,gpu,8.9,11.8,16.0,nvidia_geforce_rtx_4080_super_gpu,1161.980282708303,5809.9014135415155,17429.704240624545,0.8605998009443283,0.8516998495906591,0.871000112965703
LARA,100,15,32.0,8,encoder,as_deployed,0.04714843817055225,0.04666171662393026,0.04767187238030601,681292,2783156,0.0,float32,,,,,,,Windows-11-10.0.26200-SP0,3.12.9,2.5.1,16,8,63.2,AMD Ryzen 7 7800X3D 8-Core Processor,NVIDIA GeForce RTX 4080 SUPER,gpu,8.9,11.8,16.0,nvidia_geforce_rtx_4080_super_gpu,21209.610303159,106048.05151579498,318144.154547385,1.508750021457672,1.4931749319657683,1.5254999161697924
LARA,100,15,32.0,8,decoder,as_deployed,0.027293754101265222,0.02686875086510554,0.027924219466513023,681292,2783156,0.0,float32,,,,,,,Windows-11-10.0.26200-SP0,3.12.9,2.5.1,16,8,63.2,AMD Ryzen 7 7800X3D 8-Core Processor,NVIDIA GeForce RTX 4080 SUPER,gpu,8.9,11.8,16.0,nvidia_geforce_rtx_4080_super_gpu,36638.419042312846,183192.0952115642,549576.2856346926,0.8734001312404871,0.8598000276833773,0.8935750229284167
LARA,100,15,1.0,8,encoder,flushed,1.5273001044988632,1.5179000329226255,1.5414999797940254,681292,2783156,0.0,float32,,,,,,,Windows-11-10.0.26200-SP0,3.12.9,2.5.1,16,8,63.2,AMD Ryzen 7 7800X3D 8-Core Processor,NVIDIA GeForce RTX 4080 SUPER,gpu,8.9,11.8,16.0,nvidia_geforce_rtx_4080_super_gpu,654.7501679953851,3273.7508399769254,9821.252519930777,1.5273001044988632,1.5179000329226255,1.5414999797940254
LARA,100,15,1.0,8,decoder,flushed,0.8566000033169985,0.8487000595778227,0.8683499181643128,681292,2783156,0.0,float32,,,,,,,Windows-11-10.0.26200-SP0,3.12.9,2.5.1,16,8,63.2,AMD Ryzen 7 7800X3D 8-Core Processor,NVIDIA GeForce RTX 4080 SUPER,gpu,8.9,11.8,16.0,nvidia_geforce_rtx_4080_super_gpu,1167.4060192945553,5837.030096472777,17511.090289418327,0.8566000033169985,0.8487000595778227,0.8683499181643128
LARA,100,15,32.0,8,encoder,flushed,0.047756249841768295,0.047446876124013215,0.048190624511335045,681292,2783156,0.0,float32,,,,,,,Windows-11-10.0.26200-SP0,3.12.9,2.5.1,16,8,63.2,AMD Ryzen 7 7800X3D 8-Core Processor,NVIDIA GeForce RTX 4080 SUPER,gpu,8.9,11.8,16.0,nvidia_geforce_rtx_4080_super_gpu,20939.667652156928,104698.33826078463,314095.01478235394,1.5281999949365854,1.518300035968423,1.5420999843627214
LARA,100,15,32.0,8,decoder,flushed,0.027209374820813537,0.026846873879549094,0.02762343683571089,681292,2783156,0.0,float32,,,,,,,Windows-11-10.0.26200-SP0,3.12.9,2.5.1,16,8,63.2,AMD Ryzen 7 7800X3D 8-Core Processor,NVIDIA GeForce RTX 4080 SUPER,gpu,8.9,11.8,16.0,nvidia_geforce_rtx_4080_super_gpu,36752.03883166989,183760.19415834942,551280.5824750484,0.8706999942660332,0.859099964145571,0.8839499787427485
LARA,100,15,32.0,8,memory,,,,,681292,2783156,0.0,float32,45489152.0,,,,,,Windows-11-10.0.26200-SP0,3.12.9,2.5.1,16,8,63.2,AMD Ryzen 7 7800X3D 8-Core Processor,NVIDIA GeForce RTX 4080 SUPER,gpu,8.9,11.8,16.0,nvidia_geforce_rtx_4080_super_gpu,,,,,,
LARA,100,15,,8,quantize,,0.0098999589681625,0.009800074622035,0.0100000761449337,681292,2783156,,float32,,calibrated,96.0,5.0,,,Windows-11-10.0.26200-SP0,3.12.9,2.5.1,16,8,63.2,AMD Ryzen 7 7800X3D 8-Core Processor,NVIDIA GeForce RTX 4080 SUPER,gpu,8.9,11.8,16.0,nvidia_geforce_rtx_4080_super_gpu,101010.51966133622,505052.5983066811,1515157.794920043,0.0098999589681625,0.009800074622035,0.0100000761449337
LARA,100,15,,8,entropy_encode,,0.0609001144766807,0.0605999957770109,0.0612000003457069,681292,2783156,,float32,,calibrated,96.0,5.0,,,Windows-11-10.0.26200-SP0,3.12.9,2.5.1,16,8,63.2,AMD Ryzen 7 7800X3D 8-Core Processor,NVIDIA GeForce RTX 4080 SUPER,gpu,8.9,11.8,16.0,nvidia_geforce_rtx_4080_super_gpu,16420.330381856846,82101.65190928422,246304.95572785268,0.0609001144766807,0.0605999957770109,0.0612000003457069
LARA,100,15,,8,entropy_roundtrip,,0.1195999793708324,0.1191000919789075,0.1203500432893633,681292,2783156,,float32,,calibrated,96.0,5.0,,,Windows-11-10.0.26200-SP0,3.12.9,2.5.1,16,8,63.2,AMD Ryzen 7 7800X3D 8-Core Processor,NVIDIA GeForce RTX 4080 SUPER,gpu,8.9,11.8,16.0,nvidia_geforce_rtx_4080_super_gpu,8361.205455557765,41806.027277788824,125418.08183336646,0.1195999793708324,0.1191000919789075,0.1203500432893633
LARA,100,15,,8,dequantize,,0.0046000350266695,0.0045001506805419,0.0046000350266695,681292,2783156,,float32,,calibrated,96.0,5.0,,,Windows-11-10.0.26200-SP0,3.12.9,2.5.1,16,8,63.2,AMD Ryzen 7 7800X3D 8-Core Processor,NVIDIA GeForce RTX 4080 SUPER,gpu,8.9,11.8,16.0,nvidia_geforce_rtx_4080_super_gpu,217389.6490357849,1086948.2451789244,3260844.7355367737,0.0046000350266695,0.0045001506805419,0.0046000350266695
GeneralizedAutoencoder,2,750,1.0,8,encoder,as_deployed,0.2097999677062034,0.2058001700788736,0.2303000073879957,18022319,72094386,0.0,float32,,,,,,,Windows-11-10.0.26200-SP0,3.12.9,2.5.1,16,8,63.2,AMD Ryzen 7 7800X3D 8-Core Processor,NVIDIA GeForce RTX 4080 SUPER,gpu,8.9,11.8,16.0,nvidia_geforce_rtx_4080_super_gpu,4766.444966285054,23832.22483142527,71496.67449427581,0.2097999677062034,0.2058001700788736,0.2303000073879957
GeneralizedAutoencoder,2,750,1.0,8,decoder,as_deployed,0.1999998930841684,0.1946999691426754,0.203500036150217,18022319,72094386,0.0,float32,,,,,,,Windows-11-10.0.26200-SP0,3.12.9,2.5.1,16,8,63.2,AMD Ryzen 7 7800X3D 8-Core Processor,NVIDIA GeForce RTX 4080 SUPER,gpu,8.9,11.8,16.0,nvidia_geforce_rtx_4080_super_gpu,5000.002672897219,25000.013364486094,75000.04009345829,0.1999998930841684,0.1946999691426754,0.203500036150217
GeneralizedAutoencoder,2,750,32.0,8,encoder,as_deployed,0.0067656219471246,0.00660937075736001,0.006856251275166869,18022319,72094386,0.0,float32,,,,,,,Windows-11-10.0.26200-SP0,3.12.9,2.5.1,16,8,63.2,AMD Ryzen 7 7800X3D 8-Core Processor,NVIDIA GeForce RTX 4080 SUPER,gpu,8.9,11.8,16.0,nvidia_geforce_rtx_4080_super_gpu,147806.07131396123,739030.3565698061,2217091.069709419,0.2164999023079872,0.2114998642355203,0.2194000408053398
GeneralizedAutoencoder,2,750,32.0,8,decoder,as_deployed,0.005875001079402862,0.005809379217680544,0.006024998583598062,18022319,72094386,0.0,float32,,,,,,,Windows-11-10.0.26200-SP0,3.12.9,2.5.1,16,8,63.2,AMD Ryzen 7 7800X3D 8-Core Processor,NVIDIA GeForce RTX 4080 SUPER,gpu,8.9,11.8,16.0,nvidia_geforce_rtx_4080_super_gpu,170212.7346845765,851063.6734228826,2553191.0202686475,0.1880000345408916,0.1859001349657774,0.192799954675138
GeneralizedAutoencoder,2,750,1.0,8,encoder,flushed,0.2051999326795339,0.2039999235421419,0.2085999585688114,18022319,72094386,0.0,float32,,,,,,,Windows-11-10.0.26200-SP0,3.12.9,2.5.1,16,8,63.2,AMD Ryzen 7 7800X3D 8-Core Processor,NVIDIA GeForce RTX 4080 SUPER,gpu,8.9,11.8,16.0,nvidia_geforce_rtx_4080_super_gpu,4873.295945772683,24366.479728863414,73099.43918659024,0.2051999326795339,0.2039999235421419,0.2085999585688114
GeneralizedAutoencoder,2,750,1.0,8,decoder,flushed,0.1993000041693449,0.1948000863194465,0.2020001411437988,18022319,72094386,0.0,float32,,,,,,,Windows-11-10.0.26200-SP0,3.12.9,2.5.1,16,8,63.2,AMD Ryzen 7 7800X3D 8-Core Processor,NVIDIA GeForce RTX 4080 SUPER,gpu,8.9,11.8,16.0,nvidia_geforce_rtx_4080_super_gpu,5017.561360160844,25087.806800804217,75263.42040241265,0.1993000041693449,0.1948000863194465,0.2020001411437988
GeneralizedAutoencoder,2,750,32.0,8,encoder,flushed,0.006615628080908209,0.0065718777477741215,0.006702341124764644,18022319,72094386,0.0,float32,,,,,,,Windows-11-10.0.26200-SP0,3.12.9,2.5.1,16,8,63.2,AMD Ryzen 7 7800X3D 8-Core Processor,NVIDIA GeForce RTX 4080 SUPER,gpu,8.9,11.8,16.0,nvidia_geforce_rtx_4080_super_gpu,151157.22766911009,755786.1383455504,2267358.4150366513,0.2117000985890627,0.2103000879287719,0.2144749159924686
GeneralizedAutoencoder,2,750,32.0,8,decoder,flushed,0.005893751222174613,0.005815621989313512,0.006031252269167453,18022319,72094386,0.0,float32,,,,,,,Windows-11-10.0.26200-SP0,3.12.9,2.5.1,16,8,63.2,AMD Ryzen 7 7800X3D 8-Core Processor,NVIDIA GeForce RTX 4080 SUPER,gpu,8.9,11.8,16.0,nvidia_geforce_rtx_4080_super_gpu,169671.22674564313,848356.1337282156,2545068.401184647,0.1886000391095876,0.1860999036580324,0.1930000726133585
GeneralizedAutoencoder,2,750,32.0,8,memory,,,,,18022319,72094386,0.0,float32,87776768.0,,,,,,Windows-11-10.0.26200-SP0,3.12.9,2.5.1,16,8,63.2,AMD Ryzen 7 7800X3D 8-Core Processor,NVIDIA GeForce RTX 4080 SUPER,gpu,8.9,11.8,16.0,nvidia_geforce_rtx_4080_super_gpu,,,,,,
GeneralizedAutoencoder,2,750,,8,quantize,,0.0630998983979225,0.0624998938292264,0.0638000201433897,18022319,72094386,,float32,,calibrated,3619.2,5.0,,,Windows-11-10.0.26200-SP0,3.12.9,2.5.1,16,8,63.2,AMD Ryzen 7 7800X3D 8-Core Processor,NVIDIA GeForce RTX 4080 SUPER,gpu,8.9,11.8,16.0,nvidia_geforce_rtx_4080_super_gpu,15847.88605670598,79239.4302835299,237718.2908505897,0.0630998983979225,0.0624998938292264,0.0638000201433897
GeneralizedAutoencoder,2,750,,8,entropy_encode,,3.303099889308214,3.286299994215369,3.3308500424027443,18022319,72094386,,float32,,calibrated,3619.2,5.0,,,Windows-11-10.0.26200-SP0,3.12.9,2.5.1,16,8,63.2,AMD Ryzen 7 7800X3D 8-Core Processor,NVIDIA GeForce RTX 4080 SUPER,gpu,8.9,11.8,16.0,nvidia_geforce_rtx_4080_super_gpu,302.74591550709516,1513.7295775354758,4541.188732606427,3.303099889308214,3.286299994215369,3.3308500424027443
GeneralizedAutoencoder,2,750,,8,entropy_roundtrip,,6.6026500426232815,6.59127498511225,6.624075002036989,18022319,72094386,,float32,,calibrated,3619.2,5.0,,,Windows-11-10.0.26200-SP0,3.12.9,2.5.1,16,8,63.2,AMD Ryzen 7 7800X3D 8-Core Processor,NVIDIA GeForce RTX 4080 SUPER,gpu,8.9,11.8,16.0,nvidia_geforce_rtx_4080_super_gpu,151.45433932504662,757.2716966252331,2271.8150898756994,6.6026500426232815,6.59127498511225,6.624075002036989
GeneralizedAutoencoder,2,750,,8,dequantize,,0.005299923941493,0.0052000395953655,0.0053001567721366,18022319,72094386,,float32,,calibrated,3619.2,5.0,,,Windows-11-10.0.26200-SP0,3.12.9,2.5.1,16,8,63.2,AMD Ryzen 7 7800X3D 8-Core Processor,NVIDIA GeForce RTX 4080 SUPER,gpu,8.9,11.8,16.0,nvidia_geforce_rtx_4080_super_gpu,188681.95299389484,943409.7649694742,2830229.2949084225,0.005299923941493,0.0052000395953655,0.0053001567721366
GeneralizedAutoencoder,3,500,1.0,8,encoder,as_deployed,0.1923000672832131,0.1891001593321561,0.2116249524988234,12022069,48093362,0.0,float32,,,,,,,Windows-11-10.0.26200-SP0,3.12.9,2.5.1,16,8,63.2,AMD Ryzen 7 7800X3D 8-Core Processor,NVIDIA GeForce RTX 4080 SUPER,gpu,8.9,11.8,16.0,nvidia_geforce_rtx_4080_super_gpu,5200.206188837331,26001.030944186652,78003.09283255997,0.1923000672832131,0.1891001593321561,0.2116249524988234
GeneralizedAutoencoder,3,500,1.0,8,decoder,as_deployed,0.1991000026464462,0.1962000969797372,0.2021000254899263,12022069,48093362,0.0,float32,,,,,,,Windows-11-10.0.26200-SP0,3.12.9,2.5.1,16,8,63.2,AMD Ryzen 7 7800X3D 8-Core Processor,NVIDIA GeForce RTX 4080 SUPER,gpu,8.9,11.8,16.0,nvidia_geforce_rtx_4080_super_gpu,5022.601640923933,25113.008204619662,75339.02461385899,0.1991000026464462,0.1962000969797372,0.2021000254899263
GeneralizedAutoencoder,3,500,32.0,8,encoder,as_deployed,0.0059718731790781,0.005887493898626416,0.0060531237977556876,12022069,48093362,0.0,float32,,,,,,,Windows-11-10.0.26200-SP0,3.12.9,2.5.1,16,8,63.2,AMD Ryzen 7 7800X3D 8-Core Processor,NVIDIA GeForce RTX 4080 SUPER,gpu,8.9,11.8,16.0,nvidia_geforce_rtx_4080_super_gpu,167451.64708175763,837258.2354087881,2511774.7062263642,0.1910999417304992,0.1883998047560453,0.193699961528182
GeneralizedAutoencoder,3,500,32.0,8,decoder,as_deployed,0.006062502507120369,0.0059750018408522,0.006290625606197862,12022069,48093362,0.0,float32,,,,,,,Windows-11-10.0.26200-SP0,3.12.9,2.5.1,16,8,63.2,AMD Ryzen 7 7800X3D 8-Core Processor,NVIDIA GeForce RTX 4080 SUPER,gpu,8.9,11.8,16.0,nvidia_geforce_rtx_4080_super_gpu,164948.3853945638,824741.926972819,2474225.780918457,0.1940000802278518,0.1912000589072704,0.2013000193983316
GeneralizedAutoencoder,3,500,1.0,8,encoder,flushed,0.1679002307355404,0.1664001028984785,0.1725000329315662,12022069,48093362,0.0,float32,,,,,,,Windows-11-10.0.26200-SP0,3.12.9,2.5.1,16,8,63.2,AMD Ryzen 7 7800X3D 8-Core Processor,NVIDIA GeForce RTX 4080 SUPER,gpu,8.9,11.8,16.0,nvidia_geforce_rtx_4080_super_gpu,5955.917961632225,29779.589808161127,89338.76942448338,0.1679002307355404,0.1664001028984785,0.1725000329315662
GeneralizedAutoencoder,3,500,1.0,8,decoder,flushed,0.1998001243919134,0.1956999767571687,0.2031000331044197,12022069,48093362,0.0,float32,,,,,,,Windows-11-10.0.26200-SP0,3.12.9,2.5.1,16,8,63.2,AMD Ryzen 7 7800X3D 8-Core Processor,NVIDIA GeForce RTX 4080 SUPER,gpu,8.9,11.8,16.0,nvidia_geforce_rtx_4080_super_gpu,5005.001888980173,25025.009444900865,75075.0283347026,0.1998001243919134,0.1956999767571687,0.2031000331044197
GeneralizedAutoencoder,3,500,32.0,8,encoder,flushed,0.005775000317953525,0.005734378646593541,0.005857811629539353,12022069,48093362,0.0,float32,,,,,,,Windows-11-10.0.26200-SP0,3.12.9,2.5.1,16,8,63.2,AMD Ryzen 7 7800X3D 8-Core Processor,NVIDIA GeForce RTX 4080 SUPER,gpu,8.9,11.8,16.0,nvidia_geforce_rtx_4080_super_gpu,173160.1636265135,865800.8181325675,2597402.4543977026,0.1848000101745128,0.1835001166909933,0.1874499721452593
GeneralizedAutoencoder,3,500,32.0,8,decoder,flushed,0.006118749297456816,0.006028125426382756,0.006309375748969613,12022069,48093362,0.0,float32,,,,,,,Windows-11-10.0.26200-SP0,3.12.9,2.5.1,16,8,63.2,AMD Ryzen 7 7800X3D 8-Core Processor,NVIDIA GeForce RTX 4080 SUPER,gpu,8.9,11.8,16.0,nvidia_geforce_rtx_4080_super_gpu,163432.09230939366,817160.4615469682,2451481.384640905,0.1957999775186181,0.1929000136442482,0.2019000239670276
GeneralizedAutoencoder,3,500,32.0,8,memory,,,,,12022069,48093362,0.0,float32,63285760.0,,,,,,Windows-11-10.0.26200-SP0,3.12.9,2.5.1,16,8,63.2,AMD Ryzen 7 7800X3D 8-Core Processor,NVIDIA GeForce RTX 4080 SUPER,gpu,8.9,11.8,16.0,nvidia_geforce_rtx_4080_super_gpu,,,,,,
GeneralizedAutoencoder,3,500,,8,quantize,,0.0438999850302934,0.0435998663306236,0.0442001037299633,12022069,48093362,,float32,,calibrated,2429.44,5.0,,,Windows-11-10.0.26200-SP0,3.12.9,2.5.1,16,8,63.2,AMD Ryzen 7 7800X3D 8-Core Processor,NVIDIA GeForce RTX 4080 SUPER,gpu,8.9,11.8,16.0,nvidia_geforce_rtx_4080_super_gpu,22779.051047738285,113895.25523869142,341685.76571607427,0.0438999850302934,0.0435998663306236,0.0442001037299633
GeneralizedAutoencoder,3,500,,8,entropy_encode,,2.2038499591872096,2.193899883423001,2.2147748968563974,12022069,48093362,,float32,,calibrated,2429.44,5.0,,,Windows-11-10.0.26200-SP0,3.12.9,2.5.1,16,8,63.2,AMD Ryzen 7 7800X3D 8-Core Processor,NVIDIA GeForce RTX 4080 SUPER,gpu,8.9,11.8,16.0,nvidia_geforce_rtx_4080_super_gpu,453.75139801658946,2268.756990082947,6806.270970248842,2.2038499591872096,2.193899883423001,2.2147748968563974
GeneralizedAutoencoder,3,500,,8,entropy_roundtrip,,4.36019990593195,4.344899905845523,4.376600030809641,12022069,48093362,,float32,,calibrated,2429.44,5.0,,,Windows-11-10.0.26200-SP0,3.12.9,2.5.1,16,8,63.2,AMD Ryzen 7 7800X3D 8-Core Processor,NVIDIA GeForce RTX 4080 SUPER,gpu,8.9,11.8,16.0,nvidia_geforce_rtx_4080_super_gpu,229.3472825958102,1146.736412979051,3440.2092389371533,4.36019990593195,4.344899905845523,4.376600030809641
GeneralizedAutoencoder,3,500,,8,dequantize,,0.0050999224185943,0.0050000380724668,0.005100155249238,12022069,48093362,,float32,,calibrated,2429.44,5.0,,,Windows-11-10.0.26200-SP0,3.12.9,2.5.1,16,8,63.2,AMD Ryzen 7 7800X3D 8-Core Processor,NVIDIA GeForce RTX 4080 SUPER,gpu,8.9,11.8,16.0,nvidia_geforce_rtx_4080_super_gpu,196081.41417093002,980407.07085465,2941221.21256395,0.0050999224185943,0.0050000380724668,0.005100155249238
GeneralizedAutoencoder,5,300,1.0,8,encoder,as_deployed,0.1763999462127685,0.1733250101096928,0.1817999873310327,7221869,28892594,0.0,float32,,,,,,,Windows-11-10.0.26200-SP0,3.12.9,2.5.1,16,8,63.2,AMD Ryzen 7 7800X3D 8-Core Processor,NVIDIA GeForce RTX 4080 SUPER,gpu,8.9,11.8,16.0,nvidia_geforce_rtx_4080_super_gpu,5668.93596891367,28344.67984456835,85034.03953370504,0.1763999462127685,0.1733250101096928,0.1817999873310327
GeneralizedAutoencoder,5,300,1.0,8,decoder,as_deployed,0.1945998519659042,0.1905998797155916,0.2014750498346984,7221869,28892594,0.0,float32,,,,,,,Windows-11-10.0.26200-SP0,3.12.9,2.5.1,16,8,63.2,AMD Ryzen 7 7800X3D 8-Core Processor,NVIDIA GeForce RTX 4080 SUPER,gpu,8.9,11.8,16.0,nvidia_geforce_rtx_4080_super_gpu,5138.7500550370905,25693.75027518545,77081.25082555636,0.1945998519659042,0.1905998797155916,0.2014750498346984
GeneralizedAutoencoder,5,300,32.0,8,encoder,as_deployed,0.005859372322447597,0.005750000127591191,0.005925001460127532,7221869,28892594,0.0,float32,,,,,,,Windows-11-10.0.26200-SP0,3.12.9,2.5.1,16,8,63.2,AMD Ryzen 7 7800X3D 8-Core Processor,NVIDIA GeForce RTX 4080 SUPER,gpu,8.9,11.8,16.0,nvidia_geforce_rtx_4080_super_gpu,170666.74465606865,853333.7232803432,2560001.1698410297,0.1874999143183231,0.1840000040829181,0.189600046724081
GeneralizedAutoencoder,5,300,32.0,8,decoder,as_deployed,0.00595625169808045,0.005881251126993447,0.006068752554710953,7221869,28892594,0.0,float32,,,,,,,Windows-11-10.0.26200-SP0,3.12.9,2.5.1,16,8,63.2,AMD Ryzen 7 7800X3D 8-Core Processor,NVIDIA GeForce RTX 4080 SUPER,gpu,8.9,11.8,16.0,nvidia_geforce_rtx_4080_super_gpu,167890.8230695279,839454.1153476394,2518362.3460429185,0.1906000543385744,0.1882000360637903,0.1942000817507505
GeneralizedAutoencoder,5,300,1.0,8,encoder,flushed,0.1620999537408352,0.1608000602573156,0.1653998624533414,7221869,28892594,0.0,float32,,,,,,,Windows-11-10.0.26200-SP0,3.12.9,2.5.1,16,8,63.2,AMD Ryzen 7 7800X3D 8-Core Processor,NVIDIA GeForce RTX 4080 SUPER,gpu,8.9,11.8,16.0,nvidia_geforce_rtx_4080_super_gpu,6169.033222543643,30845.166112718216,92535.49833815465,0.1620999537408352,0.1608000602573156,0.1653998624533414
GeneralizedAutoencoder,5,300,1.0,8,decoder,flushed,0.1993998885154724,0.1946000847965479,0.2023999113589525,7221869,28892594,0.0,float32,,,,,,,Windows-11-10.0.26200-SP0,3.12.9,2.5.1,16,8,63.2,AMD Ryzen 7 7800X3D 8-Core Processor,NVIDIA GeForce RTX 4080 SUPER,gpu,8.9,11.8,16.0,nvidia_geforce_rtx_4080_super_gpu,5015.047939319209,25075.239696596043,75225.71908978814,0.1993998885154724,0.1946000847965479,0.2023999113589525
GeneralizedAutoencoder,5,300,32.0,8,encoder,flushed,0.005593748937826603,0.005562498699873684,0.005681251423084175,7221869,28892594,0.0,float32,,,,,,,Windows-11-10.0.26200-SP0,3.12.9,2.5.1,16,8,63.2,AMD Ryzen 7 7800X3D 8-Core Processor,NVIDIA GeForce RTX 4080 SUPER,gpu,8.9,11.8,16.0,nvidia_geforce_rtx_4080_super_gpu,178770.98366673215,893854.9183336607,2681564.7550009824,0.1789999660104513,0.1779999583959579,0.1818000455386936
GeneralizedAutoencoder,5,300,32.0,8,decoder,flushed,0.005921880074311047,0.005831243470311162,0.006068752554710953,7221869,28892594,0.0,float32,,,,,,,Windows-11-10.0.26200-SP0,3.12.9,2.5.1,16,8,63.2,AMD Ryzen 7 7800X3D 8-Core Processor,NVIDIA GeForce RTX 4080 SUPER,gpu,8.9,11.8,16.0,nvidia_geforce_rtx_4080_super_gpu,168865.29065962895,844326.4532981447,2532979.359894434,0.1895001623779535,0.1865997910499572,0.1942000817507505
GeneralizedAutoencoder,5,300,32.0,8,memory,,,,,7221869,28892594,0.0,float32,44594176.0,,,,,,Windows-11-10.0.26200-SP0,3.12.9,2.5.1,16,8,63.2,AMD Ryzen 7 7800X3D 8-Core Processor,NVIDIA GeForce RTX 4080 SUPER,gpu,8.9,11.8,16.0,nvidia_geforce_rtx_4080_super_gpu,,,,,,
GeneralizedAutoencoder,5,300,,8,quantize,,0.0295999925583601,0.0291999895125627,0.0299001112580299,7221869,28892594,,float32,,calibrated,1482.24,5.0,,,Windows-11-10.0.26200-SP0,3.12.9,2.5.1,16,8,63.2,AMD Ryzen 7 7800X3D 8-Core Processor,NVIDIA GeForce RTX 4080 SUPER,gpu,8.9,11.8,16.0,nvidia_geforce_rtx_4080_super_gpu,33783.792277257315,168918.96138628657,506756.8841588598,0.0295999925583601,0.0291999895125627,0.0299001112580299
GeneralizedAutoencoder,5,300,,8,entropy_encode,,1.2437000405043364,1.237699994817376,1.2564999051392078,7221869,28892594,,float32,,calibrated,1482.24,5.0,,,Windows-11-10.0.26200-SP0,3.12.9,2.5.1,16,8,63.2,AMD Ryzen 7 7800X3D 8-Core Processor,NVIDIA GeForce RTX 4080 SUPER,gpu,8.9,11.8,16.0,nvidia_geforce_rtx_4080_super_gpu,804.0523980319942,4020.261990159971,12060.785970479914,1.2437000405043364,1.237699994817376,1.2564999051392078
GeneralizedAutoencoder,5,300,,8,entropy_roundtrip,,2.496400149539113,2.4833999341353774,2.511599916033447,7221869,28892594,,float32,,calibrated,1482.24,5.0,,,Windows-11-10.0.26200-SP0,3.12.9,2.5.1,16,8,63.2,AMD Ryzen 7 7800X3D 8-Core Processor,NVIDIA GeForce RTX 4080 SUPER,gpu,8.9,11.8,16.0,nvidia_geforce_rtx_4080_super_gpu,400.5768066408026,2002.884033204013,6008.652099612039,2.496400149539113,2.4833999341353774,2.511599916033447
GeneralizedAutoencoder,5,300,,8,dequantize,,0.0049001537263393,0.0048999208956956,0.0050000380724668,7221869,28892594,,float32,,calibrated,1482.24,5.0,,,Windows-11-10.0.26200-SP0,3.12.9,2.5.1,16,8,63.2,AMD Ryzen 7 7800X3D 8-Core Processor,NVIDIA GeForce RTX 4080 SUPER,gpu,8.9,11.8,16.0,nvidia_geforce_rtx_4080_super_gpu,204075.2302575328,1020376.151287664,3061128.4538629916,0.0049001537263393,0.0048999208956956,0.0050000380724668
GeneralizedAutoencoder,10,150,1.0,8,encoder,as_deployed,0.1603499986231327,0.154874927829951,0.2130998764187097,3621719,14491970,0.0,float32,,,,,,,Windows-11-10.0.26200-SP0,3.12.9,2.5.1,16,8,63.2,AMD Ryzen 7 7800X3D 8-Core Processor,NVIDIA GeForce RTX 4080 SUPER,gpu,8.9,11.8,16.0,nvidia_geforce_rtx_4080_super_gpu,6236.358020496647,31181.790102483235,93545.3703074497,0.1603499986231327,0.154874927829951,0.2130998764187097
GeneralizedAutoencoder,10,150,1.0,8,decoder,as_deployed,0.1949002034962177,0.1905999961309135,0.198399880900979,3621719,14491970,0.0,float32,,,,,,,Windows-11-10.0.26200-SP0,3.12.9,2.5.1,16,8,63.2,AMD Ryzen 7 7800X3D 8-Core Processor,NVIDIA GeForce RTX 4080 SUPER,gpu,8.9,11.8,16.0,nvidia_geforce_rtx_4080_super_gpu,5130.830969190888,25654.15484595444,76962.46453786333,0.1949002034962177,0.1905999961309135,0.198399880900979
GeneralizedAutoencoder,10,150,32.0,8,encoder,as_deployed,0.005512498319149016,0.005409376171883194,0.005603120371233672,3621719,14491970,0.0,float32,,,,,,,Windows-11-10.0.26200-SP0,3.12.9,2.5.1,16,8,63.2,AMD Ryzen 7 7800X3D 8-Core Processor,NVIDIA GeForce RTX 4080 SUPER,gpu,8.9,11.8,16.0,nvidia_geforce_rtx_4080_super_gpu,181405.95100523744,907029.7550261872,2721089.2650785614,0.1763999462127685,0.1731000375002622,0.1792998518794775
GeneralizedAutoencoder,10,150,32.0,8,decoder,as_deployed,0.0059718731790781,0.005809371941722928,0.0061093742260709405,3621719,14491970,0.0,float32,,,,,,,Windows-11-10.0.26200-SP0,3.12.9,2.5.1,16,8,63.2,AMD Ryzen 7 7800X3D 8-Core Processor,NVIDIA GeForce RTX 4080 SUPER,gpu,8.9,11.8,16.0,nvidia_geforce_rtx_4080_super_gpu,167451.64708175763,837258.2354087881,2511774.7062263642,0.1910999417304992,0.1858999021351337,0.1954999752342701
GeneralizedAutoencoder,10,150,1.0,8,encoder,flushed,0.1559001393616199,0.1534000039100647,0.1594000495970249,3621719,14491970,0.0,float32,,,,,,,Windows-11-10.0.26200-SP0,3.12.9,2.5.1,16,8,63.2,AMD Ryzen 7 7800X3D 8-Core Processor,NVIDIA GeForce RTX 4080 SUPER,gpu,8.9,11.8,16.0,nvidia_geforce_rtx_4080_super_gpu,6414.362450827827,32071.812254139135,96215.4367624174,0.1559001393616199,0.1534000039100647,0.1594000495970249
GeneralizedAutoencoder,10,150,1.0,8,decoder,flushed,0.1959998626261949,0.1914999447762966,0.1984999980777502,3621719,14491970,0.0,float32,,,,,,,Windows-11-10.0.26200-SP0,3.12.9,2.5.1,16,8,63.2,AMD Ryzen 7 7800X3D 8-Core Processor,NVIDIA GeForce RTX 4080 SUPER,gpu,8.9,11.8,16.0,nvidia_geforce_rtx_4080_super_gpu,5102.044392281898,25510.221961409487,76530.66588422847,0.1959998626261949,0.1914999447762966,0.1984999980777502
GeneralizedAutoencoder,10,150,32.0,8,encoder,flushed,0.005381250957725569,0.005337496986612675,0.005474998033605516,3621719,14491970,0.0,float32,,,,,,,Windows-11-10.0.26200-SP0,3.12.9,2.5.1,16,8,63.2,AMD Ryzen 7 7800X3D 8-Core Processor,NVIDIA GeForce RTX 4080 SUPER,gpu,8.9,11.8,16.0,nvidia_geforce_rtx_4080_super_gpu,185830.39665978678,929151.9832989338,2787455.9498968017,0.1722000306472182,0.1707999035716056,0.1751999370753765
GeneralizedAutoencoder,10,150,32.0,8,decoder,flushed,0.005990630597807465,0.005921872798353431,0.006121874321252106,3621719,14491970,0.0,float32,,,,,,,Windows-11-10.0.26200-SP0,3.12.9,2.5.1,16,8,63.2,AMD Ryzen 7 7800X3D 8-Core Processor,NVIDIA GeForce RTX 4080 SUPER,gpu,8.9,11.8,16.0,nvidia_geforce_rtx_4080_super_gpu,166927.33488958474,834636.6744479237,2503910.023343771,0.1917001791298389,0.1894999295473098,0.1958999782800674
GeneralizedAutoencoder,10,150,32.0,8,memory,,,,,3621719,14491970,0.0,float32,29596160.0,,,,,,Windows-11-10.0.26200-SP0,3.12.9,2.5.1,16,8,63.2,AMD Ryzen 7 7800X3D 8-Core Processor,NVIDIA GeForce RTX 4080 SUPER,gpu,8.9,11.8,16.0,nvidia_geforce_rtx_4080_super_gpu,,,,,,
GeneralizedAutoencoder,10,150,,8,quantize,,0.019199913367629,0.019000144675374,0.01960014924407,3621719,14491970,,float32,,calibrated,755.84,5.0,,,Windows-11-10.0.26200-SP0,3.12.9,2.5.1,16,8,63.2,AMD Ryzen 7 7800X3D 8-Core Processor,NVIDIA GeForce RTX 4080 SUPER,gpu,8.9,11.8,16.0,nvidia_geforce_rtx_4080_super_gpu,52083.56833974039,260417.84169870196,781253.5250961059,0.019199913367629,0.019000144675374,0.01960014924407
GeneralizedAutoencoder,10,150,,8,entropy_encode,,0.6309500895440578,0.6275000050663948,0.6349250325001776,3621719,14491970,,float32,,calibrated,755.84,5.0,,,Windows-11-10.0.26200-SP0,3.12.9,2.5.1,16,8,63.2,AMD Ryzen 7 7800X3D 8-Core Processor,NVIDIA GeForce RTX 4080 SUPER,gpu,8.9,11.8,16.0,nvidia_geforce_rtx_4080_super_gpu,1584.911416246296,7924.55708123148,23773.67124369444,0.6309500895440578,0.6275000050663948,0.6349250325001776
GeneralizedAutoencoder,10,150,,8,entropy_roundtrip,,1.2533999979496002,1.247199950739741,1.2603001669049263,3621719,14491970,,float32,,calibrated,755.84,5.0,,,Windows-11-10.0.26200-SP0,3.12.9,2.5.1,16,8,63.2,AMD Ryzen 7 7800X3D 8-Core Processor,NVIDIA GeForce RTX 4080 SUPER,gpu,8.9,11.8,16.0,nvidia_geforce_rtx_4080_super_gpu,797.829903969898,3989.14951984949,11967.448559548471,1.2533999979496002,1.247199950739741,1.2603001669049263
GeneralizedAutoencoder,10,150,,8,dequantize,,0.0048000365495681,0.0048000365495681,0.0048999208956956,3621719,14491970,,float32,,calibrated,755.84,5.0,,,Windows-11-10.0.26200-SP0,3.12.9,2.5.1,16,8,63.2,AMD Ryzen 7 7800X3D 8-Core Processor,NVIDIA GeForce RTX 4080 SUPER,gpu,8.9,11.8,16.0,nvidia_geforce_rtx_4080_super_gpu,208331.7469926304,1041658.7349631519,3124976.204889456,0.0048000365495681,0.0048000365495681,0.0048999208956956
GeneralizedAutoencoder,15,100,1.0,8,encoder,as_deployed,0.1601001713424921,0.1568000297993421,0.1732000964693725,2421669,9691778,0.0,float32,,,,,,,Windows-11-10.0.26200-SP0,3.12.9,2.5.1,16,8,63.2,AMD Ryzen 7 7800X3D 8-Core Processor,NVIDIA GeForce RTX 4080 SUPER,gpu,8.9,11.8,16.0,nvidia_geforce_rtx_4080_super_gpu,6246.089505180877,31230.447525904383,93691.34257771315,0.1601001713424921,0.1568000297993421,0.1732000964693725
GeneralizedAutoencoder,15,100,1.0,8,decoder,as_deployed,0.189600046724081,0.1874000299721956,0.1931998413056135,2421669,9691778,0.0,float32,,,,,,,Windows-11-10.0.26200-SP0,3.12.9,2.5.1,16,8,63.2,AMD Ryzen 7 7800X3D 8-Core Processor,NVIDIA GeForce RTX 4080 SUPER,gpu,8.9,11.8,16.0,nvidia_geforce_rtx_4080_super_gpu,5274.26030361305,26371.30151806525,79113.90455419575,0.189600046724081,0.1874000299721956,0.1931998413056135
GeneralizedAutoencoder,15,100,32.0,8,encoder,as_deployed,0.005668749508913606,0.005559370038099584,0.005753128789365291,2421669,9691778,0.0,float32,,,,,,,Windows-11-10.0.26200-SP0,3.12.9,2.5.1,16,8,63.2,AMD Ryzen 7 7800X3D 8-Core Processor,NVIDIA GeForce RTX 4080 SUPER,gpu,8.9,11.8,16.0,nvidia_geforce_rtx_4080_super_gpu,176405.74846843886,882028.7423421943,2646086.227026583,0.1813999842852354,0.1778998412191867,0.1841001212596893
GeneralizedAutoencoder,15,100,32.0,8,decoder,as_deployed,0.005996873369440435,0.005896879883948713,0.006212496373336762,2421669,9691778,0.0,float32,,,,,,,Windows-11-10.0.26200-SP0,3.12.9,2.5.1,16,8,63.2,AMD Ryzen 7 7800X3D 8-Core Processor,NVIDIA GeForce RTX 4080 SUPER,gpu,8.9,11.8,16.0,nvidia_geforce_rtx_4080_super_gpu,166753.56279755986,833767.8139877992,2501303.4419633984,0.1918999478220939,0.1887001562863588,0.1987998839467764
GeneralizedAutoencoder,15,100,1.0,8,encoder,flushed,0.1555997878313064,0.1531001180410385,0.1587998121976852,2421669,9691778,0.0,float32,,,,,,,Windows-11-10.0.26200-SP0,3.12.9,2.5.1,16,8,63.2,AMD Ryzen 7 7800X3D 8-Core Processor,NVIDIA GeForce RTX 4080 SUPER,gpu,8.9,11.8,16.0,nvidia_geforce_rtx_4080_super_gpu,6426.743981708706,32133.719908543528,96401.1597256306,0.1555997878313064,0.1531001180410385,0.1587998121976852
GeneralizedAutoencoder,15,100,1.0,8,decoder,flushed,0.1905001699924469,0.1869001425802707,0.1944999676197767,2421669,9691778,0.0,float32,,,,,,,Windows-11-10.0.26200-SP0,3.12.9,2.5.1,16,8,63.2,AMD Ryzen 7 7800X3D 8-Core Processor,NVIDIA GeForce RTX 4080 SUPER,gpu,8.9,11.8,16.0,nvidia_geforce_rtx_4080_super_gpu,5249.339147779494,26246.69573889747,78740.08721669241,0.1905001699924469,0.1869001425802707,0.1944999676197767
GeneralizedAutoencoder,15,100,32.0,8,encoder,flushed,0.005374997272156178,0.005331246939022094,0.005455467544379644,2421669,9691778,0.0,float32,,,,,,,Windows-11-10.0.26200-SP0,3.12.9,2.5.1,16,8,63.2,AMD Ryzen 7 7800X3D 8-Core Processor,NVIDIA GeForce RTX 4080 SUPER,gpu,8.9,11.8,16.0,nvidia_geforce_rtx_4080_super_gpu,186046.6060476437,930233.0302382185,2790699.0907146554,0.1719999127089977,0.170599902048707,0.1745749614201486
GeneralizedAutoencoder,15,100,32.0,8,decoder,flushed,0.0059375015553087,0.005837500793859363,0.0060437523643486184,2421669,9691778,0.0,float32,,,,,,,Windows-11-10.0.26200-SP0,3.12.9,2.5.1,16,8,63.2,AMD Ryzen 7 7800X3D 8-Core Processor,NVIDIA GeForce RTX 4080 SUPER,gpu,8.9,11.8,16.0,nvidia_geforce_rtx_4080_super_gpu,168421.0085142468,842105.0425712339,2526315.1277137017,0.1900000497698784,0.1868000254034996,0.1934000756591558
GeneralizedAutoencoder,15,100,32.0,8,memory,,,,,2421669,9691778,0.0,float32,26270720.0,,,,,,Windows-11-10.0.26200-SP0,3.12.9,2.5.1,16,8,63.2,AMD Ryzen 7 7800X3D 8-Core Processor,NVIDIA GeForce RTX 4080 SUPER,gpu,8.9,11.8,16.0,nvidia_geforce_rtx_4080_super_gpu,,,,,,
GeneralizedAutoencoder,15,100,,8,quantize,,0.0159998890012502,0.0159000046551227,0.0161000061780214,2421669,9691778,,float32,,calibrated,506.88,5.0,,,Windows-11-10.0.26200-SP0,3.12.9,2.5.1,16,8,63.2,AMD Ryzen 7 7800X3D 8-Core Processor,NVIDIA GeForce RTX 4080 SUPER,gpu,8.9,11.8,16.0,nvidia_geforce_rtx_4080_super_gpu,62500.43359187441,312502.16795937205,937506.5038781161,0.0159998890012502,0.0159000046551227,0.0161000061780214
GeneralizedAutoencoder,15,100,,8,entropy_encode,,0.4241000860929489,0.4217999521642923,0.4275000537745654,2421669,9691778,,float32,,calibrated,506.88,5.0,,,Windows-11-10.0.26200-SP0,3.12.9,2.5.1,16,8,63.2,AMD Ryzen 7 7800X3D 8-Core Processor,NVIDIA GeForce RTX 4080 SUPER,gpu,8.9,11.8,16.0,nvidia_geforce_rtx_4080_super_gpu,2357.933970758102,11789.66985379051,35369.00956137153,0.4241000860929489,0.4217999521642923,0.4275000537745654
GeneralizedAutoencoder,15,100,,8,entropy_roundtrip,,0.8388499263674021,0.8344000088982284,0.8451000321656466,2421669,9691778,,float32,,calibrated,506.88,5.0,,,Windows-11-10.0.26200-SP0,3.12.9,2.5.1,16,8,63.2,AMD Ryzen 7 7800X3D 8-Core Processor,NVIDIA GeForce RTX 4080 SUPER,gpu,8.9,11.8,16.0,nvidia_geforce_rtx_4080_super_gpu,1192.108348069422,5960.541740347109,17881.62522104133,0.8388499263674021,0.8344000088982284,0.8451000321656466
GeneralizedAutoencoder,15,100,,8,dequantize,,0.0046000350266695,0.0046000350266695,0.004699919372797,2421669,9691778,,float32,,calibrated,506.88,5.0,,,Windows-11-10.0.26200-SP0,3.12.9,2.5.1,16,8,63.2,AMD Ryzen 7 7800X3D 8-Core Processor,NVIDIA GeForce RTX 4080 SUPER,gpu,8.9,11.8,16.0,nvidia_geforce_rtx_4080_super_gpu,217389.6490357849,1086948.2451789244,3260844.7355367737,0.0046000350266695,0.0046000350266695,0.004699919372797
GeneralizedAutoencoder,20,75,1.0,8,encoder,as_deployed,0.1634000800549984,0.1606999430805444,0.1689998898655176,1821644,7291714,0.0,float32,,,,,,,Windows-11-10.0.26200-SP0,3.12.9,2.5.1,16,8,63.2,AMD Ryzen 7 7800X3D 8-Core Processor,NVIDIA GeForce RTX 4080 SUPER,gpu,8.9,11.8,16.0,nvidia_geforce_rtx_4080_super_gpu,6119.9480420291875,30599.740210145937,91799.22063043782,0.1634000800549984,0.1606999430805444,0.1689998898655176
GeneralizedAutoencoder,20,75,1.0,8,decoder,as_deployed,0.190200051292777,0.1860000193119049,0.1932999584823846,1821644,7291714,0.0,float32,,,,,,,Windows-11-10.0.26200-SP0,3.12.9,2.5.1,16,8,63.2,AMD Ryzen 7 7800X3D 8-Core Processor,NVIDIA GeForce RTX 4080 SUPER,gpu,8.9,11.8,16.0,nvidia_geforce_rtx_4080_super_gpu,5257.622136287909,26288.110681439543,78864.33204431862,0.190200051292777,0.1860000193119049,0.1932999584823846
GeneralizedAutoencoder,20,75,32.0,8,encoder,as_deployed,0.005437497748062013,0.0053750045481137905,0.0055187483667396,1821644,7291714,0.0,float32,,,,,,,Windows-11-10.0.26200-SP0,3.12.9,2.5.1,16,8,63.2,AMD Ryzen 7 7800X3D 8-Core Processor,NVIDIA GeForce RTX 4080 SUPER,gpu,8.9,11.8,16.0,nvidia_geforce_rtx_4080_super_gpu,183908.12214247105,919540.6107123552,2758621.832137066,0.1739999279379844,0.1720001455396413,0.1765999477356672
GeneralizedAutoencoder,20,75,32.0,8,decoder,as_deployed,0.005925001460127532,0.005775000317953525,0.0060374950408004216,1821644,7291714,0.0,float32,,,,,,,Windows-11-10.0.26200-SP0,3.12.9,2.5.1,16,8,63.2,AMD Ryzen 7 7800X3D 8-Core Processor,NVIDIA GeForce RTX 4080 SUPER,gpu,8.9,11.8,16.0,nvidia_geforce_rtx_4080_super_gpu,168776.3297156176,843881.648578088,2531644.945734264,0.189600046724081,0.1848000101745128,0.1931998413056135
GeneralizedAutoencoder,20,75,1.0,8,encoder,flushed,0.1636999659240245,0.1607998274266719,0.1668999902904033,1821644,7291714,0.0,float32,,,,,,,Windows-11-10.0.26200-SP0,3.12.9,2.5.1,16,8,63.2,AMD Ryzen 7 7800X3D 8-Core Processor,NVIDIA GeForce RTX 4080 SUPER,gpu,8.9,11.8,16.0,nvidia_geforce_rtx_4080_super_gpu,6108.736763354699,30543.683816773493,91631.05145032049,0.1636999659240245,0.1607998274266719,0.1668999902904033
GeneralizedAutoencoder,20,75,1.0,8,decoder,flushed,0.190200051292777,0.18550013191998,0.193099956959486,1821644,7291714,0.0,float32,,,,,,,Windows-11-10.0.26200-SP0,3.12.9,2.5.1,16,8,63.2,AMD Ryzen 7 7800X3D 8-Core Processor,NVIDIA GeForce RTX 4080 SUPER,gpu,8.9,11.8,16.0,nvidia_geforce_rtx_4080_super_gpu,5257.622136287909,26288.110681439543,78864.33204431862,0.190200051292777,0.18550013191998,0.193099956959486
GeneralizedAutoencoder,20,75,32.0,8,encoder,flushed,0.0053750045481137905,0.005334368324838578,0.005453126505017278,1821644,7291714,0.0,float32,,,,,,,Windows-11-10.0.26200-SP0,3.12.9,2.5.1,16,8,63.2,AMD Ryzen 7 7800X3D 8-Core Processor,NVIDIA GeForce RTX 4080 SUPER,gpu,8.9,11.8,16.0,nvidia_geforce_rtx_4080_super_gpu,186046.3542027927,930231.7710139634,2790695.3130418905,0.1720001455396413,0.1706997863948345,0.1745000481605529
GeneralizedAutoencoder,20,75,32.0,8,decoder,flushed,0.005950001650489866,0.005881251126993447,0.006053127435734494,1821644,7291714,0.0,float32,,,,,,,Windows-11-10.0.26200-SP0,3.12.9,2.5.1,16,8,63.2,AMD Ryzen 7 7800X3D 8-Core Processor,NVIDIA GeForce RTX 4080 SUPER,gpu,8.9,11.8,16.0,nvidia_geforce_rtx_4080_super_gpu,168067.18027005414,840335.9013502707,2521007.7040508124,0.1904000528156757,0.1882000360637903,0.1937000779435038
GeneralizedAutoencoder,20,75,32.0,8,memory,,,,,1821644,7291714,0.0,float32,22376448.0,,,,,,Windows-11-10.0.26200-SP0,3.12.9,2.5.1,16,8,63.2,AMD Ryzen 7 7800X3D 8-Core Processor,NVIDIA GeForce RTX 4080 SUPER,gpu,8.9,11.8,16.0,nvidia_geforce_rtx_4080_super_gpu,,,,,,
GeneralizedAutoencoder,20,75,,8,quantize,,0.0144001096487045,0.0142999924719333,0.014499993994832,1821644,7291714,,float32,,calibrated,387.2,5.0,,,Windows-11-10.0.26200-SP0,3.12.9,2.5.1,16,8,63.2,AMD Ryzen 7 7800X3D 8-Core Processor,NVIDIA GeForce RTX 4080 SUPER,gpu,8.9,11.8,16.0,nvidia_geforce_rtx_4080_super_gpu,69443.91566420917,347219.57832104585,1041658.7349631375,0.0144001096487045,0.0142999924719333,0.014499993994832
GeneralizedAutoencoder,20,75,,8,entropy_encode,,0.3021999727934599,0.3005999606102705,0.3047999925911426,1821644,7291714,,float32,,calibrated,387.2,5.0,,,Windows-11-10.0.26200-SP0,3.12.9,2.5.1,16,8,63.2,AMD Ryzen 7 7800X3D 8-Core Processor,NVIDIA GeForce RTX 4080 SUPER,gpu,8.9,11.8,16.0,nvidia_geforce_rtx_4080_super_gpu,3309.067141059788,16545.335705298938,49636.00711589682,0.3021999727934599,0.3005999606102705,0.3047999925911426
GeneralizedAutoencoder,20,75,,8,entropy_roundtrip,,0.6031999364495277,0.6001000292599201,0.6069999653846025,1821644,7291714,,float32,,calibrated,387.2,5.0,,,Windows-11-10.0.26200-SP0,3.12.9,2.5.1,16,8,63.2,AMD Ryzen 7 7800X3D 8-Core Processor,NVIDIA GeForce RTX 4080 SUPER,gpu,8.9,11.8,16.0,nvidia_geforce_rtx_4080_super_gpu,1657.8251083480911,8289.125541740455,24867.376625221368,0.6031999364495277,0.6001000292599201,0.6069999653846025
GeneralizedAutoencoder,20,75,,8,dequantize,,0.004699919372797,0.0046000350266695,0.0047001522034406,1821644,7291714,,float32,,calibrated,387.2,5.0,,,Windows-11-10.0.26200-SP0,3.12.9,2.5.1,16,8,63.2,AMD Ryzen 7 7800X3D 8-Core Processor,NVIDIA GeForce RTX 4080 SUPER,gpu,8.9,11.8,16.0,nvidia_geforce_rtx_4080_super_gpu,212769.60745070895,1063848.0372535447,3191544.1117606345,0.004699919372797,0.0046000350266695,0.0047001522034406
GeneralizedAutoencoder,30,50,1.0,8,encoder,as_deployed,0.1740001607686281,0.1712001394480466,0.1793999690562486,1221619,4891586,0.0,float32,,,,,,,Windows-11-10.0.26200-SP0,3.12.9,2.5.1,16,8,63.2,AMD Ryzen 7 7800X3D 8-Core Processor,NVIDIA GeForce RTX 4080 SUPER,gpu,8.9,11.8,16.0,nvidia_geforce_rtx_4080_super_gpu,5747.121126685178,28735.605633425886,86206.81690027767,0.1740001607686281,0.1712001394480466,0.1793999690562486
GeneralizedAutoencoder,30,50,1.0,8,decoder,as_deployed,0.1912000589072704,0.1868000254034996,0.1935998443514108,1221619,4891586,0.0,float32,,,,,,,Windows-11-10.0.26200-SP0,3.12.9,2.5.1,16,8,63.2,AMD Ryzen 7 7800X3D 8-Core Processor,NVIDIA GeForce RTX 4080 SUPER,gpu,8.9,11.8,16.0,nvidia_geforce_rtx_4080_super_gpu,5230.123911651028,26150.619558255137,78451.85867476542,0.1912000589072704,0.1868000254034996,0.1935998443514108
GeneralizedAutoencoder,30,50,32.0,8,encoder,as_deployed,0.005346875695977359,0.005234374839346856,0.005428126314654944,1221619,4891586,0.0,float32,,,,,,,Windows-11-10.0.26200-SP0,3.12.9,2.5.1,16,8,63.2,AMD Ryzen 7 7800X3D 8-Core Processor,NVIDIA GeForce RTX 4080 SUPER,gpu,8.9,11.8,16.0,nvidia_geforce_rtx_4080_super_gpu,187025.10715787442,935125.535789372,2805376.6073681163,0.1711000222712755,0.1674999948590994,0.1737000420689582
GeneralizedAutoencoder,30,50,32.0,8,decoder,as_deployed,0.00591562275076285,0.005756250175181775,0.006037502316758034,1221619,4891586,0.0,float32,,,,,,,Windows-11-10.0.26200-SP0,3.12.9,2.5.1,16,8,63.2,AMD Ryzen 7 7800X3D 8-Core Processor,NVIDIA GeForce RTX 4080 SUPER,gpu,8.9,11.8,16.0,nvidia_geforce_rtx_4080_super_gpu,169043.91002131515,845219.5501065757,2535658.650319727,0.1892999280244112,0.1842000056058168,0.1932000741362571
GeneralizedAutoencoder,30,50,1.0,8,encoder,flushed,0.1725000329315662,0.1709000207483768,0.176774978172034,1221619,4891586,0.0,float32,,,,,,,Windows-11-10.0.26200-SP0,3.12.9,2.5.1,16,8,63.2,AMD Ryzen 7 7800X3D 8-Core Processor,NVIDIA GeForce RTX 4080 SUPER,gpu,8.9,11.8,16.0,nvidia_geforce_rtx_4080_super_gpu,5797.100342564674,28985.50171282337,86956.50513847011,0.1725000329315662,0.1709000207483768,0.176774978172034
GeneralizedAutoencoder,30,50,1.0,8,decoder,flushed,0.188400037586689,0.1862000208348035,0.193099956959486,1221619,4891586,0.0,float32,,,,,,,Windows-11-10.0.26200-SP0,3.12.9,2.5.1,16,8,63.2,AMD Ryzen 7 7800X3D 8-Core Processor,NVIDIA GeForce RTX 4080 SUPER,gpu,8.9,11.8,16.0,nvidia_geforce_rtx_4080_super_gpu,5307.854567384932,26539.272836924658,79617.81851077397,0.188400037586689,0.1862000208348035,0.193099956959486
GeneralizedAutoencoder,30,50,32.0,8,encoder,flushed,0.005353125743567944,0.005309375410433856,0.005440626409836113,1221619,4891586,0.0,float32,,,,,,,Windows-11-10.0.26200-SP0,3.12.9,2.5.1,16,8,63.2,AMD Ryzen 7 7800X3D 8-Core Processor,NVIDIA GeForce RTX 4080 SUPER,gpu,8.9,11.8,16.0,nvidia_geforce_rtx_4080_super_gpu,186806.74579735988,934033.7289867994,2802101.186960398,0.1713000237941742,0.1699000131338834,0.1741000451147556
GeneralizedAutoencoder,30,50,32.0,8,decoder,flushed,0.00599375198362395,0.005873436748515813,0.006159374606795609,1221619,4891586,0.0,float32,,,,,,,Windows-11-10.0.26200-SP0,3.12.9,2.5.1,16,8,63.2,AMD Ryzen 7 7800X3D 8-Core Processor,NVIDIA GeForce RTX 4080 SUPER,gpu,8.9,11.8,16.0,nvidia_geforce_rtx_4080_super_gpu,166840.40359564207,834202.0179782104,2502606.053934631,0.1918000634759664,0.187949975952506,0.1970999874174595
GeneralizedAutoencoder,30,50,32.0,8,memory,,,,,1221619,4891586,0.0,float32,21458432.0,,,,,,Windows-11-10.0.26200-SP0,3.12.9,2.5.1,16,8,63.2,AMD Ryzen 7 7800X3D 8-Core Processor,NVIDIA GeForce RTX 4080 SUPER,gpu,8.9,11.8,16.0,nvidia_geforce_rtx_4080_super_gpu,,,,,,
GeneralizedAutoencoder,30,50,,8,quantize,,0.0126000959426164,0.0124999787658452,0.0175999011844396,1221619,4891586,,float32,,calibrated,259.2,5.0,,,Windows-11-10.0.26200-SP0,3.12.9,2.5.1,16,8,63.2,AMD Ryzen 7 7800X3D 8-Core Processor,NVIDIA GeForce RTX 4080 SUPER,gpu,8.9,11.8,16.0,nvidia_geforce_rtx_4080_super_gpu,79364.47504481071,396822.3752240535,1190467.1256721606,0.0126000959426164,0.0124999787658452,0.0175999011844396
GeneralizedAutoencoder,30,50,,8,entropy_encode,,0.1958000939339399,0.1942000817507505,0.1980999950319528,1221619,4891586,,float32,,calibrated,259.2,5.0,,,Windows-11-10.0.26200-SP0,3.12.9,2.5.1,16,8,63.2,AMD Ryzen 7 7800X3D 8-Core Processor,NVIDIA GeForce RTX 4080 SUPER,gpu,8.9,11.8,16.0,nvidia_geforce_rtx_4080_super_gpu,5107.2498480893755,25536.249240446876,76608.74772134062,0.1958000939339399,0.1942000817507505,0.1980999950319528
GeneralizedAutoencoder,30,50,,8,entropy_roundtrip,,0.3878999268636107,0.3859000280499458,0.3911999519914388,1221619,4891586,,float32,,calibrated,259.2,5.0,,,Windows-11-10.0.26200-SP0,3.12.9,2.5.1,16,8,63.2,AMD Ryzen 7 7800X3D 8-Core Processor,NVIDIA GeForce RTX 4080 SUPER,gpu,8.9,11.8,16.0,nvidia_geforce_rtx_4080_super_gpu,2577.984502563749,12889.922512818745,38669.76753845623,0.3878999268636107,0.3859000280499458,0.3911999519914388
GeneralizedAutoencoder,30,50,,8,dequantize,,0.0046000350266695,0.0045998021960258,0.004699919372797,1221619,4891586,,float32,,calibrated,259.2,5.0,,,Windows-11-10.0.26200-SP0,3.12.9,2.5.1,16,8,63.2,AMD Ryzen 7 7800X3D 8-Core Processor,NVIDIA GeForce RTX 4080 SUPER,gpu,8.9,11.8,16.0,nvidia_geforce_rtx_4080_super_gpu,217389.6490357849,1086948.2451789244,3260844.7355367737,0.0046000350266695,0.0045998021960258,0.004699919372797
GeneralizedAutoencoder,50,30,1.0,8,encoder,as_deployed,0.1753499964252114,0.171000137925148,0.1935249310918152,741599,2971522,0.0,float32,,,,,,,Windows-11-10.0.26200-SP0,3.12.9,2.5.1,16,8,63.2,AMD Ryzen 7 7800X3D 8-Core Processor,NVIDIA GeForce RTX 4080 SUPER,gpu,8.9,11.8,16.0,nvidia_geforce_rtx_4080_super_gpu,5702.880070639239,28514.400353196197,85543.2010595886,0.1753499964252114,0.171000137925148,0.1935249310918152
GeneralizedAutoencoder,50,30,1.0,8,decoder,as_deployed,0.1890999265015125,0.1843000645749271,0.1926000695675611,741599,2971522,0.0,float32,,,,,,,Windows-11-10.0.26200-SP0,3.12.9,2.5.1,16,8,63.2,AMD Ryzen 7 7800X3D 8-Core Processor,NVIDIA GeForce RTX 4080 SUPER,gpu,8.9,11.8,16.0,nvidia_geforce_rtx_4080_super_gpu,5288.2093531221,26441.0467656105,79323.1402968315,0.1890999265015125,0.1843000645749271,0.1926000695675611
GeneralizedAutoencoder,50,30,32.0,8,encoder,as_deployed,0.00533437560079619,0.005214064003666863,0.005409376171883194,741599,2971522,0.0,float32,,,,,,,Windows-11-10.0.26200-SP0,3.12.9,2.5.1,16,8,63.2,AMD Ryzen 7 7800X3D 8-Core Processor,NVIDIA GeForce RTX 4080 SUPER,gpu,8.9,11.8,16.0,nvidia_geforce_rtx_4080_super_gpu,187463.36494392023,937316.8247196011,2811950.4741588035,0.1707000192254781,0.1668500481173396,0.1731000375002622
GeneralizedAutoencoder,50,30,32.0,8,decoder,as_deployed,0.005985937605146319,0.005812500603497028,0.006140631739981472,741599,2971522,0.0,float32,,,,,,,Windows-11-10.0.26200-SP0,3.12.9,2.5.1,16,8,63.2,AMD Ryzen 7 7800X3D 8-Core Processor,NVIDIA GeForce RTX 4080 SUPER,gpu,8.9,11.8,16.0,nvidia_geforce_rtx_4080_super_gpu,167058.20641034836,835291.0320517417,2505873.0961552253,0.1915500033646822,0.1860000193119049,0.1965002156794071
GeneralizedAutoencoder,50,30,1.0,8,encoder,flushed,0.1729000359773636,0.1714001409709453,0.1771000679582357,741599,2971522,0.0,float32,,,,,,,Windows-11-10.0.26200-SP0,3.12.9,2.5.1,16,8,63.2,AMD Ryzen 7 7800X3D 8-Core Processor,NVIDIA GeForce RTX 4080 SUPER,gpu,8.9,11.8,16.0,nvidia_geforce_rtx_4080_super_gpu,5783.688790735255,28918.443953676273,86755.33186102881,0.1729000359773636,0.1714001409709453,0.1771000679582357
GeneralizedAutoencoder,50,30,1.0,8,decoder,flushed,0.1912000589072704,0.1864000223577022,0.1938999630510807,741599,2971522,0.0,float32,,,,,,,Windows-11-10.0.26200-SP0,3.12.9,2.5.1,16,8,63.2,AMD Ryzen 7 7800X3D 8-Core Processor,NVIDIA GeForce RTX 4080 SUPER,gpu,8.9,11.8,16.0,nvidia_geforce_rtx_4080_super_gpu,5230.123911651028,26150.619558255137,78451.85867476542,0.1912000589072704,0.1864000223577022,0.1938999630510807
GeneralizedAutoencoder,50,30,32.0,8,encoder,flushed,0.0053312542149797065,0.005290625267662106,0.005421868991106747,741599,2971522,0.0,float32,,,,,,,Windows-11-10.0.26200-SP0,3.12.9,2.5.1,16,8,63.2,AMD Ryzen 7 7800X3D 8-Core Processor,NVIDIA GeForce RTX 4080 SUPER,gpu,8.9,11.8,16.0,nvidia_geforce_rtx_4080_super_gpu,187573.12251031093,937865.6125515546,2813596.8376546637,0.1706001348793506,0.1693000085651874,0.1734998077154159
GeneralizedAutoencoder,50,30,32.0,8,decoder,flushed,0.0060093734646216035,0.005846872227266431,0.006137503078207372,741599,2971522,0.0,float32,,,,,,,Windows-11-10.0.26200-SP0,3.12.9,2.5.1,16,8,63.2,AMD Ryzen 7 7800X3D 8-Core Processor,NVIDIA GeForce RTX 4080 SUPER,gpu,8.9,11.8,16.0,nvidia_geforce_rtx_4080_super_gpu,166406.69878269377,832033.4939134688,2496100.4817404062,0.1922999508678913,0.1870999112725258,0.1964000985026359
GeneralizedAutoencoder,50,30,32.0,8,memory,,,,,741599,2971522,0.0,float32,18764800.0,,,,,,Windows-11-10.0.26200-SP0,3.12.9,2.5.1,16,8,63.2,AMD Ryzen 7 7800X3D 8-Core Processor,NVIDIA GeForce RTX 4080 SUPER,gpu,8.9,11.8,16.0,nvidia_geforce_rtx_4080_super_gpu,,,,,,
GeneralizedAutoencoder,50,30,,8,quantize,,0.0107998494058847,0.0106999650597572,0.0108999665826559,741599,2971522,,float32,,calibrated,160.0,5.0,,,Windows-11-10.0.26200-SP0,3.12.9,2.5.1,16,8,63.2,AMD Ryzen 7 7800X3D 8-Core Processor,NVIDIA GeForce RTX 4080 SUPER,gpu,8.9,11.8,16.0,nvidia_geforce_rtx_4080_super_gpu,92593.8837124074,462969.418562037,1388908.255686111,0.0107998494058847,0.0106999650597572,0.0108999665826559
GeneralizedAutoencoder,50,30,,8,entropy_encode,,0.1211999915540218,0.1207001041620969,0.1221999991685152,741599,2971522,,float32,,calibrated,160.0,5.0,,,Windows-11-10.0.26200-SP0,3.12.9,2.5.1,16,8,63.2,AMD Ryzen 7 7800X3D 8-Core Processor,NVIDIA GeForce RTX 4080 SUPER,gpu,8.9,11.8,16.0,nvidia_geforce_rtx_4080_super_gpu,8250.825657477671,41254.128287388354,123762.38486216505,0.1211999915540218,0.1207001041620969,0.1221999991685152
GeneralizedAutoencoder,50,30,,8,entropy_roundtrip,,0.2389000728726387,0.2379000652581453,0.2408251166343689,741599,2971522,,float32,,calibrated,160.0,5.0,,,Windows-11-10.0.26200-SP0,3.12.9,2.5.1,16,8,63.2,AMD Ryzen 7 7800X3D 8-Core Processor,NVIDIA GeForce RTX 4080 SUPER,gpu,8.9,11.8,16.0,nvidia_geforce_rtx_4080_super_gpu,4185.850544018525,20929.252720092627,62787.758160277874,0.2389000728726387,0.2379000652581453,0.2408251166343689
GeneralizedAutoencoder,50,30,,8,dequantize,,0.0046000350266695,0.0045998021960258,0.0046000350266695,741599,2971522,,float32,,calibrated,160.0,5.0,,,Windows-11-10.0.26200-SP0,3.12.9,2.5.1,16,8,63.2,AMD Ryzen 7 7800X3D 8-Core Processor,NVIDIA GeForce RTX 4080 SUPER,gpu,8.9,11.8,16.0,nvidia_geforce_rtx_4080_super_gpu,217389.6490357849,1086948.2451789244,3260844.7355367737,0.0046000350266695,0.0045998021960258,0.0046000350266695
GeneralizedAutoencoder,60,25,1.0,8,encoder,as_deployed,0.1775000710040331,0.1727000344544649,0.2470751060172915,621594,2491458,0.0,float32,,,,,,,Windows-11-10.0.26200-SP0,3.12.9,2.5.1,16,8,63.2,AMD Ryzen 7 7800X3D 8-Core Processor,NVIDIA GeForce RTX 4080 SUPER,gpu,8.9,11.8,16.0,nvidia_geforce_rtx_4080_super_gpu,5633.800563253174,28169.002816265867,84507.00844879761,0.1775000710040331,0.1727000344544649,0.2470751060172915
GeneralizedAutoencoder,60,25,1.0,8,decoder,as_deployed,0.189900049008429,0.1862000208348035,0.1936000771820545,621594,2491458,0.0,float32,,,,,,,Windows-11-10.0.26200-SP0,3.12.9,2.5.1,16,8,63.2,AMD Ryzen 7 7800X3D 8-Core Processor,NVIDIA GeForce RTX 4080 SUPER,gpu,8.9,11.8,16.0,nvidia_geforce_rtx_4080_super_gpu,5265.928077541536,26329.64038770768,78988.92116312304,0.189900049008429,0.1862000208348035,0.1936000771820545
GeneralizedAutoencoder,60,25,32.0,8,encoder,as_deployed,0.005265625077299772,0.005178124411031603,0.005378125933930278,621594,2491458,0.0,float32,,,,,,,Windows-11-10.0.26200-SP0,3.12.9,2.5.1,16,8,63.2,AMD Ryzen 7 7800X3D 8-Core Processor,NVIDIA GeForce RTX 4080 SUPER,gpu,8.9,11.8,16.0,nvidia_geforce_rtx_4080_super_gpu,189910.9764405792,949554.8822028959,2848664.646608688,0.1685000024735927,0.1656999811530113,0.1721000298857689
GeneralizedAutoencoder,60,25,32.0,8,decoder,as_deployed,0.005928126483922822,0.00578125036554411,0.006059373845346272,621594,2491458,0.0,float32,,,,,,,Windows-11-10.0.26200-SP0,3.12.9,2.5.1,16,8,63.2,AMD Ryzen 7 7800X3D 8-Core Processor,NVIDIA GeForce RTX 4080 SUPER,gpu,8.9,11.8,16.0,nvidia_geforce_rtx_4080_super_gpu,168687.35893406067,843436.7946703034,2530310.38401091,0.1897000474855303,0.1850000116974115,0.1938999630510807
GeneralizedAutoencoder,60,25,1.0,8,encoder,flushed,0.1742001622915268,0.1724001485854387,0.1783999614417553,621594,2491458,0.0,float32,,,,,,,Windows-11-10.0.26200-SP0,3.12.9,2.5.1,16,8,63.2,AMD Ryzen 7 7800X3D 8-Core Processor,NVIDIA GeForce RTX 4080 SUPER,gpu,8.9,11.8,16.0,nvidia_geforce_rtx_4080_super_gpu,5740.522780492499,28702.613902462494,86107.84170738749,0.1742001622915268,0.1724001485854387,0.1783999614417553
GeneralizedAutoencoder,60,25,1.0,8,decoder,flushed,0.1920999493449926,0.1874999143183231,0.1944999676197767,621594,2491458,0.0,float32,,,,,,,Windows-11-10.0.26200-SP0,3.12.9,2.5.1,16,8,63.2,AMD Ryzen 7 7800X3D 8-Core Processor,NVIDIA GeForce RTX 4080 SUPER,gpu,8.9,11.8,16.0,nvidia_geforce_rtx_4080_super_gpu,5205.623444512723,26028.117222563615,78084.35166769085,0.1920999493449926,0.1874999143183231,0.1944999676197767
GeneralizedAutoencoder,60,25,32.0,8,encoder,flushed,0.00533437560079619,0.005290625267662106,0.005412504833657294,621594,2491458,0.0,float32,,,,,,,Windows-11-10.0.26200-SP0,3.12.9,2.5.1,16,8,63.2,AMD Ryzen 7 7800X3D 8-Core Processor,NVIDIA GeForce RTX 4080 SUPER,gpu,8.9,11.8,16.0,nvidia_geforce_rtx_4080_super_gpu,187463.36494392023,937316.8247196011,2811950.4741588035,0.1707000192254781,0.1693000085651874,0.1732001546770334
GeneralizedAutoencoder,60,25,32.0,8,decoder,flushed,0.006006244802847503,0.005921872798353431,0.006093752745073288,621594,2491458,0.0,float32,,,,,,,Windows-11-10.0.26200-SP0,3.12.9,2.5.1,16,8,63.2,AMD Ryzen 7 7800X3D 8-Core Processor,NVIDIA GeForce RTX 4080 SUPER,gpu,8.9,11.8,16.0,nvidia_geforce_rtx_4080_super_gpu,166493.3802774588,832466.901387294,2497400.7041618824,0.1921998336911201,0.1894999295473098,0.1950000878423452
GeneralizedAutoencoder,60,25,32.0,8,memory,,,,,621594,2491458,0.0,float32,18092032.0,,,,,,Windows-11-10.0.26200-SP0,3.12.9,2.5.1,16,8,63.2,AMD Ryzen 7 7800X3D 8-Core Processor,NVIDIA GeForce RTX 4080 SUPER,gpu,8.9,11.8,16.0,nvidia_geforce_rtx_4080_super_gpu,,,,,,
GeneralizedAutoencoder,60,25,,8,quantize,,0.0104999635368585,0.0103998463600873,0.010599847882986,621594,2491458,,float32,,calibrated,135.04,5.0,,,Windows-11-10.0.26200-SP0,3.12.9,2.5.1,16,8,63.2,AMD Ryzen 7 7800X3D 8-Core Processor,NVIDIA GeForce RTX 4080 SUPER,gpu,8.9,11.8,16.0,nvidia_geforce_rtx_4080_super_gpu,95238.42597068594,476192.1298534297,1428576.3895602892,0.0104999635368585,0.0103998463600873,0.010599847882986
GeneralizedAutoencoder,60,25,,8,entropy_encode,,0.0984000507742166,0.0977001618593931,0.0991001725196838,621594,2491458,,float32,,calibrated,135.04,5.0,,,Windows-11-10.0.26200-SP0,3.12.9,2.5.1,16,8,63.2,AMD Ryzen 7 7800X3D 8-Core Processor,NVIDIA GeForce RTX 4080 SUPER,gpu,8.9,11.8,16.0,nvidia_geforce_rtx_4080_super_gpu,10162.596382135469,50812.98191067734,152438.94573203204,0.0984000507742166,0.0977001618593931,0.0991001725196838
GeneralizedAutoencoder,60,25,,8,entropy_roundtrip,,0.1943998504430055,0.1934999600052833,0.1956999767571687,621594,2491458,,float32,,calibrated,135.04,5.0,,,Windows-11-10.0.26200-SP0,3.12.9,2.5.1,16,8,63.2,AMD Ryzen 7 7800X3D 8-Core Processor,NVIDIA GeForce RTX 4080 SUPER,gpu,8.9,11.8,16.0,nvidia_geforce_rtx_4080_super_gpu,5144.036879252548,25720.18439626274,77160.55318878821,0.1943998504430055,0.1934999600052833,0.1956999767571687
GeneralizedAutoencoder,60,25,,8,dequantize,,0.0046000350266695,0.0045998021960258,0.0046000350266695,621594,2491458,,float32,,calibrated,135.04,5.0,,,Windows-11-10.0.26200-SP0,3.12.9,2.5.1,16,8,63.2,AMD Ryzen 7 7800X3D 8-Core Processor,NVIDIA GeForce RTX 4080 SUPER,gpu,8.9,11.8,16.0,nvidia_geforce_rtx_4080_super_gpu,217389.6490357849,1086948.2451789244,3260844.7355367737,0.0046000350266695,0.0045998021960258,0.0046000350266695
GeneralizedAutoencoder,100,15,1.0,8,encoder,as_deployed,0.1761000603437423,0.1733999233692884,0.1849000109359622,381584,1531474,0.0,float32,,,,,,,Windows-11-10.0.26200-SP0,3.12.9,2.5.1,16,8,63.2,AMD Ryzen 7 7800X3D 8-Core Processor,NVIDIA GeForce RTX 4080 SUPER,gpu,8.9,11.8,16.0,nvidia_geforce_rtx_4080_super_gpu,5678.58976338809,28392.94881694045,85178.84645082137,0.1761000603437423,0.1733999233692884,0.1849000109359622
GeneralizedAutoencoder,100,15,1.0,8,decoder,as_deployed,0.1901499927043914,0.1851997803896665,0.1940000802278518,381584,1531474,0.0,float32,,,,,,,Windows-11-10.0.26200-SP0,3.12.9,2.5.1,16,8,63.2,AMD Ryzen 7 7800X3D 8-Core Processor,NVIDIA GeForce RTX 4080 SUPER,gpu,8.9,11.8,16.0,nvidia_geforce_rtx_4080_super_gpu,5259.006249632665,26295.031248163323,78885.09374448998,0.1901499927043914,0.1851997803896665,0.1940000802278518
GeneralizedAutoencoder,100,15,32.0,8,encoder,as_deployed,0.005353125743567944,0.005246874934528022,0.005434376362245528,381584,1531474,0.0,float32,,,,,,,Windows-11-10.0.26200-SP0,3.12.9,2.5.1,16,8,63.2,AMD Ryzen 7 7800X3D 8-Core Processor,NVIDIA GeForce RTX 4080 SUPER,gpu,8.9,11.8,16.0,nvidia_geforce_rtx_4080_super_gpu,186806.74579735988,934033.7289867994,2802101.186960398,0.1713000237941742,0.1678999979048967,0.1739000435918569
GeneralizedAutoencoder,100,15,32.0,8,decoder,as_deployed,0.0059000012697651965,0.0058000005083158595,0.006031252269167453,381584,1531474,0.0,float32,,,,,,,Windows-11-10.0.26200-SP0,3.12.9,2.5.1,16,8,63.2,AMD Ryzen 7 7800X3D 8-Core Processor,NVIDIA GeForce RTX 4080 SUPER,gpu,8.9,11.8,16.0,nvidia_geforce_rtx_4080_super_gpu,169491.48894671293,847457.4447335646,2542372.3342006938,0.1888000406324863,0.1856000162661075,0.1930000726133585
GeneralizedAutoencoder,100,15,1.0,8,encoder,flushed,0.1745000481605529,0.1729000359773636,0.1788001973181963,381584,1531474,0.0,float32,,,,,,,Windows-11-10.0.26200-SP0,3.12.9,2.5.1,16,8,63.2,AMD Ryzen 7 7800X3D 8-Core Processor,NVIDIA GeForce RTX 4080 SUPER,gpu,8.9,11.8,16.0,nvidia_geforce_rtx_4080_super_gpu,5730.657444174035,28653.287220870174,85959.86166261052,0.1745000481605529,0.1729000359773636,0.1788001973181963
GeneralizedAutoencoder,100,15,1.0,8,decoder,flushed,0.1912000589072704,0.1875499729067087,0.1944999676197767,381584,1531474,0.0,float32,,,,,,,Windows-11-10.0.26200-SP0,3.12.9,2.5.1,16,8,63.2,AMD Ryzen 7 7800X3D 8-Core Processor,NVIDIA GeForce RTX 4080 SUPER,gpu,8.9,11.8,16.0,nvidia_geforce_rtx_4080_super_gpu,5230.123911651028,26150.619558255137,78451.85867476542,0.1912000589072704,0.1875499729067087,0.1944999676197767
GeneralizedAutoencoder,100,15,32.0,8,encoder,flushed,0.005353125743567944,0.0053156254580244405,0.005449997843243181,381584,1531474,0.0,float32,,,,,,,Windows-11-10.0.26200-SP0,3.12.9,2.5.1,16,8,63.2,AMD Ryzen 7 7800X3D 8-Core Processor,NVIDIA GeForce RTX 4080 SUPER,gpu,8.9,11.8,16.0,nvidia_geforce_rtx_4080_super_gpu,186806.74579735988,934033.7289867994,2802101.186960398,0.1713000237941742,0.1701000146567821,0.1743999309837818
GeneralizedAutoencoder,100,15,32.0,8,decoder,flushed,0.0059875019360333655,0.005896872607991097,0.006109381502028553,381584,1531474,0.0,float32,,,,,,,Windows-11-10.0.26200-SP0,3.12.9,2.5.1,16,8,63.2,AMD Ryzen 7 7800X3D 8-Core Processor,NVIDIA GeForce RTX 4080 SUPER,gpu,8.9,11.8,16.0,nvidia_geforce_rtx_4080_super_gpu,167014.55977523836,835072.7988761917,2505218.3966285754,0.1916000619530677,0.1886999234557151,0.1955002080649137
GeneralizedAutoencoder,100,15,32.0,8,memory,,,,,381584,1531474,0.0,float32,16601088.0,,,,,,Windows-11-10.0.26200-SP0,3.12.9,2.5.1,16,8,63.2,AMD Ryzen 7 7800X3D 8-Core Processor,NVIDIA GeForce RTX 4080 SUPER,gpu,8.9,11.8,16.0,nvidia_geforce_rtx_4080_super_gpu,,,,,,
GeneralizedAutoencoder,100,15,,8,quantize,,0.0098999589681625,0.009800074622035,0.00999984331429,381584,1531474,,float32,,calibrated,96.0,5.0,,,Windows-11-10.0.26200-SP0,3.12.9,2.5.1,16,8,63.2,AMD Ryzen 7 7800X3D 8-Core Processor,NVIDIA GeForce RTX 4080 SUPER,gpu,8.9,11.8,16.0,nvidia_geforce_rtx_4080_super_gpu,101010.51966133622,505052.5983066811,1515157.794920043,0.0098999589681625,0.009800074622035,0.00999984331429
GeneralizedAutoencoder,100,15,,8,entropy_encode,,0.0605001114308834,0.0603001099079847,0.0608998816460371,381584,1531474,,float32,,calibrated,96.0,5.0,,,Windows-11-10.0.26200-SP0,3.12.9,2.5.1,16,8,63.2,AMD Ryzen 7 7800X3D 8-Core Processor,NVIDIA GeForce RTX 4080 SUPER,gpu,8.9,11.8,16.0,nvidia_geforce_rtx_4080_super_gpu,16528.8951763737,82644.4758818685,247933.4276456055,0.0605001114308834,0.0603001099079847,0.0608998816460371
GeneralizedAutoencoder,100,15,,8,entropy_roundtrip,,0.1189000904560089,0.1184998545795679,0.1195999793708324,381584,1531474,,float32,,calibrated,96.0,5.0,,,Windows-11-10.0.26200-SP0,3.12.9,2.5.1,16,8,63.2,AMD Ryzen 7 7800X3D 8-Core Processor,NVIDIA GeForce RTX 4080 SUPER,gpu,8.9,11.8,16.0,nvidia_geforce_rtx_4080_super_gpu,8410.422533446126,42052.11266723063,126156.3380016919,0.1189000904560089,0.1184998545795679,0.1195999793708324
GeneralizedAutoencoder,100,15,,8,dequantize,,0.0046000350266695,0.0045001506805419,0.0046000350266695,381584,1531474,,float32,,calibrated,96.0,5.0,,,Windows-11-10.0.26200-SP0,3.12.9,2.5.1,16,8,63.2,AMD Ryzen 7 7800X3D 8-Core Processor,NVIDIA GeForce RTX 4080 SUPER,gpu,8.9,11.8,16.0,nvidia_geforce_rtx_4080_super_gpu,217389.6490357849,1086948.2451789244,3260844.7355367737,0.0046000350266695,0.0045001506805419,0.0046000350266695
AE_PureConcat,2,750,1.0,8,encoder,as_deployed,0.5111000500619411,0.5018999800086021,0.5297499010339379,19127506,76516970,0.0,float32,,,,,,,Windows-11-10.0.26200-SP0,3.12.9,2.5.1,16,8,63.2,AMD Ryzen 7 7800X3D 8-Core Processor,NVIDIA GeForce RTX 4080 SUPER,gpu,8.9,11.8,16.0,nvidia_geforce_rtx_4080_super_gpu,1956.564081492084,9782.820407460418,29348.46122238126,0.5111000500619411,0.5018999800086021,0.5297499010339379
AE_PureConcat,2,750,1.0,8,decoder,as_deployed,0.0354000367224216,0.0350999180227518,0.0358000397682189,19127506,76516970,0.0,float32,,,,,,,Windows-11-10.0.26200-SP0,3.12.9,2.5.1,16,8,63.2,AMD Ryzen 7 7800X3D 8-Core Processor,NVIDIA GeForce RTX 4080 SUPER,gpu,8.9,11.8,16.0,nvidia_geforce_rtx_4080_super_gpu,28248.558266794742,141242.7913339737,423728.3740019211,0.0354000367224216,0.0350999180227518,0.0358000397682189
AE_PureConcat,2,750,32.0,8,encoder,as_deployed,0.016171874449355528,0.015941406672936864,0.01641562266740948,19127506,76516970,0.0,float32,,,,,,,Windows-11-10.0.26200-SP0,3.12.9,2.5.1,16,8,63.2,AMD Ryzen 7 7800X3D 8-Core Processor,NVIDIA GeForce RTX 4080 SUPER,gpu,8.9,11.8,16.0,nvidia_geforce_rtx_4080_super_gpu,61835.75089774775,309178.7544887387,927536.2634662163,0.5174999823793769,0.5101250135339797,0.5252999253571033
AE_PureConcat,2,750,32.0,8,decoder,as_deployed,0.0011812517186626781,0.0011750016710720937,0.0011937445378862313,19127506,76516970,0.0,float32,,,,,,,Windows-11-10.0.26200-SP0,3.12.9,2.5.1,16,8,63.2,AMD Ryzen 7 7800X3D 8-Core Processor,NVIDIA GeForce RTX 4080 SUPER,gpu,8.9,11.8,16.0,nvidia_geforce_rtx_4080_super_gpu,846559.6148567917,4232798.074283958,12698394.222851874,0.0378000549972057,0.037600053474307,0.0381998252123594
AE_PureConcat,2,750,1.0,8,encoder,flushed,0.5050500622019172,0.4970000591129064,0.5147999618202448,19127506,76516970,0.0,float32,,,,,,,Windows-11-10.0.26200-SP0,3.12.9,2.5.1,16,8,63.2,AMD Ryzen 7 7800X3D 8-Core Processor,NVIDIA GeForce RTX 4080 SUPER,gpu,8.9,11.8,16.0,nvidia_geforce_rtx_4080_super_gpu,1980.0017361451262,9900.00868072563,29700.026042176894,0.5050500622019172,0.4970000591129064,0.5147999618202448
AE_PureConcat,2,750,1.0,8,decoder,flushed,0.0346999149769544,0.0342999119311571,0.0352000351995229,19127506,76516970,0.0,float32,,,,,,,Windows-11-10.0.26200-SP0,3.12.9,2.5.1,16,8,63.2,AMD Ryzen 7 7800X3D 8-Core Processor,NVIDIA GeForce RTX 4080 SUPER,gpu,8.9,11.8,16.0,nvidia_geforce_rtx_4080_super_gpu,28818.514416076814,144092.57208038407,432277.7162411522,0.0346999149769544,0.0342999119311571,0.0352000351995229
AE_PureConcat,2,750,32.0,8,encoder,flushed,0.016146877896972,0.015909376088529825,0.016450001567136496,19127506,76516970,0.0,float32,,,,,,,Windows-11-10.0.26200-SP0,3.12.9,2.5.1,16,8,63.2,AMD Ryzen 7 7800X3D 8-Core Processor,NVIDIA GeForce RTX 4080 SUPER,gpu,8.9,11.8,16.0,nvidia_geforce_rtx_4080_super_gpu,61931.477179717105,309657.3858985855,928972.1576957566,0.516700092703104,0.5091000348329544,0.5264000501483679
AE_PureConcat,2,750,32.0,8,decoder,flushed,0.001184380380436778,0.0011781230568885782,0.0011968731996603282,19127506,76516970,0.0,float32,,,,,,,Windows-11-10.0.26200-SP0,3.12.9,2.5.1,16,8,63.2,AMD Ryzen 7 7800X3D 8-Core Processor,NVIDIA GeForce RTX 4080 SUPER,gpu,8.9,11.8,16.0,nvidia_geforce_rtx_4080_super_gpu,844323.3411475611,4221616.705737805,12664850.117213417,0.0379001721739769,0.0376999378204345,0.0382999423891305
AE_PureConcat,2,750,32.0,8,memory,,,,,19127506,76516970,0.0,float32,93229056.0,,,,,,Windows-11-10.0.26200-SP0,3.12.9,2.5.1,16,8,63.2,AMD Ryzen 7 7800X3D 8-Core Processor,NVIDIA GeForce RTX 4080 SUPER,gpu,8.9,11.8,16.0,nvidia_geforce_rtx_4080_super_gpu,,,,,,
AE_PureConcat,2,750,,8,quantize,,0.0641001388430595,0.063600018620491,0.0648999121040105,19127506,76516970,,float32,,calibrated,3620.48,5.0,,,Windows-11-10.0.26200-SP0,3.12.9,2.5.1,16,8,63.2,AMD Ryzen 7 7800X3D 8-Core Processor,NVIDIA GeForce RTX 4080 SUPER,gpu,8.9,11.8,16.0,nvidia_geforce_rtx_4080_super_gpu,15600.590233483963,78002.95116741981,234008.85350225944,0.0641001388430595,0.063600018620491,0.0648999121040105
AE_PureConcat,2,750,,8,entropy_encode,,3.230299917049706,3.2161749550141394,3.259224933572113,19127506,76516970,,float32,,calibrated,3620.48,5.0,,,Windows-11-10.0.26200-SP0,3.12.9,2.5.1,16,8,63.2,AMD Ryzen 7 7800X3D 8-Core Processor,NVIDIA GeForce RTX 4080 SUPER,gpu,8.9,11.8,16.0,nvidia_geforce_rtx_4080_super_gpu,309.5687786517727,1547.8438932588633,4643.53167977659,3.230299917049706,3.2161749550141394,3.259224933572113
AE_PureConcat,2,750,,8,entropy_roundtrip,,6.546300021000207,6.521499890368432,6.567924981936812,19127506,76516970,,float32,,calibrated,3620.48,5.0,,,Windows-11-10.0.26200-SP0,3.12.9,2.5.1,16,8,63.2,AMD Ryzen 7 7800X3D 8-Core Processor,NVIDIA GeForce RTX 4080 SUPER,gpu,8.9,11.8,16.0,nvidia_geforce_rtx_4080_super_gpu,152.7580460400607,763.7902302003034,2291.3706906009106,6.546300021000207,6.521499890368432,6.567924981936812
AE_PureConcat,2,750,,8,dequantize,,0.005299923941493,0.0052000395953655,0.0053001567721366,19127506,76516970,,float32,,calibrated,3620.48,5.0,,,Windows-11-10.0.26200-SP0,3.12.9,2.5.1,16,8,63.2,AMD Ryzen 7 7800X3D 8-Core Processor,NVIDIA GeForce RTX 4080 SUPER,gpu,8.9,11.8,16.0,nvidia_geforce_rtx_4080_super_gpu,188681.95299389484,943409.7649694742,2830229.2949084225,0.005299923941493,0.0052000395953655,0.0053001567721366
AE_PureConcat,3,500,1.0,8,encoder,as_deployed,0.5251001566648483,0.5143500166013837,0.53909991402179,12752256,51016234,0.0,float32,,,,,,,Windows-11-10.0.26200-SP0,3.12.9,2.5.1,16,8,63.2,AMD Ryzen 7 7800X3D 8-Core Processor,NVIDIA GeForce RTX 4080 SUPER,gpu,8.9,11.8,16.0,nvidia_geforce_rtx_4080_super_gpu,1904.3985938824665,9521.992969412331,28565.978908236997,0.5251001566648483,0.5143500166013837,0.53909991402179
AE_PureConcat,3,500,1.0,8,decoder,as_deployed,0.0384000595659017,0.0380999408662319,0.0388000626116991,12752256,51016234,0.0,float32,,,,,,,Windows-11-10.0.26200-SP0,3.12.9,2.5.1,16,8,63.2,AMD Ryzen 7 7800X3D 8-Core Processor,NVIDIA GeForce RTX 4080 SUPER,gpu,8.9,11.8,16.0,nvidia_geforce_rtx_4080_super_gpu,26041.62627101691,130208.13135508455,390624.39406525367,0.0384000595659017,0.0380999408662319,0.0388000626116991
AE_PureConcat,3,500,32.0,8,encoder,as_deployed,0.025274999643443152,0.025206245481967926,0.025482035198365338,12752256,51016234,0.0,float32,,,,,,,Windows-11-10.0.26200-SP0,3.12.9,2.5.1,16,8,63.2,AMD Ryzen 7 7800X3D 8-Core Processor,NVIDIA GeForce RTX 4080 SUPER,gpu,8.9,11.8,16.0,nvidia_geforce_rtx_4080_super_gpu,39564.78789741231,197823.93948706152,593471.8184611846,0.8087999885901809,0.8065998554229736,0.8154251263476908
AE_PureConcat,3,500,32.0,8,decoder,as_deployed,0.0011343727237544936,0.001125001290347425,0.001140622771345078,12752256,51016234,0.0,float32,,,,,,,Windows-11-10.0.26200-SP0,3.12.9,2.5.1,16,8,63.2,AMD Ryzen 7 7800X3D 8-Core Processor,NVIDIA GeForce RTX 4080 SUPER,gpu,8.9,11.8,16.0,nvidia_geforce_rtx_4080_super_gpu,881544.4686383563,4407722.343191781,13223167.029575344,0.0362999271601438,0.0360000412911176,0.0364999286830425
AE_PureConcat,3,500,1.0,8,encoder,flushed,0.5166002083569765,0.51065010484308,0.5235500866547227,12752256,51016234,0.0,float32,,,,,,,Windows-11-10.0.26200-SP0,3.12.9,2.5.1,16,8,63.2,AMD Ryzen 7 7800X3D 8-Core Processor,NVIDIA GeForce RTX 4080 SUPER,gpu,8.9,11.8,16.0,nvidia_geforce_rtx_4080_super_gpu,1935.7328623239518,9678.66431161976,29035.992934859278,0.5166002083569765,0.51065010484308,0.5235500866547227
AE_PureConcat,3,500,1.0,8,decoder,flushed,0.0348000321537256,0.0344999134540557,0.0356999225914478,12752256,51016234,0.0,float32,,,,,,,Windows-11-10.0.26200-SP0,3.12.9,2.5.1,16,8,63.2,AMD Ryzen 7 7800X3D 8-Core Processor,NVIDIA GeForce RTX 4080 SUPER,gpu,8.9,11.8,16.0,nvidia_geforce_rtx_4080_super_gpu,28735.6056334259,143678.0281671295,431034.08450138854,0.0348000321537256,0.0344999134540557,0.0356999225914478
AE_PureConcat,3,500,32.0,8,encoder,flushed,0.025221874238923192,0.025165631086565554,0.02537812542868778,12752256,51016234,0.0,float32,,,,,,,Windows-11-10.0.26200-SP0,3.12.9,2.5.1,16,8,63.2,AMD Ryzen 7 7800X3D 8-Core Processor,NVIDIA GeForce RTX 4080 SUPER,gpu,8.9,11.8,16.0,nvidia_geforce_rtx_4080_super_gpu,39648.12410557374,198240.62052786868,594721.8615836061,0.8070999756455421,0.8053001947700977,0.812100013718009
AE_PureConcat,3,500,32.0,8,decoder,flushed,0.0011343799997121093,0.0011281226761639094,0.0011437441571615626,12752256,51016234,0.0,float32,,,,,,,Windows-11-10.0.26200-SP0,3.12.9,2.5.1,16,8,63.2,AMD Ryzen 7 7800X3D 8-Core Processor,NVIDIA GeForce RTX 4080 SUPER,gpu,8.9,11.8,16.0,nvidia_geforce_rtx_4080_super_gpu,881538.8143777101,4407694.07188855,13223082.215665651,0.0363001599907875,0.0360999256372451,0.03659981302917
AE_PureConcat,3,500,32.0,8,memory,,,,,12752256,51016234,0.0,float32,66498048.0,,,,,,Windows-11-10.0.26200-SP0,3.12.9,2.5.1,16,8,63.2,AMD Ryzen 7 7800X3D 8-Core Processor,NVIDIA GeForce RTX 4080 SUPER,gpu,8.9,11.8,16.0,nvidia_geforce_rtx_4080_super_gpu,,,,,,
AE_PureConcat,3,500,,8,quantize,,0.0448999926447868,0.0444999895989894,0.0455998815596103,12752256,51016234,,float32,,calibrated,2429.44,5.0,,,Windows-11-10.0.26200-SP0,3.12.9,2.5.1,16,8,63.2,AMD Ryzen 7 7800X3D 8-Core Processor,NVIDIA GeForce RTX 4080 SUPER,gpu,8.9,11.8,16.0,nvidia_geforce_rtx_4080_super_gpu,22271.718570450743,111358.59285225371,334075.77855676116,0.0448999926447868,0.0444999895989894,0.0455998815596103
AE_PureConcat,3,500,,8,entropy_encode,,2.112300018779933,2.099849923979491,2.124574966728688,12752256,51016234,,float32,,calibrated,2429.44,5.0,,,Windows-11-10.0.26200-SP0,3.12.9,2.5.1,16,8,63.2,AMD Ryzen 7 7800X3D 8-Core Processor,NVIDIA GeForce RTX 4080 SUPER,gpu,8.9,11.8,16.0,nvidia_geforce_rtx_4080_super_gpu,473.41759745739205,2367.08798728696,7101.263961860881,2.112300018779933,2.099849923979491,2.124574966728688
AE_PureConcat,3,500,,8,entropy_roundtrip,,4.227799945510924,4.1954749613069,4.2462749988771975,12752256,51016234,,float32,,calibrated,2429.44,5.0,,,Windows-11-10.0.26200-SP0,3.12.9,2.5.1,16,8,63.2,AMD Ryzen 7 7800X3D 8-Core Processor,NVIDIA GeForce RTX 4080 SUPER,gpu,8.9,11.8,16.0,nvidia_geforce_rtx_4080_super_gpu,236.52964021199716,1182.6482010599857,3547.9446031799575,4.227799945510924,4.1954749613069,4.2462749988771975
AE_PureConcat,3,500,,8,dequantize,,0.0050000380724668,0.0050000380724668,0.0050999224185943,12752256,51016234,,float32,,calibrated,2429.44,5.0,,,Windows-11-10.0.26200-SP0,3.12.9,2.5.1,16,8,63.2,AMD Ryzen 7 7800X3D 8-Core Processor,NVIDIA GeForce RTX 4080 SUPER,gpu,8.9,11.8,16.0,nvidia_geforce_rtx_4080_super_gpu,199998.477112924,999992.38556462,2999977.1566938604,0.0050000380724668,0.0050000380724668,0.0050999224185943
AE_PureConcat,5,300,1.0,8,encoder,as_deployed,0.4738999996334314,0.4629998002201319,0.5691999103873968,7652056,30615210,0.0,float32,,,,,,,Windows-11-10.0.26200-SP0,3.12.9,2.5.1,16,8,63.2,AMD Ryzen 7 7800X3D 8-Core Processor,NVIDIA GeForce RTX 4080 SUPER,gpu,8.9,11.8,16.0,nvidia_geforce_rtx_4080_super_gpu,2110.1498222694972,10550.749111347486,31652.24733404246,0.4738999996334314,0.4629998002201319,0.5691999103873968
AE_PureConcat,5,300,1.0,8,decoder,as_deployed,0.0374999362975358,0.0372000504285097,0.0377001706510782,7652056,30615210,0.0,float32,,,,,,,Windows-11-10.0.26200-SP0,3.12.9,2.5.1,16,8,63.2,AMD Ryzen 7 7800X3D 8-Core Processor,NVIDIA GeForce RTX 4080 SUPER,gpu,8.9,11.8,16.0,nvidia_geforce_rtx_4080_super_gpu,26666.711966273717,133333.55983136856,400000.67949410575,0.0374999362975358,0.0372000504285097,0.0377001706510782
AE_PureConcat,5,300,32.0,8,encoder,as_deployed,0.016098438209155574,0.01588437044119928,0.016440628314740025,7652056,30615210,0.0,float32,,,,,,,Windows-11-10.0.26200-SP0,3.12.9,2.5.1,16,8,63.2,AMD Ryzen 7 7800X3D 8-Core Processor,NVIDIA GeForce RTX 4080 SUPER,gpu,8.9,11.8,16.0,nvidia_geforce_rtx_4080_super_gpu,62117.82702195767,310589.13510978833,931767.405329365,0.5151500226929784,0.508299854118377,0.5261001060716808
AE_PureConcat,5,300,32.0,8,decoder,as_deployed,0.0012031232472509124,0.0011937518138438437,0.0012156233424320813,7652056,30615210,0.0,float32,,,,,,,Windows-11-10.0.26200-SP0,3.12.9,2.5.1,16,8,63.2,AMD Ryzen 7 7800X3D 8-Core Processor,NVIDIA GeForce RTX 4080 SUPER,gpu,8.9,11.8,16.0,nvidia_geforce_rtx_4080_super_gpu,831170.0420426247,4155850.2102131234,12467550.63063937,0.0384999439120292,0.038200058043003,0.0388999469578266
AE_PureConcat,5,300,1.0,8,encoder,flushed,0.4829000681638717,0.4777000285685062,0.4891999997198581,7652056,30615210,0.0,float32,,,,,,,Windows-11-10.0.26200-SP0,3.12.9,2.5.1,16,8,63.2,AMD Ryzen 7 7800X3D 8-Core Processor,NVIDIA GeForce RTX 4080 SUPER,gpu,8.9,11.8,16.0,nvidia_geforce_rtx_4080_super_gpu,2070.8218240728243,10354.10912036412,31062.327361092364,0.4829000681638717,0.4777000285685062,0.4891999997198581
AE_PureConcat,5,300,1.0,8,decoder,flushed,0.0361001584678888,0.0348999164998531,0.0367001630365848,7652056,30615210,0.0,float32,,,,,,,Windows-11-10.0.26200-SP0,3.12.9,2.5.1,16,8,63.2,AMD Ryzen 7 7800X3D 8-Core Processor,NVIDIA GeForce RTX 4080 SUPER,gpu,8.9,11.8,16.0,nvidia_geforce_rtx_4080_super_gpu,27700.70942734235,138503.54713671174,415510.64141013526,0.0361001584678888,0.0348999164998531,0.0367001630365848
AE_PureConcat,5,300,32.0,8,encoder,flushed,0.01608749880688265,0.01587187398399692,0.01639687252463773,7652056,30615210,0.0,float32,,,,,,,Windows-11-10.0.26200-SP0,3.12.9,2.5.1,16,8,63.2,AMD Ryzen 7 7800X3D 8-Core Processor,NVIDIA GeForce RTX 4080 SUPER,gpu,8.9,11.8,16.0,nvidia_geforce_rtx_4080_super_gpu,62160.066770116806,310800.333850584,932401.0015517521,0.5147999618202448,0.5078999674879014,0.5246999207884073
AE_PureConcat,5,300,32.0,8,decoder,flushed,0.0011968804756179437,0.0011906231520697468,0.0012093732948414968,7652056,30615210,0.0,float32,,,,,,,Windows-11-10.0.26200-SP0,3.12.9,2.5.1,16,8,63.2,AMD Ryzen 7 7800X3D 8-Core Processor,NVIDIA GeForce RTX 4080 SUPER,gpu,8.9,11.8,16.0,nvidia_geforce_rtx_4080_super_gpu,835505.3160038431,4177526.580019215,12532579.740057645,0.0383001752197742,0.0380999408662319,0.0386999454349279
AE_PureConcat,5,300,32.0,8,memory,,,,,7652056,30615210,0.0,float32,43715072.0,,,,,,Windows-11-10.0.26200-SP0,3.12.9,2.5.1,16,8,63.2,AMD Ryzen 7 7800X3D 8-Core Processor,NVIDIA GeForce RTX 4080 SUPER,gpu,8.9,11.8,16.0,nvidia_geforce_rtx_4080_super_gpu,,,,,,
AE_PureConcat,5,300,,8,quantize,,0.0303999986499547,0.0300998799502849,0.0342249986715614,7652056,30615210,,float32,,calibrated,1194.88,5.0,,,Windows-11-10.0.26200-SP0,3.12.9,2.5.1,16,8,63.2,AMD Ryzen 7 7800X3D 8-Core Processor,NVIDIA GeForce RTX 4080 SUPER,gpu,8.9,11.8,16.0,nvidia_geforce_rtx_4080_super_gpu,32894.73830294036,164473.6915147018,493421.0745441054,0.0303999986499547,0.0300998799502849,0.0342249986715614
AE_PureConcat,5,300,,8,entropy_encode,,1.4162498991936443,1.4091749908402562,1.424024987500161,7652056,30615210,,float32,,calibrated,1194.88,5.0,,,Windows-11-10.0.26200-SP0,3.12.9,2.5.1,16,8,63.2,AMD Ryzen 7 7800X3D 8-Core Processor,NVIDIA GeForce RTX 4080 SUPER,gpu,8.9,11.8,16.0,nvidia_geforce_rtx_4080_super_gpu,706.0900767367114,3530.4503836835565,10591.35115105067,1.4162498991936443,1.4091749908402562,1.424024987500161
AE_PureConcat,5,300,,8,entropy_roundtrip,,2.820500056259334,2.8083499055355787,2.841175068169832,7652056,30615210,,float32,,calibrated,1194.88,5.0,,,Windows-11-10.0.26200-SP0,3.12.9,2.5.1,16,8,63.2,AMD Ryzen 7 7800X3D 8-Core Processor,NVIDIA GeForce RTX 4080 SUPER,gpu,8.9,11.8,16.0,nvidia_geforce_rtx_4080_super_gpu,354.5470590510259,1772.7352952551294,5318.205885765388,2.820500056259334,2.8083499055355787,2.841175068169832
AE_PureConcat,5,300,,8,dequantize,,0.0050000380724668,0.0049001537263393,0.0050000380724668,7652056,30615210,,float32,,calibrated,1194.88,5.0,,,Windows-11-10.0.26200-SP0,3.12.9,2.5.1,16,8,63.2,AMD Ryzen 7 7800X3D 8-Core Processor,NVIDIA GeForce RTX 4080 SUPER,gpu,8.9,11.8,16.0,nvidia_geforce_rtx_4080_super_gpu,199998.477112924,999992.38556462,2999977.1566938604,0.0050000380724668,0.0049001537263393,0.0050000380724668
AE_PureConcat,10,150,1.0,8,encoder,as_deployed,0.262449961155653,0.2553251106292009,0.4261999856680631,3826778,15311512,0.0,float32,,,,,,,Windows-11-10.0.26200-SP0,3.12.9,2.5.1,16,8,63.2,AMD Ryzen 7 7800X3D 8-Core Processor,NVIDIA GeForce RTX 4080 SUPER,gpu,8.9,11.8,16.0,nvidia_geforce_rtx_4080_super_gpu,3810.2501352893064,19051.250676446532,57153.752029339594,0.262449961155653,0.2553251106292009,0.4261999856680631
AE_PureConcat,10,150,1.0,8,decoder,as_deployed,0.0268998555839061,0.0265999697148799,0.027199974283576,3826778,15311512,0.0,float32,,,,,,,Windows-11-10.0.26200-SP0,3.12.9,2.5.1,16,8,63.2,AMD Ryzen 7 7800X3D 8-Core Processor,NVIDIA GeForce RTX 4080 SUPER,gpu,8.9,11.8,16.0,nvidia_geforce_rtx_4080_super_gpu,37174.920767912576,185874.60383956286,557623.8115186887,0.0268998555839061,0.0265999697148799,0.027199974283576
AE_PureConcat,10,150,32.0,8,encoder,as_deployed,0.008543749572709203,0.008474999049212784,0.00870000076247379,3826778,15311512,0.0,float32,,,,,,,Windows-11-10.0.26200-SP0,3.12.9,2.5.1,16,8,63.2,AMD Ryzen 7 7800X3D 8-Core Processor,NVIDIA GeForce RTX 4080 SUPER,gpu,8.9,11.8,16.0,nvidia_geforce_rtx_4080_super_gpu,117044.62911626544,585223.1455813271,1755669.4367439817,0.2733999863266945,0.2711999695748091,0.2784000243991613
AE_PureConcat,10,150,32.0,8,decoder,as_deployed,0.0010937510523945093,0.0010531221050769062,0.0011093725333921594,3826778,15311512,0.0,float32,,,,,,,Windows-11-10.0.26200-SP0,3.12.9,2.5.1,16,8,63.2,AMD Ryzen 7 7800X3D 8-Core Processor,NVIDIA GeForce RTX 4080 SUPER,gpu,8.9,11.8,16.0,nvidia_geforce_rtx_4080_super_gpu,914284.8345706607,4571424.172853303,13714272.51855991,0.0350000336766243,0.033699907362461,0.0354999210685491
AE_PureConcat,10,150,1.0,8,encoder,flushed,0.2590001095086336,0.2554000820964575,0.264100031927228,3826778,15311512,0.0,float32,,,,,,,Windows-11-10.0.26200-SP0,3.12.9,2.5.1,16,8,63.2,AMD Ryzen 7 7800X3D 8-Core Processor,NVIDIA GeForce RTX 4080 SUPER,gpu,8.9,11.8,16.0,nvidia_geforce_rtx_4080_super_gpu,3861.002228520933,19305.011142604664,57915.03342781399,0.2590001095086336,0.2554000820964575,0.264100031927228
AE_PureConcat,10,150,1.0,8,decoder,flushed,0.0284002162516117,0.0281999818980693,0.0287001021206378,3826778,15311512,0.0,float32,,,,,,,Windows-11-10.0.26200-SP0,3.12.9,2.5.1,16,8,63.2,AMD Ryzen 7 7800X3D 8-Core Processor,NVIDIA GeForce RTX 4080 SUPER,gpu,8.9,11.8,16.0,nvidia_geforce_rtx_4080_super_gpu,35210.999491711635,176054.99745855815,528164.9923756745,0.0284002162516117,0.0281999818980693,0.0287001021206378
AE_PureConcat,10,150,32.0,8,encoder,flushed,0.008646871719975024,0.008499999239575116,0.008843751857057212,3826778,15311512,0.0,float32,,,,,,,Windows-11-10.0.26200-SP0,3.12.9,2.5.1,16,8,63.2,AMD Ryzen 7 7800X3D 8-Core Processor,NVIDIA GeForce RTX 4080 SUPER,gpu,8.9,11.8,16.0,nvidia_geforce_rtx_4080_super_gpu,115648.76089116867,578243.8044558433,1734731.41336753,0.2766998950392008,0.2719999756664037,0.2830000594258308
AE_PureConcat,10,150,32.0,8,decoder,flushed,0.0011281226761639094,0.001121872628573328,0.0011374941095709781,3826778,15311512,0.0,float32,,,,,,,Windows-11-10.0.26200-SP0,3.12.9,2.5.1,16,8,63.2,AMD Ryzen 7 7800X3D 8-Core Processor,NVIDIA GeForce RTX 4080 SUPER,gpu,8.9,11.8,16.0,nvidia_geforce_rtx_4080_super_gpu,886428.4187606437,4432142.093803219,13296426.281409657,0.0360999256372451,0.0358999241143465,0.0363998115062713
AE_PureConcat,10,150,32.0,8,memory,,,,,3826778,15311512,0.0,float32,28752384.0,,,,,,Windows-11-10.0.26200-SP0,3.12.9,2.5.1,16,8,63.2,AMD Ryzen 7 7800X3D 8-Core Processor,NVIDIA GeForce RTX 4080 SUPER,gpu,8.9,11.8,16.0,nvidia_geforce_rtx_4080_super_gpu,,,,,,
AE_PureConcat,10,150,,8,quantize,,0.0191000290215015,0.0189999118447303,0.0193999148905277,3826778,15311512,,float32,,calibrated,741.76,5.0,,,Windows-11-10.0.26200-SP0,3.12.9,2.5.1,16,8,63.2,AMD Ryzen 7 7800X3D 8-Core Processor,NVIDIA GeForce RTX 4080 SUPER,gpu,8.9,11.8,16.0,nvidia_geforce_rtx_4080_super_gpu,52355.941390155414,261779.70695077706,785339.1208523313,0.0191000290215015,0.0189999118447303,0.0193999148905277
AE_PureConcat,10,150,,8,entropy_encode,,0.64699980430305,0.6431001238524914,0.6520500173792243,3826778,15311512,,float32,,calibrated,741.76,5.0,,,Windows-11-10.0.26200-SP0,3.12.9,2.5.1,16,8,63.2,AMD Ryzen 7 7800X3D 8-Core Processor,NVIDIA GeForce RTX 4080 SUPER,gpu,8.9,11.8,16.0,nvidia_geforce_rtx_4080_super_gpu,1545.595521589381,7727.977607946905,23183.932823840714,0.64699980430305,0.6431001238524914,0.6520500173792243
AE_PureConcat,10,150,,8,entropy_roundtrip,,1.306600053794682,1.3013000134378672,1.3128501013852656,3826778,15311512,,float32,,calibrated,741.76,5.0,,,Windows-11-10.0.26200-SP0,3.12.9,2.5.1,16,8,63.2,AMD Ryzen 7 7800X3D 8-Core Processor,NVIDIA GeForce RTX 4080 SUPER,gpu,8.9,11.8,16.0,nvidia_geforce_rtx_4080_super_gpu,765.3451391615656,3826.725695807828,11480.177087423484,1.306600053794682,1.3013000134378672,1.3128501013852656
AE_PureConcat,10,150,,8,dequantize,,0.0048000365495681,0.0048000365495681,0.0048999208956956,3826778,15311512,,float32,,calibrated,741.76,5.0,,,Windows-11-10.0.26200-SP0,3.12.9,2.5.1,16,8,63.2,AMD Ryzen 7 7800X3D 8-Core Processor,NVIDIA GeForce RTX 4080 SUPER,gpu,8.9,11.8,16.0,nvidia_geforce_rtx_4080_super_gpu,208331.7469926304,1041658.7349631519,3124976.204889456,0.0048000365495681,0.0048000365495681,0.0048999208956956
AE_PureConcat,15,100,1.0,8,encoder,as_deployed,0.256699975579977,0.2518000546842813,0.3356499946676194,2551728,10211416,0.0,float32,,,,,,,Windows-11-10.0.26200-SP0,3.12.9,2.5.1,16,8,63.2,AMD Ryzen 7 7800X3D 8-Core Processor,NVIDIA GeForce RTX 4080 SUPER,gpu,8.9,11.8,16.0,nvidia_geforce_rtx_4080_super_gpu,3895.598344879631,19477.991724398154,58433.97517319446,0.256699975579977,0.2518000546842813,0.3356499946676194
AE_PureConcat,15,100,1.0,8,decoder,as_deployed,0.0289001036435365,0.027799978852272,0.0296998769044876,2551728,10211416,0.0,float32,,,,,,,Windows-11-10.0.26200-SP0,3.12.9,2.5.1,16,8,63.2,AMD Ryzen 7 7800X3D 8-Core Processor,NVIDIA GeForce RTX 4080 SUPER,gpu,8.9,11.8,16.0,nvidia_geforce_rtx_4080_super_gpu,34601.952032225665,173009.7601611283,519029.2804833849,0.0289001036435365,0.027799978852272,0.0296998769044876
AE_PureConcat,15,100,32.0,8,encoder,as_deployed,0.008740622433833778,0.00863437344378326,0.008912502380553631,2551728,10211416,0.0,float32,,,,,,,Windows-11-10.0.26200-SP0,3.12.9,2.5.1,16,8,63.2,AMD Ryzen 7 7800X3D 8-Core Processor,NVIDIA GeForce RTX 4080 SUPER,gpu,8.9,11.8,16.0,nvidia_geforce_rtx_4080_super_gpu,114408.3281905799,572041.6409528995,1716124.9228586983,0.2796999178826809,0.2762999502010643,0.2852000761777162
AE_PureConcat,15,100,32.0,8,decoder,as_deployed,0.0011531301424838594,0.0011468728189356625,0.0011656229617074125,2551728,10211416,0.0,float32,,,,,,,Windows-11-10.0.26200-SP0,3.12.9,2.5.1,16,8,63.2,AMD Ryzen 7 7800X3D 8-Core Processor,NVIDIA GeForce RTX 4080 SUPER,gpu,8.9,11.8,16.0,nvidia_geforce_rtx_4080_super_gpu,867204.8046944513,4336024.023472256,13008072.070416769,0.0369001645594835,0.0366999302059412,0.0372999347746372
AE_PureConcat,15,100,1.0,8,encoder,flushed,0.2611499512568116,0.2586001064628362,0.2652998664416373,2551728,10211416,0.0,float32,,,,,,,Windows-11-10.0.26200-SP0,3.12.9,2.5.1,16,8,63.2,AMD Ryzen 7 7800X3D 8-Core Processor,NVIDIA GeForce RTX 4080 SUPER,gpu,8.9,11.8,16.0,nvidia_geforce_rtx_4080_super_gpu,3829.2176398555494,19146.088199277747,57438.264597833244,0.2611499512568116,0.2586001064628362,0.2652998664416373
AE_PureConcat,15,100,1.0,8,decoder,flushed,0.0282998662441968,0.0279000960290431,0.0285999849438667,2551728,10211416,0.0,float32,,,,,,,Windows-11-10.0.26200-SP0,3.12.9,2.5.1,16,8,63.2,AMD Ryzen 7 7800X3D 8-Core Processor,NVIDIA GeForce RTX 4080 SUPER,gpu,8.9,11.8,16.0,nvidia_geforce_rtx_4080_super_gpu,35335.85605568228,176679.28027841137,530037.8408352342,0.0282998662441968,0.0279000960290431,0.0285999849438667
AE_PureConcat,15,100,32.0,8,encoder,flushed,0.00864375033415854,0.00852499942993745,0.008859373338054866,2551728,10211416,0.0,float32,,,,,,,Windows-11-10.0.26200-SP0,3.12.9,2.5.1,16,8,63.2,AMD Ryzen 7 7800X3D 8-Core Processor,NVIDIA GeForce RTX 4080 SUPER,gpu,8.9,11.8,16.0,nvidia_geforce_rtx_4080_super_gpu,115690.52336555588,578452.6168277793,1735357.850483338,0.2766000106930733,0.2727999817579984,0.2834999468177557
AE_PureConcat,15,100,32.0,8,decoder,flushed,0.0011375013855285938,0.0011312440619803937,0.001143751433119175,2551728,10211416,0.0,float32,,,,,,,Windows-11-10.0.26200-SP0,3.12.9,2.5.1,16,8,63.2,AMD Ryzen 7 7800X3D 8-Core Processor,NVIDIA GeForce RTX 4080 SUPER,gpu,8.9,11.8,16.0,nvidia_geforce_rtx_4080_super_gpu,879119.8083115325,4395599.041557662,13186797.124672987,0.036400044336915,0.0361998099833726,0.0366000458598136
AE_PureConcat,15,100,32.0,8,memory,,,,,2551728,10211416,0.0,float32,23259648.0,,,,,,Windows-11-10.0.26200-SP0,3.12.9,2.5.1,16,8,63.2,AMD Ryzen 7 7800X3D 8-Core Processor,NVIDIA GeForce RTX 4080 SUPER,gpu,8.9,11.8,16.0,nvidia_geforce_rtx_4080_super_gpu,,,,,,
AE_PureConcat,15,100,,8,quantize,,0.0159998890012502,0.0158001203089952,0.0161000061780214,2551728,10211416,,float32,,calibrated,500.48,5.0,,,Windows-11-10.0.26200-SP0,3.12.9,2.5.1,16,8,63.2,AMD Ryzen 7 7800X3D 8-Core Processor,NVIDIA GeForce RTX 4080 SUPER,gpu,8.9,11.8,16.0,nvidia_geforce_rtx_4080_super_gpu,62500.43359187441,312502.16795937205,937506.5038781161,0.0159998890012502,0.0158001203089952,0.0161000061780214
AE_PureConcat,15,100,,8,entropy_encode,,0.4310999065637588,0.42789988219738,0.4350000526756048,2551728,10211416,,float32,,calibrated,500.48,5.0,,,Windows-11-10.0.26200-SP0,3.12.9,2.5.1,16,8,63.2,AMD Ryzen 7 7800X3D 8-Core Processor,NVIDIA GeForce RTX 4080 SUPER,gpu,8.9,11.8,16.0,nvidia_geforce_rtx_4080_super_gpu,2319.6479163516174,11598.239581758085,34794.71874527426,0.4310999065637588,0.42789988219738,0.4350000526756048
AE_PureConcat,15,100,,8,entropy_roundtrip,,0.8608000352978706,0.8570998907089233,0.8665001951158047,2551728,10211416,,float32,,calibrated,500.48,5.0,,,Windows-11-10.0.26200-SP0,3.12.9,2.5.1,16,8,63.2,AMD Ryzen 7 7800X3D 8-Core Processor,NVIDIA GeForce RTX 4080 SUPER,gpu,8.9,11.8,16.0,nvidia_geforce_rtx_4080_super_gpu,1161.7099895377685,5808.549947688842,17425.649843066527,0.8608000352978706,0.8570998907089233,0.8665001951158047
AE_PureConcat,15,100,,8,dequantize,,0.0046000350266695,0.0046000350266695,0.004699919372797,2551728,10211416,,float32,,calibrated,500.48,5.0,,,Windows-11-10.0.26200-SP0,3.12.9,2.5.1,16,8,63.2,AMD Ryzen 7 7800X3D 8-Core Processor,NVIDIA GeForce RTX 4080 SUPER,gpu,8.9,11.8,16.0,nvidia_geforce_rtx_4080_super_gpu,217389.6490357849,1086948.2451789244,3260844.7355367737,0.0046000350266695,0.0046000350266695,0.004699919372797
AE_PureConcat,20,75,1.0,8,encoder,as_deployed,0.2549998462200165,0.250999815762043,0.2667000517249107,1914203,7661272,0.0,float32,,,,,,,Windows-11-10.0.26200-SP0,3.12.9,2.5.1,16,8,63.2,AMD Ryzen 7 7800X3D 8-Core Processor,NVIDIA GeForce RTX 4080 SUPER,gpu,8.9,11.8,16.0,nvidia_geforce_rtx_4080_super_gpu,3921.570992388716,19607.85496194358,58823.56488583074,0.2549998462200165,0.250999815762043,0.2667000517249107
AE_PureConcat,20,75,1.0,8,decoder,as_deployed,0.0279999803751707,0.0271000899374485,0.0297999940812587,1914203,7661272,0.0,float32,,,,,,,Windows-11-10.0.26200-SP0,3.12.9,2.5.1,16,8,63.2,AMD Ryzen 7 7800X3D 8-Core Processor,NVIDIA GeForce RTX 4080 SUPER,gpu,8.9,11.8,16.0,nvidia_geforce_rtx_4080_super_gpu,35714.310745973286,178571.55372986643,535714.6611895992,0.0279999803751707,0.0271000899374485,0.0297999940812587
AE_PureConcat,20,75,32.0,8,encoder,as_deployed,0.008581249858252702,0.008440627425443381,0.008809372957330197,1914203,7661272,0.0,float32,,,,,,,Windows-11-10.0.26200-SP0,3.12.9,2.5.1,16,8,63.2,AMD Ryzen 7 7800X3D 8-Core Processor,NVIDIA GeForce RTX 4080 SUPER,gpu,8.9,11.8,16.0,nvidia_geforce_rtx_4080_super_gpu,116533.14103635924,582665.7051817962,1747997.1155453888,0.2745999954640865,0.2701000776141882,0.2818999346345663
AE_PureConcat,20,75,32.0,8,decoder,as_deployed,0.0010968724382109938,0.0010906223906204094,0.001103122485801575,1914203,7661272,0.0,float32,,,,,,,Windows-11-10.0.26200-SP0,3.12.9,2.5.1,16,8,63.2,AMD Ryzen 7 7800X3D 8-Core Processor,NVIDIA GeForce RTX 4080 SUPER,gpu,8.9,11.8,16.0,nvidia_geforce_rtx_4080_super_gpu,911683.0409477757,4558415.204738879,13675245.614216635,0.0350999180227518,0.0348999164998531,0.0352999195456504
AE_PureConcat,20,75,1.0,8,encoder,flushed,0.2597500570118427,0.2565001486800611,0.2637000288814306,1914203,7661272,0.0,float32,,,,,,,Windows-11-10.0.26200-SP0,3.12.9,2.5.1,16,8,63.2,AMD Ryzen 7 7800X3D 8-Core Processor,NVIDIA GeForce RTX 4080 SUPER,gpu,8.9,11.8,16.0,nvidia_geforce_rtx_4080_super_gpu,3849.854785419382,19249.27392709691,57747.82178129073,0.2597500570118427,0.2565001486800611,0.2637000288814306
AE_PureConcat,20,75,1.0,8,decoder,flushed,0.0275999773293733,0.027199974283576,0.0279000960290431,1914203,7661272,0.0,float32,,,,,,,Windows-11-10.0.26200-SP0,3.12.9,2.5.1,16,8,63.2,AMD Ryzen 7 7800X3D 8-Core Processor,NVIDIA GeForce RTX 4080 SUPER,gpu,8.9,11.8,16.0,nvidia_geforce_rtx_4080_super_gpu,36231.91381884756,181159.5690942378,543478.7072827135,0.0275999773293733,0.027199974283576,0.0279000960290431
AE_PureConcat,20,75,32.0,8,encoder,flushed,0.0085468782344833,0.008440627425443381,0.008725000952836124,1914203,7661272,0.0,float32,,,,,,,Windows-11-10.0.26200-SP0,3.12.9,2.5.1,16,8,63.2,AMD Ryzen 7 7800X3D 8-Core Processor,NVIDIA GeForce RTX 4080 SUPER,gpu,8.9,11.8,16.0,nvidia_geforce_rtx_4080_super_gpu,117001.78387535608,585008.9193767804,1755026.7581303413,0.2735001035034656,0.2701000776141882,0.279200030490756
AE_PureConcat,20,75,32.0,8,decoder,flushed,0.0011000010999850907,0.0010937510523945093,0.001106251147575675,1914203,7661272,0.0,float32,,,,,,,Windows-11-10.0.26200-SP0,3.12.9,2.5.1,16,8,63.2,AMD Ryzen 7 7800X3D 8-Core Processor,NVIDIA GeForce RTX 4080 SUPER,gpu,8.9,11.8,16.0,nvidia_geforce_rtx_4080_super_gpu,909090.0000132308,4545450.000066154,13636350.000198461,0.0352000351995229,0.0350000336766243,0.0354000367224216
AE_PureConcat,20,75,32.0,8,memory,,,,,1914203,7661272,0.0,float32,21227008.0,,,,,,Windows-11-10.0.26200-SP0,3.12.9,2.5.1,16,8,63.2,AMD Ryzen 7 7800X3D 8-Core Processor,NVIDIA GeForce RTX 4080 SUPER,gpu,8.9,11.8,16.0,nvidia_geforce_rtx_4080_super_gpu,,,,,,
AE_PureConcat,20,75,,8,quantize,,0.0146001111716032,0.014499993994832,0.0146999955177307,1914203,7661272,,float32,,calibrated,350.08,5.0,,,Windows-11-10.0.26200-SP0,3.12.9,2.5.1,16,8,63.2,AMD Ryzen 7 7800X3D 8-Core Processor,NVIDIA GeForce RTX 4080 SUPER,gpu,8.9,11.8,16.0,nvidia_geforce_rtx_4080_super_gpu,68492.62914826098,342463.1457413049,1027389.4372239147,0.0146001111716032,0.014499993994832,0.0146999955177307
AE_PureConcat,20,75,,8,entropy_encode,,0.3206999972462654,0.3188000991940498,0.3232998424209654,1914203,7661272,,float32,,calibrated,350.08,5.0,,,Windows-11-10.0.26200-SP0,3.12.9,2.5.1,16,8,63.2,AMD Ryzen 7 7800X3D 8-Core Processor,NVIDIA GeForce RTX 4080 SUPER,gpu,8.9,11.8,16.0,nvidia_geforce_rtx_4080_super_gpu,3118.1790102483237,15590.895051241618,46772.68515372485,0.3206999972462654,0.3188000991940498,0.3232998424209654
AE_PureConcat,20,75,,8,entropy_roundtrip,,0.6347999442368746,0.6307499716058373,0.6402500439435244,1914203,7661272,,float32,,calibrated,350.08,5.0,,,Windows-11-10.0.26200-SP0,3.12.9,2.5.1,16,8,63.2,AMD Ryzen 7 7800X3D 8-Core Processor,NVIDIA GeForce RTX 4080 SUPER,gpu,8.9,11.8,16.0,nvidia_geforce_rtx_4080_super_gpu,1575.2994452482994,7876.497226241497,23629.49167872449,0.6347999442368746,0.6307499716058373,0.6402500439435244
AE_PureConcat,20,75,,8,dequantize,,0.0046000350266695,0.0046000350266695,0.004699919372797,1914203,7661272,,float32,,calibrated,350.08,5.0,,,Windows-11-10.0.26200-SP0,3.12.9,2.5.1,16,8,63.2,AMD Ryzen 7 7800X3D 8-Core Processor,NVIDIA GeForce RTX 4080 SUPER,gpu,8.9,11.8,16.0,nvidia_geforce_rtx_4080_super_gpu,217389.6490357849,1086948.2451789244,3260844.7355367737,0.0046000350266695,0.0046000350266695,0.004699919372797
AE_PureConcat,30,50,1.0,8,encoder,as_deployed,0.2743001095950603,0.2574000973254442,0.3176000900566578,676614,2710744,0.0,float32,,,,,,,Windows-11-10.0.26200-SP0,3.12.9,2.5.1,16,8,63.2,AMD Ryzen 7 7800X3D 8-Core Processor,NVIDIA GeForce RTX 4080 SUPER,gpu,8.9,11.8,16.0,nvidia_geforce_rtx_4080_super_gpu,3645.641999473734,18228.209997368667,54684.62999210601,0.2743001095950603,0.2574000973254442,0.3176000900566578
AE_PureConcat,30,50,1.0,8,decoder,as_deployed,0.0267999712377786,0.0265000853687524,0.027199974283576,676614,2710744,0.0,float32,,,,,,,Windows-11-10.0.26200-SP0,3.12.9,2.5.1,16,8,63.2,AMD Ryzen 7 7800X3D 8-Core Processor,NVIDIA GeForce RTX 4080 SUPER,gpu,8.9,11.8,16.0,nvidia_geforce_rtx_4080_super_gpu,37313.472881282396,186567.36440641197,559702.0932192359,0.0267999712377786,0.0265000853687524,0.027199974283576
AE_PureConcat,30,50,32.0,8,encoder,as_deployed,0.008531249477528034,0.008443756087217478,0.00870000076247379,676614,2710744,0.0,float32,,,,,,,Windows-11-10.0.26200-SP0,3.12.9,2.5.1,16,8,63.2,AMD Ryzen 7 7800X3D 8-Core Processor,NVIDIA GeForce RTX 4080 SUPER,gpu,8.9,11.8,16.0,nvidia_geforce_rtx_4080_super_gpu,117216.12439468295,586080.6219734147,1758241.8659202443,0.2729999832808971,0.2702001947909593,0.2784000243991613
AE_PureConcat,30,50,32.0,8,decoder,as_deployed,0.001046872057486325,0.0010375006240792562,0.0010906296665780218,676614,2710744,0.0,float32,,,,,,,Windows-11-10.0.26200-SP0,3.12.9,2.5.1,16,8,63.2,AMD Ryzen 7 7800X3D 8-Core Processor,NVIDIA GeForce RTX 4080 SUPER,gpu,8.9,11.8,16.0,nvidia_geforce_rtx_4080_super_gpu,955226.5655089974,4776132.827544987,14328398.482634962,0.0334999058395624,0.0332000199705362,0.0349001493304967
AE_PureConcat,30,50,1.0,8,encoder,flushed,0.2526999451220035,0.2486000303179025,0.2627249923534691,676614,2710744,0.0,float32,,,,,,,Windows-11-10.0.26200-SP0,3.12.9,2.5.1,16,8,63.2,AMD Ryzen 7 7800X3D 8-Core Processor,NVIDIA GeForce RTX 4080 SUPER,gpu,8.9,11.8,16.0,nvidia_geforce_rtx_4080_super_gpu,3957.262434375283,19786.312171876416,59358.93651562925,0.2526999451220035,0.2486000303179025,0.2627249923534691
AE_PureConcat,30,50,1.0,8,decoder,flushed,0.0267999712377786,0.0265000853687524,0.0270002055913209,676614,2710744,0.0,float32,,,,,,,Windows-11-10.0.26200-SP0,3.12.9,2.5.1,16,8,63.2,AMD Ryzen 7 7800X3D 8-Core Processor,NVIDIA GeForce RTX 4080 SUPER,gpu,8.9,11.8,16.0,nvidia_geforce_rtx_4080_super_gpu,37313.472881282396,186567.36440641197,559702.0932192359,0.0267999712377786,0.0265000853687524,0.0270002055913209
AE_PureConcat,30,50,32.0,8,encoder,flushed,0.008562499715480953,0.008462498954031616,0.00873125100042671,676614,2710744,0.0,float32,,,,,,,Windows-11-10.0.26200-SP0,3.12.9,2.5.1,16,8,63.2,AMD Ryzen 7 7800X3D 8-Core Processor,NVIDIA GeForce RTX 4080 SUPER,gpu,8.9,11.8,16.0,nvidia_geforce_rtx_4080_super_gpu,116788.32504858427,583941.6252429213,1751824.875728764,0.2739999908953905,0.2707999665290117,0.2794000320136547
AE_PureConcat,30,50,32.0,8,decoder,flushed,0.001031250576488672,0.0010218718671239906,0.0010406220098957406,676614,2710744,0.0,float32,,,,,,,Windows-11-10.0.26200-SP0,3.12.9,2.5.1,16,8,63.2,AMD Ryzen 7 7800X3D 8-Core Processor,NVIDIA GeForce RTX 4080 SUPER,gpu,8.9,11.8,16.0,nvidia_geforce_rtx_4080_super_gpu,969696.4276179338,4848482.138089669,14545446.414269008,0.0330000184476375,0.0326998997479677,0.0332999043166637
AE_PureConcat,30,50,32.0,8,memory,,,,,676614,2710744,0.0,float32,14211584.0,,,,,,Windows-11-10.0.26200-SP0,3.12.9,2.5.1,16,8,63.2,AMD Ryzen 7 7800X3D 8-Core Processor,NVIDIA GeForce RTX 4080 SUPER,gpu,8.9,11.8,16.0,nvidia_geforce_rtx_4080_super_gpu,,,,,,
AE_PureConcat,30,50,,8,quantize,,0.0126000959426164,0.0124999787658452,0.0128999818116426,676614,2710744,,float32,,calibrated,257.28,5.0,,,Windows-11-10.0.26200-SP0,3.12.9,2.5.1,16,8,63.2,AMD Ryzen 7 7800X3D 8-Core Processor,NVIDIA GeForce RTX 4080 SUPER,gpu,8.9,11.8,16.0,nvidia_geforce_rtx_4080_super_gpu,79364.47504481071,396822.3752240535,1190467.1256721606,0.0126000959426164,0.0124999787658452,0.0128999818116426
AE_PureConcat,30,50,,8,entropy_encode,,0.2053999342024326,0.2042748965322971,0.2071999479085207,676614,2710744,,float32,,calibrated,257.28,5.0,,,Windows-11-10.0.26200-SP0,3.12.9,2.5.1,16,8,63.2,AMD Ryzen 7 7800X3D 8-Core Processor,NVIDIA GeForce RTX 4080 SUPER,gpu,8.9,11.8,16.0,nvidia_geforce_rtx_4080_super_gpu,4868.550731931816,24342.753659659076,73028.26097897724,0.2053999342024326,0.2042748965322971,0.2071999479085207
AE_PureConcat,30,50,,8,entropy_roundtrip,,0.4076999612152576,0.4049001145176589,0.4102250677533448,676614,2710744,,float32,,calibrated,257.28,5.0,,,Windows-11-10.0.26200-SP0,3.12.9,2.5.1,16,8,63.2,AMD Ryzen 7 7800X3D 8-Core Processor,NVIDIA GeForce RTX 4080 SUPER,gpu,8.9,11.8,16.0,nvidia_geforce_rtx_4080_super_gpu,2452.78414307236,12263.9207153618,36791.7621460854,0.4076999612152576,0.4049001145176589,0.4102250677533448
AE_PureConcat,30,50,,8,dequantize,,0.0046000350266695,0.0045998021960258,0.0046000350266695,676614,2710744,,float32,,calibrated,257.28,5.0,,,Windows-11-10.0.26200-SP0,3.12.9,2.5.1,16,8,63.2,AMD Ryzen 7 7800X3D 8-Core Processor,NVIDIA GeForce RTX 4080 SUPER,gpu,8.9,11.8,16.0,nvidia_geforce_rtx_4080_super_gpu,217389.6490357849,1086948.2451789244,3260844.7355367737,0.0046000350266695,0.0045998021960258,0.0046000350266695
AE_PureConcat,50,30,1.0,8,encoder,as_deployed,0.2456000074744224,0.2417000941932201,0.2678001765161752,766658,3071128,0.0,float32,,,,,,,Windows-11-10.0.26200-SP0,3.12.9,2.5.1,16,8,63.2,AMD Ryzen 7 7800X3D 8-Core Processor,NVIDIA GeForce RTX 4080 SUPER,gpu,8.9,11.8,16.0,nvidia_geforce_rtx_4080_super_gpu,4071.661113870867,20358.305569354336,61074.91670806301,0.2456000074744224,0.2417000941932201,0.2678001765161752
AE_PureConcat,50,30,1.0,8,decoder,as_deployed,0.0265999697148799,0.0261999666690826,0.0291001051664352,766658,3071128,0.0,float32,,,,,,,Windows-11-10.0.26200-SP0,3.12.9,2.5.1,16,8,63.2,AMD Ryzen 7 7800X3D 8-Core Processor,NVIDIA GeForce RTX 4080 SUPER,gpu,8.9,11.8,16.0,nvidia_geforce_rtx_4080_super_gpu,37594.027764648345,187970.13882324172,563910.4164697252,0.0265999697148799,0.0261999666690826,0.0291001051664352
AE_PureConcat,50,30,32.0,8,encoder,as_deployed,0.008496877853758631,0.008396877092309296,0.008696872100699693,766658,3071128,0.0,float32,,,,,,,Windows-11-10.0.26200-SP0,3.12.9,2.5.1,16,8,63.2,AMD Ryzen 7 7800X3D 8-Core Processor,NVIDIA GeForce RTX 4080 SUPER,gpu,8.9,11.8,16.0,nvidia_geforce_rtx_4080_super_gpu,117690.28779878783,588451.4389939391,1765354.3169818176,0.2719000913202762,0.2687000669538975,0.2782999072223902
AE_PureConcat,50,30,32.0,8,decoder,as_deployed,0.0009406285244040188,0.0008968781912699313,0.0009750001481734188,766658,3071128,0.0,float32,,,,,,,Windows-11-10.0.26200-SP0,3.12.9,2.5.1,16,8,63.2,AMD Ryzen 7 7800X3D 8-Core Processor,NVIDIA GeForce RTX 4080 SUPER,gpu,8.9,11.8,16.0,nvidia_geforce_rtx_4080_super_gpu,1063118.940214575,5315594.7010728745,15946784.103218626,0.0301001127809286,0.0287001021206378,0.0312000047415494
AE_PureConcat,50,30,1.0,8,encoder,flushed,0.2472999040037393,0.2448000013828277,0.2516000531613827,766658,3071128,0.0,float32,,,,,,,Windows-11-10.0.26200-SP0,3.12.9,2.5.1,16,8,63.2,AMD Ryzen 7 7800X3D 8-Core Processor,NVIDIA GeForce RTX 4080 SUPER,gpu,8.9,11.8,16.0,nvidia_geforce_rtx_4080_super_gpu,4043.673223524096,20218.36611762048,60655.09835286144,0.2472999040037393,0.2448000013828277,0.2516000531613827
AE_PureConcat,50,30,1.0,8,decoder,flushed,0.0274002086371183,0.027199974283576,0.0279999803751707,766658,3071128,0.0,float32,,,,,,,Windows-11-10.0.26200-SP0,3.12.9,2.5.1,16,8,63.2,AMD Ryzen 7 7800X3D 8-Core Processor,NVIDIA GeForce RTX 4080 SUPER,gpu,8.9,11.8,16.0,nvidia_geforce_rtx_4080_super_gpu,36496.07246586173,182480.36232930864,547441.0869879259,0.0274002086371183,0.027199974283576,0.0279999803751707
AE_PureConcat,50,30,32.0,8,encoder,flushed,0.008565628377255052,0.008459370292257516,0.008808592610876074,766658,3071128,0.0,float32,,,,,,,Windows-11-10.0.26200-SP0,3.12.9,2.5.1,16,8,63.2,AMD Ryzen 7 7800X3D 8-Core Processor,NVIDIA GeForce RTX 4080 SUPER,gpu,8.9,11.8,16.0,nvidia_geforce_rtx_4080_super_gpu,116745.66721285436,583728.3360642717,1751185.0081928154,0.2741001080721617,0.2706998493522405,0.2818749635480344
AE_PureConcat,50,30,32.0,8,decoder,flushed,0.0009374998626299187,0.0008937495294958343,0.0009687501005828375,766658,3071128,0.0,float32,,,,,,,Windows-11-10.0.26200-SP0,3.12.9,2.5.1,16,8,63.2,AMD Ryzen 7 7800X3D 8-Core Processor,NVIDIA GeForce RTX 4080 SUPER,gpu,8.9,11.8,16.0,nvidia_geforce_rtx_4080_super_gpu,1066666.8229633153,5333334.114816576,16000002.34444973,0.0299999956041574,0.0285999849438667,0.0310000032186508
AE_PureConcat,50,30,32.0,8,memory,,,,,766658,3071128,0.0,float32,16102400.0,,,,,,Windows-11-10.0.26200-SP0,3.12.9,2.5.1,16,8,63.2,AMD Ryzen 7 7800X3D 8-Core Processor,NVIDIA GeForce RTX 4080 SUPER,gpu,8.9,11.8,16.0,nvidia_geforce_rtx_4080_super_gpu,,,,,,
AE_PureConcat,50,30,,8,quantize,,0.0108000822365283,0.0106999650597572,0.0108999665826559,766658,3071128,,float32,,calibrated,160.0,5.0,,,Windows-11-10.0.26200-SP0,3.12.9,2.5.1,16,8,63.2,AMD Ryzen 7 7800X3D 8-Core Processor,NVIDIA GeForce RTX 4080 SUPER,gpu,8.9,11.8,16.0,nvidia_geforce_rtx_4080_super_gpu,92591.88755227954,462959.4377613977,1388878.3132841932,0.0108000822365283,0.0106999650597572,0.0108999665826559
AE_PureConcat,50,30,,8,entropy_encode,,0.1224000006914138,0.1217999961227178,0.123299891129136,766658,3071128,,float32,,calibrated,160.0,5.0,,,Windows-11-10.0.26200-SP0,3.12.9,2.5.1,16,8,63.2,AMD Ryzen 7 7800X3D 8-Core Processor,NVIDIA GeForce RTX 4080 SUPER,gpu,8.9,11.8,16.0,nvidia_geforce_rtx_4080_super_gpu,8169.934594372504,40849.672971862514,122549.01891558756,0.1224000006914138,0.1217999961227178,0.123299891129136
AE_PureConcat,50,30,,8,entropy_roundtrip,,0.2403999678790569,0.2384998369961977,0.2424998674541711,766658,3071128,,float32,,calibrated,160.0,5.0,,,Windows-11-10.0.26200-SP0,3.12.9,2.5.1,16,8,63.2,AMD Ryzen 7 7800X3D 8-Core Processor,NVIDIA GeForce RTX 4080 SUPER,gpu,8.9,11.8,16.0,nvidia_geforce_rtx_4080_super_gpu,4159.734332839392,20798.671664196958,62396.01499259088,0.2403999678790569,0.2384998369961977,0.2424998674541711
AE_PureConcat,50,30,,8,dequantize,,0.0046000350266695,0.0046000350266695,0.004699919372797,766658,3071128,,float32,,calibrated,160.0,5.0,,,Windows-11-10.0.26200-SP0,3.12.9,2.5.1,16,8,63.2,AMD Ryzen 7 7800X3D 8-Core Processor,NVIDIA GeForce RTX 4080 SUPER,gpu,8.9,11.8,16.0,nvidia_geforce_rtx_4080_super_gpu,217389.6490357849,1086948.2451789244,3260844.7355367737,0.0046000350266695,0.0046000350266695,0.004699919372797
AE_PureConcat,60,25,1.0,8,encoder,as_deployed,0.2494000364094972,0.2415999770164489,0.2929999027401209,639153,2561048,0.0,float32,,,,,,,Windows-11-10.0.26200-SP0,3.12.9,2.5.1,16,8,63.2,AMD Ryzen 7 7800X3D 8-Core Processor,NVIDIA GeForce RTX 4080 SUPER,gpu,8.9,11.8,16.0,nvidia_geforce_rtx_4080_super_gpu,4009.6225100708116,20048.112550354057,60144.337651062175,0.2494000364094972,0.2415999770164489,0.2929999027401209
AE_PureConcat,60,25,1.0,8,decoder,as_deployed,0.0272998586297035,0.0269000884145498,0.0290998723357915,639153,2561048,0.0,float32,,,,,,,Windows-11-10.0.26200-SP0,3.12.9,2.5.1,16,8,63.2,AMD Ryzen 7 7800X3D 8-Core Processor,NVIDIA GeForce RTX 4080 SUPER,gpu,8.9,11.8,16.0,nvidia_geforce_rtx_4080_super_gpu,36630.22631596905,183151.13157984524,549453.3947395358,0.0272998586297035,0.0269000884145498,0.0290998723357915
AE_PureConcat,60,25,32.0,8,encoder,as_deployed,0.008640625310363246,0.008481249096803365,0.008862501999828963,639153,2561048,0.0,float32,,,,,,,Windows-11-10.0.26200-SP0,3.12.9,2.5.1,16,8,63.2,AMD Ryzen 7 7800X3D 8-Core Processor,NVIDIA GeForce RTX 4080 SUPER,gpu,8.9,11.8,16.0,nvidia_geforce_rtx_4080_super_gpu,115732.36473992652,578661.8236996325,1735985.4710988977,0.2765000099316239,0.2713999710977077,0.2836000639945268
AE_PureConcat,60,25,32.0,8,decoder,as_deployed,0.0008968709153123188,0.0008812494343146656,0.0009531286195851844,639153,2561048,0.0,float32,,,,,,,Windows-11-10.0.26200-SP0,3.12.9,2.5.1,16,8,63.2,AMD Ryzen 7 7800X3D 8-Core Processor,NVIDIA GeForce RTX 4080 SUPER,gpu,8.9,11.8,16.0,nvidia_geforce_rtx_4080_super_gpu,1114987.6564474928,5574938.282237464,16724814.84671239,0.0286998692899942,0.0281999818980693,0.0305001158267259
AE_PureConcat,60,25,1.0,8,encoder,flushed,0.2486000303179025,0.243999995291233,0.2528999466449022,639153,2561048,0.0,float32,,,,,,,Windows-11-10.0.26200-SP0,3.12.9,2.5.1,16,8,63.2,AMD Ryzen 7 7800X3D 8-Core Processor,NVIDIA GeForce RTX 4080 SUPER,gpu,8.9,11.8,16.0,nvidia_geforce_rtx_4080_super_gpu,4022.525655854623,20112.628279273114,60337.88483781935,0.2486000303179025,0.243999995291233,0.2528999466449022
AE_PureConcat,60,25,1.0,8,decoder,flushed,0.0284998677670955,0.0262998510152101,0.028999987989664,639153,2561048,0.0,float32,,,,,,,Windows-11-10.0.26200-SP0,3.12.9,2.5.1,16,8,63.2,AMD Ryzen 7 7800X3D 8-Core Processor,NVIDIA GeForce RTX 4080 SUPER,gpu,8.9,11.8,16.0,nvidia_geforce_rtx_4080_super_gpu,35087.88209728289,175439.41048641445,526318.2314592435,0.0284998677670955,0.0262998510152101,0.028999987989664
AE_PureConcat,60,25,32.0,8,encoder,flushed,0.008618750143796206,0.008503127901349215,0.008837494533509016,639153,2561048,0.0,float32,,,,,,,Windows-11-10.0.26200-SP0,3.12.9,2.5.1,16,8,63.2,AMD Ryzen 7 7800X3D 8-Core Processor,NVIDIA GeForce RTX 4080 SUPER,gpu,8.9,11.8,16.0,nvidia_geforce_rtx_4080_super_gpu,116026.10393802889,580130.5196901443,1740391.5590704335,0.2758000046014786,0.2721000928431749,0.2827998250722885
AE_PureConcat,60,25,32.0,8,decoder,flushed,0.0009249997674487531,0.00088749948190525,0.0009499999578110843,639153,2561048,0.0,float32,,,,,,,Windows-11-10.0.26200-SP0,3.12.9,2.5.1,16,8,63.2,AMD Ryzen 7 7800X3D 8-Core Processor,NVIDIA GeForce RTX 4080 SUPER,gpu,8.9,11.8,16.0,nvidia_geforce_rtx_4080_super_gpu,1081081.352872234,5405406.76436117,16216220.293083513,0.0295999925583601,0.028399983420968,0.0303999986499547
AE_PureConcat,60,25,32.0,8,memory,,,,,639153,2561048,0.0,float32,15590912.0,,,,,,Windows-11-10.0.26200-SP0,3.12.9,2.5.1,16,8,63.2,AMD Ryzen 7 7800X3D 8-Core Processor,NVIDIA GeForce RTX 4080 SUPER,gpu,8.9,11.8,16.0,nvidia_geforce_rtx_4080_super_gpu,,,,,,
AE_PureConcat,60,25,,8,quantize,,0.0104999635368585,0.010400079190731,0.0106000807136297,639153,2561048,,float32,,calibrated,131.84,5.0,,,Windows-11-10.0.26200-SP0,3.12.9,2.5.1,16,8,63.2,AMD Ryzen 7 7800X3D 8-Core Processor,NVIDIA GeForce RTX 4080 SUPER,gpu,8.9,11.8,16.0,nvidia_geforce_rtx_4080_super_gpu,95238.42597068594,476192.1298534297,1428576.3895602892,0.0104999635368585,0.010400079190731,0.0106000807136297
AE_PureConcat,60,25,,8,entropy_encode,,0.0986999366432428,0.0983001664280891,0.0993001740425825,639153,2561048,,float32,,calibrated,131.84,5.0,,,Windows-11-10.0.26200-SP0,3.12.9,2.5.1,16,8,63.2,AMD Ryzen 7 7800X3D 8-Core Processor,NVIDIA GeForce RTX 4080 SUPER,gpu,8.9,11.8,16.0,nvidia_geforce_rtx_4080_super_gpu,10131.718763048082,50658.593815240405,151975.78144572125,0.0986999366432428,0.0983001664280891,0.0993001740425825
AE_PureConcat,60,25,,8,entropy_roundtrip,,0.1922999508678913,0.1910999417304992,0.1950999721884727,639153,2561048,,float32,,calibrated,131.84,5.0,,,Windows-11-10.0.26200-SP0,3.12.9,2.5.1,16,8,63.2,AMD Ryzen 7 7800X3D 8-Core Processor,NVIDIA GeForce RTX 4080 SUPER,gpu,8.9,11.8,16.0,nvidia_geforce_rtx_4080_super_gpu,5200.20933695918,26001.0466847959,78003.1400543877,0.1922999508678913,0.1910999417304992,0.1950999721884727
AE_PureConcat,60,25,,8,dequantize,,0.0046000350266695,0.0046000350266695,0.0046000350266695,639153,2561048,,float32,,calibrated,131.84,5.0,,,Windows-11-10.0.26200-SP0,3.12.9,2.5.1,16,8,63.2,AMD Ryzen 7 7800X3D 8-Core Processor,NVIDIA GeForce RTX 4080 SUPER,gpu,8.9,11.8,16.0,nvidia_geforce_rtx_4080_super_gpu,217389.6490357849,1086948.2451789244,3260844.7355367737,0.0046000350266695,0.0046000350266695,0.0046000350266695
AE_PureConcat,100,15,1.0,8,encoder,as_deployed,0.2487997990101575,0.2441001124680042,0.2548000775277614,384143,1541030,0.0,float32,,,,,,,Windows-11-10.0.26200-SP0,3.12.9,2.5.1,16,8,63.2,AMD Ryzen 7 7800X3D 8-Core Processor,NVIDIA GeForce RTX 4080 SUPER,gpu,8.9,11.8,16.0,nvidia_geforce_rtx_4080_super_gpu,4019.2958514374604,20096.4792571873,60289.437771561905,0.2487997990101575,0.2441001124680042,0.2548000775277614
AE_PureConcat,100,15,1.0,8,decoder,as_deployed,0.0265000853687524,0.0261999666690826,0.0287001021206378,384143,1541030,0.0,float32,,,,,,,Windows-11-10.0.26200-SP0,3.12.9,2.5.1,16,8,63.2,AMD Ryzen 7 7800X3D 8-Core Processor,NVIDIA GeForce RTX 4080 SUPER,gpu,8.9,11.8,16.0,nvidia_geforce_rtx_4080_super_gpu,37735.72749237823,188678.63746189114,566035.9123856735,0.0265000853687524,0.0261999666690826,0.0287001021206378
AE_PureConcat,100,15,32.0,8,encoder,as_deployed,0.008568749763071537,0.00847812771098688,0.008740622433833778,384143,1541030,0.0,float32,,,,,,,Windows-11-10.0.26200-SP0,3.12.9,2.5.1,16,8,63.2,AMD Ryzen 7 7800X3D 8-Core Processor,NVIDIA GeForce RTX 4080 SUPER,gpu,8.9,11.8,16.0,nvidia_geforce_rtx_4080_super_gpu,116703.13962366687,583515.6981183343,1750547.094355003,0.2741999924182892,0.2713000867515802,0.2796999178826809
AE_PureConcat,100,15,32.0,8,decoder,as_deployed,0.0009249997674487531,0.0008906208677217344,0.0009750001481734188,384143,1541030,0.0,float32,,,,,,,Windows-11-10.0.26200-SP0,3.12.9,2.5.1,16,8,63.2,AMD Ryzen 7 7800X3D 8-Core Processor,NVIDIA GeForce RTX 4080 SUPER,gpu,8.9,11.8,16.0,nvidia_geforce_rtx_4080_super_gpu,1081081.352872234,5405406.76436117,16216220.293083513,0.0295999925583601,0.0284998677670955,0.0312000047415494
AE_PureConcat,100,15,1.0,8,encoder,flushed,0.246299896389246,0.2424998674541711,0.2506000455468893,384143,1541030,0.0,float32,,,,,,,Windows-11-10.0.26200-SP0,3.12.9,2.5.1,16,8,63.2,AMD Ryzen 7 7800X3D 8-Core Processor,NVIDIA GeForce RTX 4080 SUPER,gpu,8.9,11.8,16.0,nvidia_geforce_rtx_4080_super_gpu,4060.0910299191755,20300.455149595877,60901.365448787634,0.246299896389246,0.2424998674541711,0.2506000455468893
AE_PureConcat,100,15,1.0,8,decoder,flushed,0.0285001005977392,0.0266998540610075,0.0289001036435365,384143,1541030,0.0,float32,,,,,,,Windows-11-10.0.26200-SP0,3.12.9,2.5.1,16,8,63.2,AMD Ryzen 7 7800X3D 8-Core Processor,NVIDIA GeForce RTX 4080 SUPER,gpu,8.9,11.8,16.0,nvidia_geforce_rtx_4080_super_gpu,35087.59544797277,175437.97723986386,526313.9317195916,0.0285001005977392,0.0266998540610075,0.0289001036435365
AE_PureConcat,100,15,32.0,8,encoder,flushed,0.008596871339250356,0.008465627615805715,0.008874998457031325,384143,1541030,0.0,float32,,,,,,,Windows-11-10.0.26200-SP0,3.12.9,2.5.1,16,8,63.2,AMD Ryzen 7 7800X3D 8-Core Processor,NVIDIA GeForce RTX 4080 SUPER,gpu,8.9,11.8,16.0,nvidia_geforce_rtx_4080_super_gpu,116321.38722773995,581606.9361386998,1744820.8084160993,0.2750998828560114,0.2709000837057829,0.2839999506250024
AE_PureConcat,100,15,32.0,8,decoder,flushed,0.0009156210580840687,0.0008781207725405688,0.0009406285244040188,384143,1541030,0.0,float32,,,,,,,Windows-11-10.0.26200-SP0,3.12.9,2.5.1,16,8,63.2,AMD Ryzen 7 7800X3D 8-Core Processor,NVIDIA GeForce RTX 4080 SUPER,gpu,8.9,11.8,16.0,nvidia_geforce_rtx_4080_super_gpu,1092154.8725544754,5460774.362772377,16382323.088317132,0.0292998738586902,0.0280998647212982,0.0301001127809286
AE_PureConcat,100,15,32.0,8,memory,,,,,384143,1541030,0.0,float32,14567936.0,,,,,,Windows-11-10.0.26200-SP0,3.12.9,2.5.1,16,8,63.2,AMD Ryzen 7 7800X3D 8-Core Processor,NVIDIA GeForce RTX 4080 SUPER,gpu,8.9,11.8,16.0,nvidia_geforce_rtx_4080_super_gpu,,,,,,
AE_PureConcat,100,15,,8,quantize,,0.009800074622035,0.0097001902759075,0.0098999589681625,384143,1541030,,float32,,calibrated,96.0,5.0,,,Windows-11-10.0.26200-SP0,3.12.9,2.5.1,16,8,63.2,AMD Ryzen 7 7800X3D 8-Core Processor,NVIDIA GeForce RTX 4080 SUPER,gpu,8.9,11.8,16.0,nvidia_geforce_rtx_4080_super_gpu,102040.03934332782,510200.1967166391,1530600.5901499174,0.009800074622035,0.0097001902759075,0.0098999589681625
AE_PureConcat,100,15,,8,entropy_encode,,0.0599999912083148,0.0597999896854162,0.0603999942541122,384143,1541030,,float32,,calibrated,96.0,5.0,,,Windows-11-10.0.26200-SP0,3.12.9,2.5.1,16,8,63.2,AMD Ryzen 7 7800X3D 8-Core Processor,NVIDIA GeForce RTX 4080 SUPER,gpu,8.9,11.8,16.0,nvidia_geforce_rtx_4080_super_gpu,16666.6691088018,83333.345544009,250000.03663202704,0.0599999912083148,0.0597999896854162,0.0603999942541122
AE_PureConcat,100,15,,8,entropy_roundtrip,,0.1171999610960483,0.1165000721812248,0.1182998530566692,384143,1541030,,float32,,calibrated,96.0,5.0,,,Windows-11-10.0.26200-SP0,3.12.9,2.5.1,16,8,63.2,AMD Ryzen 7 7800X3D 8-Core Processor,NVIDIA GeForce RTX 4080 SUPER,gpu,8.9,11.8,16.0,nvidia_geforce_rtx_4080_super_gpu,8532.42604048712,42662.1302024356,127986.3906073068,0.1171999610960483,0.1165000721812248,0.1182998530566692
AE_PureConcat,100,15,,8,dequantize,,0.0046000350266695,0.0046000350266695,0.004699919372797,384143,1541030,,float32,,calibrated,96.0,5.0,,,Windows-11-10.0.26200-SP0,3.12.9,2.5.1,16,8,63.2,AMD Ryzen 7 7800X3D 8-Core Processor,NVIDIA GeForce RTX 4080 SUPER,gpu,8.9,11.8,16.0,nvidia_geforce_rtx_4080_super_gpu,217389.6490357849,1086948.2451789244,3260844.7355367737,0.0046000350266695,0.0046000350266695,0.004699919372797
LARA,2,750,1.0,1,flops,,,,,4733755,18978590,,float32,,,,,0.0,0.0,Windows-11-10.0.26200-SP0,3.12.9,2.5.1,16,8,63.2,AMD Ryzen 7 7800X3D 8-Core Processor,NVIDIA GeForce RTX 4080 SUPER,gpu,8.9,11.8,16.0,nvidia_geforce_rtx_4080_super_gpu,,,,,,
LARA,3,500,1.0,1,flops,,,,,3229505,12961630,,float32,,,,,0.0,0.0,Windows-11-10.0.26200-SP0,3.12.9,2.5.1,16,8,63.2,AMD Ryzen 7 7800X3D 8-Core Processor,NVIDIA GeForce RTX 4080 SUPER,gpu,8.9,11.8,16.0,nvidia_geforce_rtx_4080_super_gpu,,,,,,
LARA,5,300,1.0,1,flops,,,,,2026105,8147998,,float32,,,,,0.0,0.0,Windows-11-10.0.26200-SP0,3.12.9,2.5.1,16,8,63.2,AMD Ryzen 7 7800X3D 8-Core Processor,NVIDIA GeForce RTX 4080 SUPER,gpu,8.9,11.8,16.0,nvidia_geforce_rtx_4080_super_gpu,,,,,,
LARA,10,150,1.0,1,flops,,,,,2049011,8240007,,float32,,,,,0.0,0.0,Windows-11-10.0.26200-SP0,3.12.9,2.5.1,16,8,63.2,AMD Ryzen 7 7800X3D 8-Core Processor,NVIDIA GeForce RTX 4080 SUPER,gpu,8.9,11.8,16.0,nvidia_geforce_rtx_4080_super_gpu,,,,,,
LARA,15,100,1.0,1,flops,,,,,1447361,5833415,,float32,,,,,0.0,0.0,Windows-11-10.0.26200-SP0,3.12.9,2.5.1,16,8,63.2,AMD Ryzen 7 7800X3D 8-Core Processor,NVIDIA GeForce RTX 4080 SUPER,gpu,8.9,11.8,16.0,nvidia_geforce_rtx_4080_super_gpu,,,,,,
LARA,20,75,1.0,1,flops,,,,,1146536,4630087,,float32,,,,,0.0,0.0,Windows-11-10.0.26200-SP0,3.12.9,2.5.1,16,8,63.2,AMD Ryzen 7 7800X3D 8-Core Processor,NVIDIA GeForce RTX 4080 SUPER,gpu,8.9,11.8,16.0,nvidia_geforce_rtx_4080_super_gpu,,,,,,
LARA,30,50,1.0,1,flops,,,,,845711,3426823,,float32,,,,,0.0,0.0,Windows-11-10.0.26200-SP0,3.12.9,2.5.1,16,8,63.2,AMD Ryzen 7 7800X3D 8-Core Processor,NVIDIA GeForce RTX 4080 SUPER,gpu,8.9,11.8,16.0,nvidia_geforce_rtx_4080_super_gpu,,,,,,
LARA,50,30,1.0,1,flops,,,,,771547,3143989,,float32,,,,,0.0,0.0,Windows-11-10.0.26200-SP0,3.12.9,2.5.1,16,8,63.2,AMD Ryzen 7 7800X3D 8-Core Processor,NVIDIA GeForce RTX 4080 SUPER,gpu,8.9,11.8,16.0,nvidia_geforce_rtx_4080_super_gpu,,,,,,
LARA,60,25,1.0,1,flops,,,,,741462,3023669,,float32,,,,,0.0,0.0,Windows-11-10.0.26200-SP0,3.12.9,2.5.1,16,8,63.2,AMD Ryzen 7 7800X3D 8-Core Processor,NVIDIA GeForce RTX 4080 SUPER,gpu,8.9,11.8,16.0,nvidia_geforce_rtx_4080_super_gpu,,,,,,
LARA,100,15,1.0,1,flops,,,,,681292,2783156,,float32,,,,,0.0,0.0,Windows-11-10.0.26200-SP0,3.12.9,2.5.1,16,8,63.2,AMD Ryzen 7 7800X3D 8-Core Processor,NVIDIA GeForce RTX 4080 SUPER,gpu,8.9,11.8,16.0,nvidia_geforce_rtx_4080_super_gpu,,,,,,
GeneralizedAutoencoder,2,750,1.0,1,flops,,,,,18022319,72094386,,float32,,,,,0.0,0.0,Windows-11-10.0.26200-SP0,3.12.9,2.5.1,16,8,63.2,AMD Ryzen 7 7800X3D 8-Core Processor,NVIDIA GeForce RTX 4080 SUPER,gpu,8.9,11.8,16.0,nvidia_geforce_rtx_4080_super_gpu,,,,,,
GeneralizedAutoencoder,3,500,1.0,1,flops,,,,,12022069,48093362,,float32,,,,,0.0,0.0,Windows-11-10.0.26200-SP0,3.12.9,2.5.1,16,8,63.2,AMD Ryzen 7 7800X3D 8-Core Processor,NVIDIA GeForce RTX 4080 SUPER,gpu,8.9,11.8,16.0,nvidia_geforce_rtx_4080_super_gpu,,,,,,
GeneralizedAutoencoder,5,300,1.0,1,flops,,,,,7221869,28892594,,float32,,,,,0.0,0.0,Windows-11-10.0.26200-SP0,3.12.9,2.5.1,16,8,63.2,AMD Ryzen 7 7800X3D 8-Core Processor,NVIDIA GeForce RTX 4080 SUPER,gpu,8.9,11.8,16.0,nvidia_geforce_rtx_4080_super_gpu,,,,,,
GeneralizedAutoencoder,10,150,1.0,1,flops,,,,,3621719,14491970,,float32,,,,,0.0,0.0,Windows-11-10.0.26200-SP0,3.12.9,2.5.1,16,8,63.2,AMD Ryzen 7 7800X3D 8-Core Processor,NVIDIA GeForce RTX 4080 SUPER,gpu,8.9,11.8,16.0,nvidia_geforce_rtx_4080_super_gpu,,,,,,
GeneralizedAutoencoder,15,100,1.0,1,flops,,,,,2421669,9691778,,float32,,,,,0.0,0.0,Windows-11-10.0.26200-SP0,3.12.9,2.5.1,16,8,63.2,AMD Ryzen 7 7800X3D 8-Core Processor,NVIDIA GeForce RTX 4080 SUPER,gpu,8.9,11.8,16.0,nvidia_geforce_rtx_4080_super_gpu,,,,,,
GeneralizedAutoencoder,20,75,1.0,1,flops,,,,,1821644,7291714,,float32,,,,,0.0,0.0,Windows-11-10.0.26200-SP0,3.12.9,2.5.1,16,8,63.2,AMD Ryzen 7 7800X3D 8-Core Processor,NVIDIA GeForce RTX 4080 SUPER,gpu,8.9,11.8,16.0,nvidia_geforce_rtx_4080_super_gpu,,,,,,
GeneralizedAutoencoder,30,50,1.0,1,flops,,,,,1221619,4891586,,float32,,,,,0.0,0.0,Windows-11-10.0.26200-SP0,3.12.9,2.5.1,16,8,63.2,AMD Ryzen 7 7800X3D 8-Core Processor,NVIDIA GeForce RTX 4080 SUPER,gpu,8.9,11.8,16.0,nvidia_geforce_rtx_4080_super_gpu,,,,,,
GeneralizedAutoencoder,50,30,1.0,1,flops,,,,,741599,2971522,,float32,,,,,0.0,0.0,Windows-11-10.0.26200-SP0,3.12.9,2.5.1,16,8,63.2,AMD Ryzen 7 7800X3D 8-Core Processor,NVIDIA GeForce RTX 4080 SUPER,gpu,8.9,11.8,16.0,nvidia_geforce_rtx_4080_super_gpu,,,,,,
GeneralizedAutoencoder,60,25,1.0,1,flops,,,,,621594,2491458,,float32,,,,,0.0,0.0,Windows-11-10.0.26200-SP0,3.12.9,2.5.1,16,8,63.2,AMD Ryzen 7 7800X3D 8-Core Processor,NVIDIA GeForce RTX 4080 SUPER,gpu,8.9,11.8,16.0,nvidia_geforce_rtx_4080_super_gpu,,,,,,
GeneralizedAutoencoder,100,15,1.0,1,flops,,,,,381584,1531474,,float32,,,,,0.0,0.0,Windows-11-10.0.26200-SP0,3.12.9,2.5.1,16,8,63.2,AMD Ryzen 7 7800X3D 8-Core Processor,NVIDIA GeForce RTX 4080 SUPER,gpu,8.9,11.8,16.0,nvidia_geforce_rtx_4080_super_gpu,,,,,,
AE_PureConcat,2,750,1.0,1,flops,,,,,19127506,76516970,,float32,,,,,0.0,0.0,Windows-11-10.0.26200-SP0,3.12.9,2.5.1,16,8,63.2,AMD Ryzen 7 7800X3D 8-Core Processor,NVIDIA GeForce RTX 4080 SUPER,gpu,8.9,11.8,16.0,nvidia_geforce_rtx_4080_super_gpu,,,,,,
AE_PureConcat,3,500,1.0,1,flops,,,,,12752256,51016234,,float32,,,,,0.0,0.0,Windows-11-10.0.26200-SP0,3.12.9,2.5.1,16,8,63.2,AMD Ryzen 7 7800X3D 8-Core Processor,NVIDIA GeForce RTX 4080 SUPER,gpu,8.9,11.8,16.0,nvidia_geforce_rtx_4080_super_gpu,,,,,,
AE_PureConcat,5,300,1.0,1,flops,,,,,7652056,30615210,,float32,,,,,0.0,0.0,Windows-11-10.0.26200-SP0,3.12.9,2.5.1,16,8,63.2,AMD Ryzen 7 7800X3D 8-Core Processor,NVIDIA GeForce RTX 4080 SUPER,gpu,8.9,11.8,16.0,nvidia_geforce_rtx_4080_super_gpu,,,,,,
AE_PureConcat,10,150,1.0,1,flops,,,,,3826778,15311512,,float32,,,,,0.0,0.0,Windows-11-10.0.26200-SP0,3.12.9,2.5.1,16,8,63.2,AMD Ryzen 7 7800X3D 8-Core Processor,NVIDIA GeForce RTX 4080 SUPER,gpu,8.9,11.8,16.0,nvidia_geforce_rtx_4080_super_gpu,,,,,,
AE_PureConcat,15,100,1.0,1,flops,,,,,2551728,10211416,,float32,,,,,0.0,0.0,Windows-11-10.0.26200-SP0,3.12.9,2.5.1,16,8,63.2,AMD Ryzen 7 7800X3D 8-Core Processor,NVIDIA GeForce RTX 4080 SUPER,gpu,8.9,11.8,16.0,nvidia_geforce_rtx_4080_super_gpu,,,,,,
AE_PureConcat,20,75,1.0,1,flops,,,,,1914203,7661272,,float32,,,,,0.0,0.0,Windows-11-10.0.26200-SP0,3.12.9,2.5.1,16,8,63.2,AMD Ryzen 7 7800X3D 8-Core Processor,NVIDIA GeForce RTX 4080 SUPER,gpu,8.9,11.8,16.0,nvidia_geforce_rtx_4080_super_gpu,,,,,,
AE_PureConcat,30,50,1.0,1,flops,,,,,676614,2710744,,float32,,,,,0.0,0.0,Windows-11-10.0.26200-SP0,3.12.9,2.5.1,16,8,63.2,AMD Ryzen 7 7800X3D 8-Core Processor,NVIDIA GeForce RTX 4080 SUPER,gpu,8.9,11.8,16.0,nvidia_geforce_rtx_4080_super_gpu,,,,,,
AE_PureConcat,50,30,1.0,1,flops,,,,,766658,3071128,,float32,,,,,0.0,0.0,Windows-11-10.0.26200-SP0,3.12.9,2.5.1,16,8,63.2,AMD Ryzen 7 7800X3D 8-Core Processor,NVIDIA GeForce RTX 4080 SUPER,gpu,8.9,11.8,16.0,nvidia_geforce_rtx_4080_super_gpu,,,,,,
AE_PureConcat,60,25,1.0,1,flops,,,,,639153,2561048,,float32,,,,,0.0,0.0,Windows-11-10.0.26200-SP0,3.12.9,2.5.1,16,8,63.2,AMD Ryzen 7 7800X3D 8-Core Processor,NVIDIA GeForce RTX 4080 SUPER,gpu,8.9,11.8,16.0,nvidia_geforce_rtx_4080_super_gpu,,,,,,
AE_PureConcat,100,15,1.0,1,flops,,,,,384143,1541030,,float32,,,,,0.0,0.0,Windows-11-10.0.26200-SP0,3.12.9,2.5.1,16,8,63.2,AMD Ryzen 7 7800X3D 8-Core Processor,NVIDIA GeForce RTX 4080 SUPER,gpu,8.9,11.8,16.0,nvidia_geforce_rtx_4080_super_gpu,,,,,,
