model,cr,latent_dim,batch,threads,stage,denormal_mode,ms_per_trace,ms_p25,ms_p75,nparam,ckpt_bytes,subnormal_fraction,precision,peak_infer_bytes,range_source,coded_bits,quantiser_bits,encoder_flops,decoder_flops,hw_platform,hw_python,hw_torch,hw_logical_cores,hw_physical_cores,hw_ram_gb,hw_cpu,hw_accelerator,hw_accelerator_kind,hw_hardware_id,traces_per_second,stations_supported,realtime_factor,ms_per_trace_per_batch_call,ms_p25_per_batch_call,ms_p75_per_batch_call
LARA,2,750,1.0,1,encoder,as_deployed,89.83140000054846,85.48515000074985,93.458274997829,4733755,18978590,0.0140482613355012,float32,,,,,,,Windows-11-10.0.26200-SP0,3.14.7,2.14.0+cpu,22,16,31.4,Intel(R) Core(TM) Ultra 7 155H,Intel(R) Core(TM) Ultra 7 155H,cpu,intel_r_core_tm_ultra_7_155h_cpu,11.131964992128527,55.65982496064263,166.9794748819279,89.83140000054846,85.48515000074985,93.458274997829
LARA,2,750,1.0,1,decoder,as_deployed,190.4534999994212,183.52957500246703,194.7836749968701,4733755,18978590,0.0140482613355012,float32,,,,,,,Windows-11-10.0.26200-SP0,3.14.7,2.14.0+cpu,22,16,31.4,Intel(R) Core(TM) Ultra 7 155H,Intel(R) Core(TM) Ultra 7 155H,cpu,intel_r_core_tm_ultra_7_155h_cpu,5.250625480776352,26.25312740388176,78.75938221164529,190.4534999994212,183.52957500246703,194.7836749968701
LARA,2,750,32.0,1,encoder,as_deployed,242.3309468749721,217.56763203131868,648.0022453121137,4733755,18978590,0.0140482613355012,float32,,,,,,,Windows-11-10.0.26200-SP0,3.14.7,2.14.0+cpu,22,16,31.4,Intel(R) Core(TM) Ultra 7 155H,Intel(R) Core(TM) Ultra 7 155H,cpu,intel_r_core_tm_ultra_7_155h_cpu,4.126588093248935,20.632940466244673,61.898821398734015,7754.590299999108,6962.164225002198,20736.07184998764
LARA,2,750,32.0,1,decoder,as_deployed,457.28170624988707,421.07260234377014,495.9445726561853,4733755,18978590,0.0140482613355012,float32,,,,,,,Windows-11-10.0.26200-SP0,3.14.7,2.14.0+cpu,22,16,31.4,Intel(R) Core(TM) Ultra 7 155H,Intel(R) Core(TM) Ultra 7 155H,cpu,intel_r_core_tm_ultra_7_155h_cpu,2.1868357870706903,10.93417893535345,32.80253680606035,14633.014599996386,13474.323275000645,15870.22632499793
LARA,2,750,1.0,1,encoder,flushed,6.683849998808,5.745950002165046,7.5387000033515505,4733755,18978590,0.0140482613355012,float32,,,,,,,Windows-11-10.0.26200-SP0,3.14.7,2.14.0+cpu,22,16,31.4,Intel(R) Core(TM) Ultra 7 155H,Intel(R) Core(TM) Ultra 7 155H,cpu,intel_r_core_tm_ultra_7_155h_cpu,149.61436899067758,748.0718449533879,2244.2155348601636,6.683849998808,5.745950002165046,7.5387000033515505
LARA,2,750,1.0,1,decoder,flushed,18.05044999491656,17.189000005600974,20.300999993196456,4733755,18978590,0.0140482613355012,float32,,,,,,,Windows-11-10.0.26200-SP0,3.14.7,2.14.0+cpu,22,16,31.4,Intel(R) Core(TM) Ultra 7 155H,Intel(R) Core(TM) Ultra 7 155H,cpu,intel_r_core_tm_ultra_7_155h_cpu,55.400280895026114,277.0014044751305,831.0042134253916,18.05044999491656,17.189000005600974,20.300999993196456
LARA,2,750,32.0,1,encoder,flushed,3.1457156251235574,2.657571093664046,3.6986812500572337,4733755,18978590,0.0140482613355012,float32,,,,,,,Windows-11-10.0.26200-SP0,3.14.7,2.14.0+cpu,22,16,31.4,Intel(R) Core(TM) Ultra 7 155H,Intel(R) Core(TM) Ultra 7 155H,cpu,intel_r_core_tm_ultra_7_155h_cpu,317.89268934973165,1589.4634467486583,4768.3903402459755,100.66290000395384,85.04227499724948,118.35780000183148
LARA,2,750,32.0,1,decoder,flushed,11.817774999826725,11.26638125003865,13.126063281220013,4733755,18978590,0.0140482613355012,float32,,,,,,,Windows-11-10.0.26200-SP0,3.14.7,2.14.0+cpu,22,16,31.4,Intel(R) Core(TM) Ultra 7 155H,Intel(R) Core(TM) Ultra 7 155H,cpu,intel_r_core_tm_ultra_7_155h_cpu,84.61829743878711,423.0914871939355,1269.2744615818065,378.1687999944552,360.5242000012368,420.0340249990404
LARA,2,750,32.0,1,memory,,,,,4733755,18978590,0.0140482613355012,float32,0.0,,,,,,Windows-11-10.0.26200-SP0,3.14.7,2.14.0+cpu,22,16,31.4,Intel(R) Core(TM) Ultra 7 155H,Intel(R) Core(TM) Ultra 7 155H,cpu,intel_r_core_tm_ultra_7_155h_cpu,,,,,,
LARA,2,750,,1,quantize,,0.1323000033153221,0.1303000026382506,0.1785999920684844,4733755,18978590,0.0140482613355012,float32,,calibrated,3601.92,5.0,,,Windows-11-10.0.26200-SP0,3.14.7,2.14.0+cpu,22,16,31.4,Intel(R) Core(TM) Ultra 7 155H,Intel(R) Core(TM) Ultra 7 155H,cpu,intel_r_core_tm_ultra_7_155h_cpu,7558.578797739053,37792.893988695265,113378.68196608579,0.1323000033153221,0.1303000026382506,0.1785999920684844
LARA,2,750,,1,entropy_encode,,6.451500004914124,5.70934999268502,7.242299994686618,4733755,18978590,0.0140482613355012,float32,,calibrated,3601.92,5.0,,,Windows-11-10.0.26200-SP0,3.14.7,2.14.0+cpu,22,16,31.4,Intel(R) Core(TM) Ultra 7 155H,Intel(R) Core(TM) Ultra 7 155H,cpu,intel_r_core_tm_ultra_7_155h_cpu,155.00271242940363,775.0135621470181,2325.0406864410543,6.451500004914124,5.70934999268502,7.242299994686618
LARA,2,750,,1,entropy_roundtrip,,13.441100003547035,12.088200001016958,15.402774995891376,4733755,18978590,0.0140482613355012,float32,,calibrated,3601.92,5.0,,,Windows-11-10.0.26200-SP0,3.14.7,2.14.0+cpu,22,16,31.4,Intel(R) Core(TM) Ultra 7 155H,Intel(R) Core(TM) Ultra 7 155H,cpu,intel_r_core_tm_ultra_7_155h_cpu,74.39867270804513,371.99336354022563,1115.980090620677,13.441100003547035,12.088200001016958,15.402774995891376
LARA,2,750,,1,dequantize,,0.0056999997468665,0.0039000005926936,0.0060000020312145,4733755,18978590,0.0140482613355012,float32,,calibrated,3601.92,5.0,,,Windows-11-10.0.26200-SP0,3.14.7,2.14.0+cpu,22,16,31.4,Intel(R) Core(TM) Ultra 7 155H,Intel(R) Core(TM) Ultra 7 155H,cpu,intel_r_core_tm_ultra_7_155h_cpu,175438.60428234877,877193.0214117438,2631579.0642352314,0.0056999997468665,0.0039000005926936,0.0060000020312145
LARA,3,500,1.0,1,encoder,as_deployed,40.77285000676056,31.5633750105917,46.03030001089792,3229505,12961630,0.0020040694121014,float32,,,,,,,Windows-11-10.0.26200-SP0,3.14.7,2.14.0+cpu,22,16,31.4,Intel(R) Core(TM) Ultra 7 155H,Intel(R) Core(TM) Ultra 7 155H,cpu,intel_r_core_tm_ultra_7_155h_cpu,24.526124610719872,122.63062305359935,367.8918691607981,40.77285000676056,31.5633750105917,46.03030001089792
LARA,3,500,1.0,1,decoder,as_deployed,12.60845000797417,10.79849999950966,16.39397499457118,3229505,12961630,0.0020040694121014,float32,,,,,,,Windows-11-10.0.26200-SP0,3.14.7,2.14.0+cpu,22,16,31.4,Intel(R) Core(TM) Ultra 7 155H,Intel(R) Core(TM) Ultra 7 155H,cpu,intel_r_core_tm_ultra_7_155h_cpu,79.31188999183512,396.55944995917554,1189.6783498775267,12.60845000797417,10.79849999950966,16.39397499457118
LARA,3,500,32.0,1,encoder,as_deployed,32.81055000024935,31.704039062674386,34.57264140604366,3229505,12961630,0.0020040694121014,float32,,,,,,,Windows-11-10.0.26200-SP0,3.14.7,2.14.0+cpu,22,16,31.4,Intel(R) Core(TM) Ultra 7 155H,Intel(R) Core(TM) Ultra 7 155H,cpu,intel_r_core_tm_ultra_7_155h_cpu,30.478001740062275,152.39000870031137,457.17002610093414,1049.9376000079792,1014.5292500055804,1106.324524993397
LARA,3,500,32.0,1,decoder,as_deployed,11.227740624917715,10.954565625183932,11.95256093762964,3229505,12961630,0.0020040694121014,float32,,,,,,,Windows-11-10.0.26200-SP0,3.14.7,2.14.0+cpu,22,16,31.4,Intel(R) Core(TM) Ultra 7 155H,Intel(R) Core(TM) Ultra 7 155H,cpu,intel_r_core_tm_ultra_7_155h_cpu,89.06511411393855,445.32557056969273,1335.9767117090782,359.2876999973669,350.5461000058858,382.4819500041485
LARA,3,500,1.0,1,encoder,flushed,5.809449998196214,3.90509999851929,6.279075001657475,3229505,12961630,0.0020040694121014,float32,,,,,,,Windows-11-10.0.26200-SP0,3.14.7,2.14.0+cpu,22,16,31.4,Intel(R) Core(TM) Ultra 7 155H,Intel(R) Core(TM) Ultra 7 155H,cpu,intel_r_core_tm_ultra_7_155h_cpu,172.13333453433486,860.6666726716743,2582.0000180150228,5.809449998196214,3.90509999851929,6.279075001657475
LARA,3,500,1.0,1,decoder,flushed,10.559699992882088,8.977799996500835,12.955399986822158,3229505,12961630,0.0020040694121014,float32,,,,,,,Windows-11-10.0.26200-SP0,3.14.7,2.14.0+cpu,22,16,31.4,Intel(R) Core(TM) Ultra 7 155H,Intel(R) Core(TM) Ultra 7 155H,cpu,intel_r_core_tm_ultra_7_155h_cpu,94.69966009205412,473.49830046027057,1420.4949013808118,10.559699992882088,8.977799996500835,12.955399986822158
LARA,3,500,32.0,1,encoder,flushed,2.5435546874632564,2.3903617187670534,2.6978960936503427,3229505,12961630,0.0020040694121014,float32,,,,,,,Windows-11-10.0.26200-SP0,3.14.7,2.14.0+cpu,22,16,31.4,Intel(R) Core(TM) Ultra 7 155H,Intel(R) Core(TM) Ultra 7 155H,cpu,intel_r_core_tm_ultra_7_155h_cpu,393.15057974921,1965.75289874605,5897.25869623815,81.3937499988242,76.49157500054571,86.33267499681097
LARA,3,500,32.0,1,decoder,flushed,9.496296874885957,8.82341484373228,10.887048437325575,3229505,12961630,0.0020040694121014,float32,,,,,,,Windows-11-10.0.26200-SP0,3.14.7,2.14.0+cpu,22,16,31.4,Intel(R) Core(TM) Ultra 7 155H,Intel(R) Core(TM) Ultra 7 155H,cpu,intel_r_core_tm_ultra_7_155h_cpu,105.30420575251964,526.5210287625981,1579.5630862877945,303.8814999963506,282.34927499943296,348.3855499944184
LARA,3,500,32.0,1,memory,,,,,3229505,12961630,0.0020040694121014,float32,65536.0,,,,,,Windows-11-10.0.26200-SP0,3.14.7,2.14.0+cpu,22,16,31.4,Intel(R) Core(TM) Ultra 7 155H,Intel(R) Core(TM) Ultra 7 155H,cpu,intel_r_core_tm_ultra_7_155h_cpu,,,,,,
LARA,3,500,,1,quantize,,0.1360000023851171,0.080600002547726,0.1741000014590099,3229505,12961630,0.0020040694121014,float32,,calibrated,2426.88,5.0,,,Windows-11-10.0.26200-SP0,3.14.7,2.14.0+cpu,22,16,31.4,Intel(R) Core(TM) Ultra 7 155H,Intel(R) Core(TM) Ultra 7 155H,cpu,intel_r_core_tm_ultra_7_155h_cpu,7352.941047517459,36764.705237587295,110294.1157127619,0.1360000023851171,0.080600002547726,0.1741000014590099
LARA,3,500,,1,entropy_encode,,6.718399992678314,4.458499999600463,8.101699990220368,3229505,12961630,0.0020040694121014,float32,,calibrated,2426.88,5.0,,,Windows-11-10.0.26200-SP0,3.14.7,2.14.0+cpu,22,16,31.4,Intel(R) Core(TM) Ultra 7 155H,Intel(R) Core(TM) Ultra 7 155H,cpu,intel_r_core_tm_ultra_7_155h_cpu,148.8449632486598,744.224816243299,2232.6744487298974,6.718399992678314,4.458499999600463,8.101699990220368
LARA,3,500,,1,entropy_roundtrip,,16.320499998982996,14.659699991170784,17.409650004992727,3229505,12961630,0.0020040694121014,float32,,calibrated,2426.88,5.0,,,Windows-11-10.0.26200-SP0,3.14.7,2.14.0+cpu,22,16,31.4,Intel(R) Core(TM) Ultra 7 155H,Intel(R) Core(TM) Ultra 7 155H,cpu,intel_r_core_tm_ultra_7_155h_cpu,61.272632582476916,306.36316291238455,919.0894887371537,16.320499998982996,14.659699991170784,17.409650004992727
LARA,3,500,,1,dequantize,,0.0048999936552718,0.0035999983083456,0.0058000005083158,3229505,12961630,0.0020040694121014,float32,,calibrated,2426.88,5.0,,,Windows-11-10.0.26200-SP0,3.14.7,2.14.0+cpu,22,16,31.4,Intel(R) Core(TM) Ultra 7 155H,Intel(R) Core(TM) Ultra 7 155H,cpu,intel_r_core_tm_ultra_7_155h_cpu,204081.89690697272,1020409.4845348635,3061228.4536045906,0.0048999936552718,0.0035999983083456,0.0058000005083158
LARA,5,300,1.0,1,encoder,as_deployed,155.11314999457682,133.9113749927492,184.3225250049727,2026105,8147998,0.0137020007149813,float32,,,,,,,Windows-11-10.0.26200-SP0,3.14.7,2.14.0+cpu,22,16,31.4,Intel(R) Core(TM) Ultra 7 155H,Intel(R) Core(TM) Ultra 7 155H,cpu,intel_r_core_tm_ultra_7_155h_cpu,6.446906661588413,32.23453330794206,96.7035999238262,155.11314999457682,133.9113749927492,184.3225250049727
LARA,5,300,1.0,1,decoder,as_deployed,114.31425000046148,96.4198250003392,122.02304999300397,2026105,8147998,0.0137020007149813,float32,,,,,,,Windows-11-10.0.26200-SP0,3.14.7,2.14.0+cpu,22,16,31.4,Intel(R) Core(TM) Ultra 7 155H,Intel(R) Core(TM) Ultra 7 155H,cpu,intel_r_core_tm_ultra_7_155h_cpu,8.74781577971218,43.7390788985609,131.2172366956827,114.31425000046148,96.4198250003392,122.02304999300397
LARA,5,300,32.0,1,encoder,as_deployed,305.96345625008325,212.4938867190167,427.7873671874204,2026105,8147998,0.0137020007149813,float32,,,,,,,Windows-11-10.0.26200-SP0,3.14.7,2.14.0+cpu,22,16,31.4,Intel(R) Core(TM) Ultra 7 155H,Intel(R) Core(TM) Ultra 7 155H,cpu,intel_r_core_tm_ultra_7_155h_cpu,3.268364177395868,16.341820886979338,49.02546266093802,9790.830600002664,6799.804375008534,13689.195749997452
LARA,5,300,32.0,1,decoder,as_deployed,171.3713921872113,91.21794218754076,279.4932640621255,2026105,8147998,0.0137020007149813,float32,,,,,,,Windows-11-10.0.26200-SP0,3.14.7,2.14.0+cpu,22,16,31.4,Intel(R) Core(TM) Ultra 7 155H,Intel(R) Core(TM) Ultra 7 155H,cpu,intel_r_core_tm_ultra_7_155h_cpu,5.835279665042165,29.176398325210826,87.52919497563248,5483.884549990762,2918.974150001304,8943.784449988016
LARA,5,300,1.0,1,encoder,flushed,5.882499986910261,4.293799996958114,6.472499997471459,2026105,8147998,0.0137020007149813,float32,,,,,,,Windows-11-10.0.26200-SP0,3.14.7,2.14.0+cpu,22,16,31.4,Intel(R) Core(TM) Ultra 7 155H,Intel(R) Core(TM) Ultra 7 155H,cpu,intel_r_core_tm_ultra_7_155h_cpu,169.9957504845219,849.9787524226094,2549.9362572678283,5.882499986910261,4.293799996958114,6.472499997471459
LARA,5,300,1.0,1,decoder,flushed,15.39910001156386,14.66690000233939,15.782300004502758,2026105,8147998,0.0137020007149813,float32,,,,,,,Windows-11-10.0.26200-SP0,3.14.7,2.14.0+cpu,22,16,31.4,Intel(R) Core(TM) Ultra 7 155H,Intel(R) Core(TM) Ultra 7 155H,cpu,intel_r_core_tm_ultra_7_155h_cpu,64.93886001448502,324.69430007242505,974.0829002172752,15.39910001156386,14.66690000233939,15.782300004502758
LARA,5,300,32.0,1,encoder,flushed,3.7759546873985523,3.6725062500408967,3.8955648436740375,2026105,8147998,0.0137020007149813,float32,,,,,,,Windows-11-10.0.26200-SP0,3.14.7,2.14.0+cpu,22,16,31.4,Intel(R) Core(TM) Ultra 7 155H,Intel(R) Core(TM) Ultra 7 155H,cpu,intel_r_core_tm_ultra_7_155h_cpu,264.8336865209977,1324.1684326049883,3972.505297814965,120.83054999675367,117.5202000013087,124.6580749975692
LARA,5,300,32.0,1,decoder,flushed,13.689599999906932,13.40168046863255,14.288470312294521,2026105,8147998,0.0137020007149813,float32,,,,,,,Windows-11-10.0.26200-SP0,3.14.7,2.14.0+cpu,22,16,31.4,Intel(R) Core(TM) Ultra 7 155H,Intel(R) Core(TM) Ultra 7 155H,cpu,intel_r_core_tm_ultra_7_155h_cpu,73.04815334318012,365.2407667159006,1095.7223001477016,438.0671999970218,428.8537749962416,457.2310499934247
LARA,5,300,32.0,1,memory,,,,,2026105,8147998,0.0137020007149813,float32,0.0,,,,,,Windows-11-10.0.26200-SP0,3.14.7,2.14.0+cpu,22,16,31.4,Intel(R) Core(TM) Ultra 7 155H,Intel(R) Core(TM) Ultra 7 155H,cpu,intel_r_core_tm_ultra_7_155h_cpu,,,,,,
LARA,5,300,,1,quantize,,0.1114000042434781,0.0780500013206619,0.1215999945998191,2026105,8147998,0.0137020007149813,float32,,calibrated,1472.0,5.0,,,Windows-11-10.0.26200-SP0,3.14.7,2.14.0+cpu,22,16,31.4,Intel(R) Core(TM) Ultra 7 155H,Intel(R) Core(TM) Ultra 7 155H,cpu,intel_r_core_tm_ultra_7_155h_cpu,8976.660340284905,44883.30170142452,134649.90510427358,0.1114000042434781,0.0780500013206619,0.1215999945998191
LARA,5,300,,1,entropy_encode,,2.7088999922852963,2.3123999999370426,3.845300001557917,2026105,8147998,0.0137020007149813,float32,,calibrated,1472.0,5.0,,,Windows-11-10.0.26200-SP0,3.14.7,2.14.0+cpu,22,16,31.4,Intel(R) Core(TM) Ultra 7 155H,Intel(R) Core(TM) Ultra 7 155H,cpu,intel_r_core_tm_ultra_7_155h_cpu,369.15353200483963,1845.767660024198,5537.302980072594,2.7088999922852963,2.3123999999370426,3.845300001557917
LARA,5,300,,1,entropy_roundtrip,,7.843200000934303,7.3122500034514815,8.832799998344854,2026105,8147998,0.0137020007149813,float32,,calibrated,1472.0,5.0,,,Windows-11-10.0.26200-SP0,3.14.7,2.14.0+cpu,22,16,31.4,Intel(R) Core(TM) Ultra 7 155H,Intel(R) Core(TM) Ultra 7 155H,cpu,intel_r_core_tm_ultra_7_155h_cpu,127.49897999297191,637.4948999648595,1912.4846998945789,7.843200000934303,7.3122500034514815,8.832799998344854
LARA,5,300,,1,dequantize,,0.0035999983083456,0.0027000060072168,0.004300003638491,2026105,8147998,0.0137020007149813,float32,,calibrated,1472.0,5.0,,,Windows-11-10.0.26200-SP0,3.14.7,2.14.0+cpu,22,16,31.4,Intel(R) Core(TM) Ultra 7 155H,Intel(R) Core(TM) Ultra 7 155H,cpu,intel_r_core_tm_ultra_7_155h_cpu,277777.908306728,1388889.54153364,4166668.62460092,0.0035999983083456,0.0027000060072168,0.004300003638491
LARA,10,150,1.0,1,encoder,as_deployed,5.172800003492739,3.78982499751146,6.626400005188771,2049011,8240007,0.0026348187099432,float32,,,,,,,Windows-11-10.0.26200-SP0,3.14.7,2.14.0+cpu,22,16,31.4,Intel(R) Core(TM) Ultra 7 155H,Intel(R) Core(TM) Ultra 7 155H,cpu,intel_r_core_tm_ultra_7_155h_cpu,193.3188987250208,966.594493625104,2899.783480875312,5.172800003492739,3.78982499751146,6.626400005188771
LARA,10,150,1.0,1,decoder,as_deployed,14.212749993021134,11.051525005314032,17.94767499450245,2049011,8240007,0.0026348187099432,float32,,,,,,,Windows-11-10.0.26200-SP0,3.14.7,2.14.0+cpu,22,16,31.4,Intel(R) Core(TM) Ultra 7 155H,Intel(R) Core(TM) Ultra 7 155H,cpu,intel_r_core_tm_ultra_7_155h_cpu,70.35936046796212,351.7968023398106,1055.3904070194317,14.212749993021134,11.051525005314032,17.94767499450245
LARA,10,150,32.0,1,encoder,as_deployed,3.5854718748851155,3.1417976564398487,3.8994023436771386,2049011,8240007,0.0026348187099432,float32,,,,,,,Windows-11-10.0.26200-SP0,3.14.7,2.14.0+cpu,22,16,31.4,Intel(R) Core(TM) Ultra 7 155H,Intel(R) Core(TM) Ultra 7 155H,cpu,intel_r_core_tm_ultra_7_155h_cpu,278.9033173024239,1394.5165865121194,4183.549759536358,114.7350999963237,100.53752500607516,124.78087499766843
LARA,10,150,32.0,1,decoder,as_deployed,12.00083593744239,11.416534374802723,12.79695624998567,2049011,8240007,0.0026348187099432,float32,,,,,,,Windows-11-10.0.26200-SP0,3.14.7,2.14.0+cpu,22,16,31.4,Intel(R) Core(TM) Ultra 7 155H,Intel(R) Core(TM) Ultra 7 155H,cpu,intel_r_core_tm_ultra_7_155h_cpu,83.32752861657063,416.6376430828531,1249.9129292485593,384.0267499981565,365.3290999936871,409.5025999995414
LARA,10,150,1.0,1,encoder,flushed,5.674999993061647,4.738300005556084,6.527399993501604,2049011,8240007,0.0026348187099432,float32,,,,,,,Windows-11-10.0.26200-SP0,3.14.7,2.14.0+cpu,22,16,31.4,Intel(R) Core(TM) Ultra 7 155H,Intel(R) Core(TM) Ultra 7 155H,cpu,intel_r_core_tm_ultra_7_155h_cpu,176.21145395993256,881.0572697996628,2643.1718093989884,5.674999993061647,4.738300005556084,6.527399993501604
LARA,10,150,1.0,1,decoder,flushed,15.79029999265913,13.119399998686276,17.752800005837344,2049011,8240007,0.0026348187099432,float32,,,,,,,Windows-11-10.0.26200-SP0,3.14.7,2.14.0+cpu,22,16,31.4,Intel(R) Core(TM) Ultra 7 155H,Intel(R) Core(TM) Ultra 7 155H,cpu,intel_r_core_tm_ultra_7_155h_cpu,63.33001909177771,316.65009545888853,949.9502863766655,15.79029999265913,13.119399998686276,17.752800005837344
LARA,10,150,32.0,1,encoder,flushed,4.029860937407648,3.754736718633467,4.231884374803485,2049011,8240007,0.0026348187099432,float32,,,,,,,Windows-11-10.0.26200-SP0,3.14.7,2.14.0+cpu,22,16,31.4,Intel(R) Core(TM) Ultra 7 155H,Intel(R) Core(TM) Ultra 7 155H,cpu,intel_r_core_tm_ultra_7_155h_cpu,248.14752060483897,1240.7376030241949,3722.2128090725846,128.95554999704473,120.15157499627094,135.42029999371152
LARA,10,150,32.0,1,decoder,flushed,12.11793437482811,10.70446718756557,12.878022656423127,2049011,8240007,0.0026348187099432,float32,,,,,,,Windows-11-10.0.26200-SP0,3.14.7,2.14.0+cpu,22,16,31.4,Intel(R) Core(TM) Ultra 7 155H,Intel(R) Core(TM) Ultra 7 155H,cpu,intel_r_core_tm_ultra_7_155h_cpu,82.52231519566921,412.611575978346,1237.8347279350382,387.7738999944995,342.5429500020982,412.09672500554007
LARA,10,150,32.0,1,memory,,,,,2049011,8240007,0.0026348187099432,float32,0.0,,,,,,Windows-11-10.0.26200-SP0,3.14.7,2.14.0+cpu,22,16,31.4,Intel(R) Core(TM) Ultra 7 155H,Intel(R) Core(TM) Ultra 7 155H,cpu,intel_r_core_tm_ultra_7_155h_cpu,,,,,,
LARA,10,150,,1,quantize,,0.0679999939166009,0.055050004448276,0.0768000027164816,2049011,8240007,0.0026348187099432,float32,,calibrated,753.92,5.0,,,Windows-11-10.0.26200-SP0,3.14.7,2.14.0+cpu,22,16,31.4,Intel(R) Core(TM) Ultra 7 155H,Intel(R) Core(TM) Ultra 7 155H,cpu,intel_r_core_tm_ultra_7_155h_cpu,14705.883668555287,73529.41834277644,220588.2550283293,0.0679999939166009,0.055050004448276,0.0768000027164816
LARA,10,150,,1,entropy_encode,,1.7011500021908432,1.408550000633113,2.305074995092582,2049011,8240007,0.0026348187099432,float32,,calibrated,753.92,5.0,,,Windows-11-10.0.26200-SP0,3.14.7,2.14.0+cpu,22,16,31.4,Intel(R) Core(TM) Ultra 7 155H,Intel(R) Core(TM) Ultra 7 155H,cpu,intel_r_core_tm_ultra_7_155h_cpu,587.8376384869881,2939.1881924349404,8817.564577304822,1.7011500021908432,1.408550000633113,2.305074995092582
LARA,10,150,,1,entropy_roundtrip,,3.292649991635699,2.719699994486291,4.194724995613797,2049011,8240007,0.0026348187099432,float32,,calibrated,753.92,5.0,,,Windows-11-10.0.26200-SP0,3.14.7,2.14.0+cpu,22,16,31.4,Intel(R) Core(TM) Ultra 7 155H,Intel(R) Core(TM) Ultra 7 155H,cpu,intel_r_core_tm_ultra_7_155h_cpu,303.70674154261604,1518.53370771308,4555.60112313924,3.292649991635699,2.719699994486291,4.194724995613797
LARA,10,150,,1,dequantize,,0.0035999983083456,0.0025000044843181,0.004000001354143,2049011,8240007,0.0026348187099432,float32,,calibrated,753.92,5.0,,,Windows-11-10.0.26200-SP0,3.14.7,2.14.0+cpu,22,16,31.4,Intel(R) Core(TM) Ultra 7 155H,Intel(R) Core(TM) Ultra 7 155H,cpu,intel_r_core_tm_ultra_7_155h_cpu,277777.908306728,1388889.54153364,4166668.62460092,0.0035999983083456,0.0025000044843181,0.004000001354143
LARA,15,100,1.0,1,encoder,as_deployed,40.06580000714166,33.92924999934621,46.48209999868413,1447361,5833415,0.0042943536563068,float32,,,,,,,Windows-11-10.0.26200-SP0,3.14.7,2.14.0+cpu,22,16,31.4,Intel(R) Core(TM) Ultra 7 155H,Intel(R) Core(TM) Ultra 7 155H,cpu,intel_r_core_tm_ultra_7_155h_cpu,24.958942535073597,124.79471267536798,374.3841380261039,40.06580000714166,33.92924999934621,46.48209999868413
LARA,15,100,1.0,1,decoder,as_deployed,11.956999995163642,9.791599994059652,13.776499996311031,1447361,5833415,0.0042943536563068,float32,,,,,,,Windows-11-10.0.26200-SP0,3.14.7,2.14.0+cpu,22,16,31.4,Intel(R) Core(TM) Ultra 7 155H,Intel(R) Core(TM) Ultra 7 155H,cpu,intel_r_core_tm_ultra_7_155h_cpu,83.63301834945884,418.1650917472942,1254.4952752418824,11.956999995163642,9.791599994059652,13.776499996311031
LARA,15,100,32.0,1,encoder,as_deployed,18.704681250255817,17.787026562359642,19.069189062292935,1447361,5833415,0.0042943536563068,float32,,,,,,,Windows-11-10.0.26200-SP0,3.14.7,2.14.0+cpu,22,16,31.4,Intel(R) Core(TM) Ultra 7 155H,Intel(R) Core(TM) Ultra 7 155H,cpu,intel_r_core_tm_ultra_7_155h_cpu,53.462552321565134,267.3127616078257,801.938284823477,598.5498000081861,569.1848499955086,610.2140499933739
LARA,15,100,32.0,1,decoder,as_deployed,13.001807812315747,12.308167187484287,13.381957031242566,1447361,5833415,0.0042943536563068,float32,,,,,,,Windows-11-10.0.26200-SP0,3.14.7,2.14.0+cpu,22,16,31.4,Intel(R) Core(TM) Ultra 7 155H,Intel(R) Core(TM) Ultra 7 155H,cpu,intel_r_core_tm_ultra_7_155h_cpu,76.91238129614304,384.56190648071515,1153.6857194421455,416.0578499941039,393.8613499994972,428.2226249997621
LARA,15,100,1.0,1,encoder,flushed,5.828799992741551,4.239574995153816,6.503849999717204,1447361,5833415,0.0042943536563068,float32,,,,,,,Windows-11-10.0.26200-SP0,3.14.7,2.14.0+cpu,22,16,31.4,Intel(R) Core(TM) Ultra 7 155H,Intel(R) Core(TM) Ultra 7 155H,cpu,intel_r_core_tm_ultra_7_155h_cpu,171.56189974699308,857.8094987349654,2573.428496204896,5.828799992741551,4.239574995153816,6.503849999717204
LARA,15,100,1.0,1,decoder,flushed,16.253299996606074,14.852000000246337,16.936900006840006,1447361,5833415,0.0042943536563068,float32,,,,,,,Windows-11-10.0.26200-SP0,3.14.7,2.14.0+cpu,22,16,31.4,Intel(R) Core(TM) Ultra 7 155H,Intel(R) Core(TM) Ultra 7 155H,cpu,intel_r_core_tm_ultra_7_155h_cpu,61.52596704723438,307.6298352361719,922.8895057085157,16.253299996606074,14.852000000246337,16.936900006840006
LARA,15,100,32.0,1,encoder,flushed,3.0639312499261,2.6692304687685464,3.7549781251300374,1447361,5833415,0.0042943536563068,float32,,,,,,,Windows-11-10.0.26200-SP0,3.14.7,2.14.0+cpu,22,16,31.4,Intel(R) Core(TM) Ultra 7 155H,Intel(R) Core(TM) Ultra 7 155H,cpu,intel_r_core_tm_ultra_7_155h_cpu,326.3780804559891,1631.8904022799454,4895.6712068398365,98.0457999976352,85.41537500059349,120.1593000041612
LARA,15,100,32.0,1,decoder,flushed,12.362439062371777,11.693294531141875,12.845903125253244,1447361,5833415,0.0042943536563068,float32,,,,,,,Windows-11-10.0.26200-SP0,3.14.7,2.14.0+cpu,22,16,31.4,Intel(R) Core(TM) Ultra 7 155H,Intel(R) Core(TM) Ultra 7 155H,cpu,intel_r_core_tm_ultra_7_155h_cpu,80.89018639078706,404.4509319539353,1213.352795861806,395.5980499958969,374.18542499654,411.0689000081038
LARA,15,100,32.0,1,memory,,,,,1447361,5833415,0.0042943536563068,float32,5832704.0,,,,,,Windows-11-10.0.26200-SP0,3.14.7,2.14.0+cpu,22,16,31.4,Intel(R) Core(TM) Ultra 7 155H,Intel(R) Core(TM) Ultra 7 155H,cpu,intel_r_core_tm_ultra_7_155h_cpu,,,,,,
LARA,15,100,,1,quantize,,0.0328000023728236,0.0285999994957819,0.0499000016134232,1447361,5833415,0.0042943536563068,float32,,calibrated,510.72,5.0,,,Windows-11-10.0.26200-SP0,3.14.7,2.14.0+cpu,22,16,31.4,Intel(R) Core(TM) Ultra 7 155H,Intel(R) Core(TM) Ultra 7 155H,cpu,intel_r_core_tm_ultra_7_155h_cpu,30487.80267249458,152439.0133624729,457317.04008741875,0.0328000023728236,0.0285999994957819,0.0499000016134232
LARA,15,100,,1,entropy_encode,,0.8193499961635098,0.690400007442804,1.3683249962923585,1447361,5833415,0.0042943536563068,float32,,calibrated,510.72,5.0,,,Windows-11-10.0.26200-SP0,3.14.7,2.14.0+cpu,22,16,31.4,Intel(R) Core(TM) Ultra 7 155H,Intel(R) Core(TM) Ultra 7 155H,cpu,intel_r_core_tm_ultra_7_155h_cpu,1220.479654216584,6102.3982710829205,18307.194813248763,0.8193499961635098,0.690400007442804,1.3683249962923585
LARA,15,100,,1,entropy_roundtrip,,2.542600006563589,1.8910500075435264,3.063999996811617,1447361,5833415,0.0042943536563068,float32,,calibrated,510.72,5.0,,,Windows-11-10.0.26200-SP0,3.14.7,2.14.0+cpu,22,16,31.4,Intel(R) Core(TM) Ultra 7 155H,Intel(R) Core(TM) Ultra 7 155H,cpu,intel_r_core_tm_ultra_7_155h_cpu,393.29819767897123,1966.490988394856,5899.472965184568,2.542600006563589,1.8910500075435264,3.063999996811617
LARA,15,100,,1,dequantize,,0.0023000029614195,0.0021000014385208,0.0024000037228688,1447361,5833415,0.0042943536563068,float32,,calibrated,510.72,5.0,,,Windows-11-10.0.26200-SP0,3.14.7,2.14.0+cpu,22,16,31.4,Intel(R) Core(TM) Ultra 7 155H,Intel(R) Core(TM) Ultra 7 155H,cpu,intel_r_core_tm_ultra_7_155h_cpu,434782.0488817227,2173910.244408613,6521730.73322584,0.0023000029614195,0.0021000014385208,0.0024000037228688
LARA,20,75,1.0,1,encoder,as_deployed,39.49180000199704,35.64762499809149,45.23584999333252,1146536,4630087,0.0071404938529585,float32,,,,,,,Windows-11-10.0.26200-SP0,3.14.7,2.14.0+cpu,22,16,31.4,Intel(R) Core(TM) Ultra 7 155H,Intel(R) Core(TM) Ultra 7 155H,cpu,intel_r_core_tm_ultra_7_155h_cpu,25.321712354195846,126.60856177097922,379.82568531293765,39.49180000199704,35.64762499809149,45.23584999333252
LARA,20,75,1.0,1,decoder,as_deployed,11.14985000458546,9.003999999549706,14.136624995444436,1146536,4630087,0.0071404938529585,float32,,,,,,,Windows-11-10.0.26200-SP0,3.14.7,2.14.0+cpu,22,16,31.4,Intel(R) Core(TM) Ultra 7 155H,Intel(R) Core(TM) Ultra 7 155H,cpu,intel_r_core_tm_ultra_7_155h_cpu,89.68730517349941,448.43652586749704,1345.3095776024913,11.14985000458546,9.003999999549706,14.136624995444436
LARA,20,75,32.0,1,encoder,as_deployed,86.57654531270964,79.06385546880301,98.77413203105334,1146536,4630087,0.0071404938529585,float32,,,,,,,Windows-11-10.0.26200-SP0,3.14.7,2.14.0+cpu,22,16,31.4,Intel(R) Core(TM) Ultra 7 155H,Intel(R) Core(TM) Ultra 7 155H,cpu,intel_r_core_tm_ultra_7_155h_cpu,11.550472433244545,57.752362166222724,173.2570864986682,2770.4494500067085,2530.0433750016964,3160.772224993707
LARA,20,75,32.0,1,decoder,as_deployed,12.505928124937782,11.343915625275258,14.716636718844713,1146536,4630087,0.0071404938529585,float32,,,,,,,Windows-11-10.0.26200-SP0,3.14.7,2.14.0+cpu,22,16,31.4,Intel(R) Core(TM) Ultra 7 155H,Intel(R) Core(TM) Ultra 7 155H,cpu,intel_r_core_tm_ultra_7_155h_cpu,79.96207798491366,399.8103899245683,1199.4311697737048,400.189699998009,363.00530000880826,470.9323750030308
LARA,20,75,1.0,1,encoder,flushed,6.143700004031416,5.717699998058379,6.732575006026309,1146536,4630087,0.0071404938529585,float32,,,,,,,Windows-11-10.0.26200-SP0,3.14.7,2.14.0+cpu,22,16,31.4,Intel(R) Core(TM) Ultra 7 155H,Intel(R) Core(TM) Ultra 7 155H,cpu,intel_r_core_tm_ultra_7_155h_cpu,162.76836423390026,813.8418211695013,2441.525463508504,6.143700004031416,5.717699998058379,6.732575006026309
LARA,20,75,1.0,1,decoder,flushed,13.041649996011984,9.61224999264232,14.430625004024478,1146536,4630087,0.0071404938529585,float32,,,,,,,Windows-11-10.0.26200-SP0,3.14.7,2.14.0+cpu,22,16,31.4,Intel(R) Core(TM) Ultra 7 155H,Intel(R) Core(TM) Ultra 7 155H,cpu,intel_r_core_tm_ultra_7_155h_cpu,76.67741430768275,383.38707153841375,1150.1612146152413,13.041649996011984,9.61224999264232,14.430625004024478
LARA,20,75,32.0,1,encoder,flushed,3.720054687391894,3.2454554686864863,3.976920312538823,1146536,4630087,0.0071404938529585,float32,,,,,,,Windows-11-10.0.26200-SP0,3.14.7,2.14.0+cpu,22,16,31.4,Intel(R) Core(TM) Ultra 7 155H,Intel(R) Core(TM) Ultra 7 155H,cpu,intel_r_core_tm_ultra_7_155h_cpu,268.81325250115975,1344.0662625057987,4032.198787517396,119.0417499965406,103.85457499796756,127.26145000124234
LARA,20,75,32.0,1,decoder,flushed,13.201771874719272,12.307757031294388,14.042488281120313,1146536,4630087,0.0071404938529585,float32,,,,,,,Windows-11-10.0.26200-SP0,3.14.7,2.14.0+cpu,22,16,31.4,Intel(R) Core(TM) Ultra 7 155H,Intel(R) Core(TM) Ultra 7 155H,cpu,intel_r_core_tm_ultra_7_155h_cpu,75.74740796081696,378.73703980408476,1136.2111194122544,422.4566999910167,393.8482250014204,449.35962499585
LARA,20,75,32.0,1,memory,,,,,1146536,4630087,0.0071404938529585,float32,24576.0,,,,,,Windows-11-10.0.26200-SP0,3.14.7,2.14.0+cpu,22,16,31.4,Intel(R) Core(TM) Ultra 7 155H,Intel(R) Core(TM) Ultra 7 155H,cpu,intel_r_core_tm_ultra_7_155h_cpu,,,,,,
LARA,20,75,,1,quantize,,0.0312000047415494,0.022799998987466,0.0425000034738332,1146536,4630087,0.0071404938529585,float32,,calibrated,384.0,5.0,,,Windows-11-10.0.26200-SP0,3.14.7,2.14.0+cpu,22,16,31.4,Intel(R) Core(TM) Ultra 7 155H,Intel(R) Core(TM) Ultra 7 155H,cpu,intel_r_core_tm_ultra_7_155h_cpu,32051.277180361725,160256.38590180862,480769.15770542587,0.0312000047415494,0.022799998987466,0.0425000034738332
LARA,20,75,,1,entropy_encode,,0.7341000018641353,0.5509749898919836,1.0425250075059012,1146536,4630087,0.0071404938529585,float32,,calibrated,384.0,5.0,,,Windows-11-10.0.26200-SP0,3.14.7,2.14.0+cpu,22,16,31.4,Intel(R) Core(TM) Ultra 7 155H,Intel(R) Core(TM) Ultra 7 155H,cpu,intel_r_core_tm_ultra_7_155h_cpu,1362.2122292067186,6811.061146033592,20433.18343810078,0.7341000018641353,0.5509749898919836,1.0425250075059012
LARA,20,75,,1,entropy_roundtrip,,2.0164999878034,1.900450006360188,2.2295000017038547,1146536,4630087,0.0071404938529585,float32,,calibrated,384.0,5.0,,,Windows-11-10.0.26200-SP0,3.14.7,2.14.0+cpu,22,16,31.4,Intel(R) Core(TM) Ultra 7 155H,Intel(R) Core(TM) Ultra 7 155H,cpu,intel_r_core_tm_ultra_7_155h_cpu,495.9087557889416,2479.543778944708,7438.631336834124,2.0164999878034,1.900450006360188,2.2295000017038547
LARA,20,75,,1,dequantize,,0.0030000082915648,0.0023000029614195,0.0031000090530142,1146536,4630087,0.0071404938529585,float32,,calibrated,384.0,5.0,,,Windows-11-10.0.26200-SP0,3.14.7,2.14.0+cpu,22,16,31.4,Intel(R) Core(TM) Ultra 7 155H,Intel(R) Core(TM) Ultra 7 155H,cpu,intel_r_core_tm_ultra_7_155h_cpu,333332.41205090185,1666662.060254509,4999986.180763528,0.0030000082915648,0.0023000029614195,0.0031000090530142
LARA,30,50,1.0,1,encoder,as_deployed,264.6619000006467,219.39732499959064,282.0794750005007,845711,3426823,0.0175393272344416,float32,,,,,,,Windows-11-10.0.26200-SP0,3.14.7,2.14.0+cpu,22,16,31.4,Intel(R) Core(TM) Ultra 7 155H,Intel(R) Core(TM) Ultra 7 155H,cpu,intel_r_core_tm_ultra_7_155h_cpu,3.7784055808469463,18.89202790423473,56.6760837127042,264.6619000006467,219.39732499959064,282.0794750005007
LARA,30,50,1.0,1,decoder,as_deployed,14.66019999497803,9.736224990774645,16.317000005074078,845711,3426823,0.0175393272344416,float32,,,,,,,Windows-11-10.0.26200-SP0,3.14.7,2.14.0+cpu,22,16,31.4,Intel(R) Core(TM) Ultra 7 155H,Intel(R) Core(TM) Ultra 7 155H,cpu,intel_r_core_tm_ultra_7_155h_cpu,68.21189344910425,341.05946724552126,1023.1784017365637,14.66019999497803,9.736224990774645,16.317000005074078
LARA,30,50,32.0,1,encoder,as_deployed,106.66988124989984,84.30458359350723,288.24171718747493,845711,3426823,0.0175393272344416,float32,,,,,,,Windows-11-10.0.26200-SP0,3.14.7,2.14.0+cpu,22,16,31.4,Intel(R) Core(TM) Ultra 7 155H,Intel(R) Core(TM) Ultra 7 155H,cpu,intel_r_core_tm_ultra_7_155h_cpu,9.374717476784843,46.87358738392421,140.62076215177265,3413.436199996795,2697.7466749922314,9223.734949999198
LARA,30,50,32.0,1,decoder,as_deployed,11.701371874778488,10.55381484377449,13.270685156157924,845711,3426823,0.0175393272344416,float32,,,,,,,Windows-11-10.0.26200-SP0,3.14.7,2.14.0+cpu,22,16,31.4,Intel(R) Core(TM) Ultra 7 155H,Intel(R) Core(TM) Ultra 7 155H,cpu,intel_r_core_tm_ultra_7_155h_cpu,85.46006491387836,427.30032456939176,1281.9009737081753,374.4438999929116,337.72207500078366,424.6619249970536
LARA,30,50,1.0,1,encoder,flushed,4.612149990862235,3.339975002745632,6.27994999740622,845711,3426823,0.0175393272344416,float32,,,,,,,Windows-11-10.0.26200-SP0,3.14.7,2.14.0+cpu,22,16,31.4,Intel(R) Core(TM) Ultra 7 155H,Intel(R) Core(TM) Ultra 7 155H,cpu,intel_r_core_tm_ultra_7_155h_cpu,216.8186208126877,1084.0931040634384,3252.279312190315,4.612149990862235,3.339975002745632,6.27994999740622
LARA,30,50,1.0,1,decoder,flushed,12.87659999798052,10.2301999941119,14.8516249973909,845711,3426823,0.0175393272344416,float32,,,,,,,Windows-11-10.0.26200-SP0,3.14.7,2.14.0+cpu,22,16,31.4,Intel(R) Core(TM) Ultra 7 155H,Intel(R) Core(TM) Ultra 7 155H,cpu,intel_r_core_tm_ultra_7_155h_cpu,77.66025194203698,388.30125971018487,1164.9037791305545,12.87659999798052,10.2301999941119,14.8516249973909
LARA,30,50,32.0,1,encoder,flushed,2.7804374999504944,2.6004992184880393,3.2758437502025117,845711,3426823,0.0175393272344416,float32,,,,,,,Windows-11-10.0.26200-SP0,3.14.7,2.14.0+cpu,22,16,31.4,Intel(R) Core(TM) Ultra 7 155H,Intel(R) Core(TM) Ultra 7 155H,cpu,intel_r_core_tm_ultra_7_155h_cpu,359.65562974093285,1798.278148704664,5394.834446113992,88.97399999841582,83.21597499161726,104.82700000648038
LARA,30,50,32.0,1,decoder,flushed,12.372910937529015,11.510739062487119,12.96800234354123,845711,3426823,0.0175393272344416,float32,,,,,,,Windows-11-10.0.26200-SP0,3.14.7,2.14.0+cpu,22,16,31.4,Intel(R) Core(TM) Ultra 7 155H,Intel(R) Core(TM) Ultra 7 155H,cpu,intel_r_core_tm_ultra_7_155h_cpu,80.82172457629515,404.10862288147575,1212.3258686444274,395.9331500009285,368.3436499995878,414.97607499331934
LARA,30,50,32.0,1,memory,,,,,845711,3426823,0.0175393272344416,float32,0.0,,,,,,Windows-11-10.0.26200-SP0,3.14.7,2.14.0+cpu,22,16,31.4,Intel(R) Core(TM) Ultra 7 155H,Intel(R) Core(TM) Ultra 7 155H,cpu,intel_r_core_tm_ultra_7_155h_cpu,,,,,,
LARA,30,50,,1,quantize,,0.0209000063478015,0.0185999961104244,0.0349000038113445,845711,3426823,0.0175393272344416,float32,,calibrated,261.12,5.0,,,Windows-11-10.0.26200-SP0,3.14.7,2.14.0+cpu,22,16,31.4,Intel(R) Core(TM) Ultra 7 155H,Intel(R) Core(TM) Ultra 7 155H,cpu,intel_r_core_tm_ultra_7_155h_cpu,47846.87541997762,239234.3770998881,717703.1312996644,0.0209000063478015,0.0185999961104244,0.0349000038113445
LARA,30,50,,1,entropy_encode,,0.6145000079413876,0.4898999904980883,0.7148000004235655,845711,3426823,0.0175393272344416,float32,,calibrated,261.12,5.0,,,Windows-11-10.0.26200-SP0,3.14.7,2.14.0+cpu,22,16,31.4,Intel(R) Core(TM) Ultra 7 155H,Intel(R) Core(TM) Ultra 7 155H,cpu,intel_r_core_tm_ultra_7_155h_cpu,1627.3392792134548,8136.696396067274,24410.089188201822,0.6145000079413876,0.4898999904980883,0.7148000004235655
LARA,30,50,,1,entropy_roundtrip,,1.2405999877955765,1.160400002845563,1.353750005364418,845711,3426823,0.0175393272344416,float32,,calibrated,261.12,5.0,,,Windows-11-10.0.26200-SP0,3.14.7,2.14.0+cpu,22,16,31.4,Intel(R) Core(TM) Ultra 7 155H,Intel(R) Core(TM) Ultra 7 155H,cpu,intel_r_core_tm_ultra_7_155h_cpu,806.0615910345938,4030.307955172969,12090.923865518907,1.2405999877955765,1.160400002845563,1.353750005364418
LARA,30,50,,1,dequantize,,0.0030999945010989,0.0029999937396496,0.0031000090530142,845711,3426823,0.0175393272344416,float32,,calibrated,261.12,5.0,,,Windows-11-10.0.26200-SP0,3.14.7,2.14.0+cpu,22,16,31.4,Intel(R) Core(TM) Ultra 7 155H,Intel(R) Core(TM) Ultra 7 155H,cpu,intel_r_core_tm_ultra_7_155h_cpu,322581.2173684552,1612906.086842276,4838718.260526828,0.0030999945010989,0.0029999937396496,0.0031000090530142
LARA,50,30,1.0,1,encoder,as_deployed,1328.5985499969684,1274.3584500058205,1405.855300003168,771547,3143989,0.2310316398453295,float32,,,,,,,Windows-11-10.0.26200-SP0,3.14.7,2.14.0+cpu,22,16,31.4,Intel(R) Core(TM) Ultra 7 155H,Intel(R) Core(TM) Ultra 7 155H,cpu,intel_r_core_tm_ultra_7_155h_cpu,0.7526728069982327,3.7633640349911635,11.29009210497349,1328.5985499969684,1274.3584500058205,1405.855300003168
LARA,50,30,1.0,1,decoder,as_deployed,13.840600004186854,12.933899997733532,14.692800003103912,771547,3143989,0.2310316398453295,float32,,,,,,,Windows-11-10.0.26200-SP0,3.14.7,2.14.0+cpu,22,16,31.4,Intel(R) Core(TM) Ultra 7 155H,Intel(R) Core(TM) Ultra 7 155H,cpu,intel_r_core_tm_ultra_7_155h_cpu,72.2512029606733,361.25601480336644,1083.7680444100995,13.840600004186854,12.933899997733532,14.692800003103912
LARA,50,30,32.0,1,encoder,as_deployed,531.4290109374724,407.7177250001114,1053.2922945312748,771547,3143989,0.2310316398453295,float32,,,,,,,Windows-11-10.0.26200-SP0,3.14.7,2.14.0+cpu,22,16,31.4,Intel(R) Core(TM) Ultra 7 155H,Intel(R) Core(TM) Ultra 7 155H,cpu,intel_r_core_tm_ultra_7_155h_cpu,1.8817188738641506,9.408594369320753,28.22578310796226,17005.728349999117,13046.967200003564,33705.353425000794
LARA,50,30,32.0,1,decoder,as_deployed,3.7310781249288993,3.5794109373910032,4.026443750035469,771547,3143989,0.2310316398453295,float32,,,,,,,Windows-11-10.0.26200-SP0,3.14.7,2.14.0+cpu,22,16,31.4,Intel(R) Core(TM) Ultra 7 155H,Intel(R) Core(TM) Ultra 7 155H,cpu,intel_r_core_tm_ultra_7_155h_cpu,268.01904610857116,1340.0952305428557,4020.2856916285677,119.39449999772478,114.5411499965121,128.846200001135
LARA,50,30,1.0,1,encoder,flushed,2.778999994916376,2.659600006154505,3.350524999405025,771547,3143989,0.2310316398453295,float32,,,,,,,Windows-11-10.0.26200-SP0,3.14.7,2.14.0+cpu,22,16,31.4,Intel(R) Core(TM) Ultra 7 155H,Intel(R) Core(TM) Ultra 7 155H,cpu,intel_r_core_tm_ultra_7_155h_cpu,359.8416703236055,1799.2083516180276,5397.625054854083,2.778999994916376,2.659600006154505,3.350524999405025
LARA,50,30,1.0,1,decoder,flushed,3.548650005541276,3.338925002026372,4.143925005337223,771547,3143989,0.2310316398453295,float32,,,,,,,Windows-11-10.0.26200-SP0,3.14.7,2.14.0+cpu,22,16,31.4,Intel(R) Core(TM) Ultra 7 155H,Intel(R) Core(TM) Ultra 7 155H,cpu,intel_r_core_tm_ultra_7_155h_cpu,281.7973027597772,1408.9865137988859,4226.959541396658,3.548650005541276,3.338925002026372,4.143925005337223
LARA,50,30,32.0,1,encoder,flushed,3.340056249953705,3.16378046875343,3.46223281235325,771547,3143989,0.2310316398453295,float32,,,,,,,Windows-11-10.0.26200-SP0,3.14.7,2.14.0+cpu,22,16,31.4,Intel(R) Core(TM) Ultra 7 155H,Intel(R) Core(TM) Ultra 7 155H,cpu,intel_r_core_tm_ultra_7_155h_cpu,299.39615538326956,1496.9807769163476,4490.942330749043,106.88179999851856,101.24097500010976,110.791449995304
LARA,50,30,32.0,1,decoder,flushed,3.932143750034811,3.8041281252390036,4.109803124947575,771547,3143989,0.2310316398453295,float32,,,,,,,Windows-11-10.0.26200-SP0,3.14.7,2.14.0+cpu,22,16,31.4,Intel(R) Core(TM) Ultra 7 155H,Intel(R) Core(TM) Ultra 7 155H,cpu,intel_r_core_tm_ultra_7_155h_cpu,254.31420201541385,1271.571010077069,3814.713030231208,125.82860000111395,121.73210000764811,131.5136999983224
LARA,50,30,32.0,1,memory,,,,,771547,3143989,0.2310316398453295,float32,0.0,,,,,,Windows-11-10.0.26200-SP0,3.14.7,2.14.0+cpu,22,16,31.4,Intel(R) Core(TM) Ultra 7 155H,Intel(R) Core(TM) Ultra 7 155H,cpu,intel_r_core_tm_ultra_7_155h_cpu,,,,,,
LARA,50,30,,1,quantize,,0.0071999966166913,0.0070000096457079,0.010199990356341,771547,3143989,0.2310316398453295,float32,,calibrated,160.0,5.0,,,Windows-11-10.0.26200-SP0,3.14.7,2.14.0+cpu,22,16,31.4,Intel(R) Core(TM) Ultra 7 155H,Intel(R) Core(TM) Ultra 7 155H,cpu,intel_r_core_tm_ultra_7_155h_cpu,138888.95415336208,694444.7707668104,2083334.312300431,0.0071999966166913,0.0070000096457079,0.010199990356341
LARA,50,30,,1,entropy_encode,,0.1049999991664663,0.1038999907905235,0.1178749953396618,771547,3143989,0.2310316398453295,float32,,calibrated,160.0,5.0,,,Windows-11-10.0.26200-SP0,3.14.7,2.14.0+cpu,22,16,31.4,Intel(R) Core(TM) Ultra 7 155H,Intel(R) Core(TM) Ultra 7 155H,cpu,intel_r_core_tm_ultra_7_155h_cpu,9523.80959941349,47619.04799706744,142857.14399120232,0.1049999991664663,0.1038999907905235,0.1178749953396618
LARA,50,30,,1,entropy_roundtrip,,0.2162000018870458,0.2138999989256262,0.2322000073036179,771547,3143989,0.2310316398453295,float32,,calibrated,160.0,5.0,,,Windows-11-10.0.26200-SP0,3.14.7,2.14.0+cpu,22,16,31.4,Intel(R) Core(TM) Ultra 7 155H,Intel(R) Core(TM) Ultra 7 155H,cpu,intel_r_core_tm_ultra_7_155h_cpu,4625.346860646432,23126.73430323216,69380.20290969648,0.2162000018870458,0.2138999989256262,0.2322000073036179
LARA,50,30,,1,dequantize,,0.0012999953469261,0.0010999938240274,0.0020000006770715,771547,3143989,0.2310316398453295,float32,,calibrated,160.0,5.0,,,Windows-11-10.0.26200-SP0,3.14.7,2.14.0+cpu,22,16,31.4,Intel(R) Core(TM) Ultra 7 155H,Intel(R) Core(TM) Ultra 7 155H,cpu,intel_r_core_tm_ultra_7_155h_cpu,769233.5225387898,3846167.6126939487,11538502.838081846,0.0012999953469261,0.0010999938240274,0.0020000006770715
LARA,60,25,1.0,1,encoder,as_deployed,619.3771999969613,521.8838250002591,665.1238499980536,741462,3023669,0.4301298554864413,float32,,,,,,,Windows-11-10.0.26200-SP0,3.14.7,2.14.0+cpu,22,16,31.4,Intel(R) Core(TM) Ultra 7 155H,Intel(R) Core(TM) Ultra 7 155H,cpu,intel_r_core_tm_ultra_7_155h_cpu,1.6145250422600415,8.072625211300206,24.217875633900622,619.3771999969613,521.8838250002591,665.1238499980536
LARA,60,25,1.0,1,decoder,as_deployed,533.4236999988207,475.94492500502383,544.4619250010874,741462,3023669,0.4301298554864413,float32,,,,,,,Windows-11-10.0.26200-SP0,3.14.7,2.14.0+cpu,22,16,31.4,Intel(R) Core(TM) Ultra 7 155H,Intel(R) Core(TM) Ultra 7 155H,cpu,intel_r_core_tm_ultra_7_155h_cpu,1.874682358512025,9.373411792560123,28.120235377680377,533.4236999988207,475.94492500502383,544.4619250010874
LARA,60,25,32.0,1,encoder,as_deployed,2036.808274999885,453.91004453131245,2228.3651554687367,741462,3023669,0.4301298554864413,float32,,,,,,,Windows-11-10.0.26200-SP0,3.14.7,2.14.0+cpu,22,16,31.4,Intel(R) Core(TM) Ultra 7 155H,Intel(R) Core(TM) Ultra 7 155H,cpu,intel_r_core_tm_ultra_7_155h_cpu,0.4909642268612918,2.4548211343064588,7.364463402919378,65177.86479999632,14525.121425001998,71307.68497499957
LARA,60,25,32.0,1,decoder,as_deployed,195.31257656240086,190.70812031236528,203.71631171849458,741462,3023669,0.4301298554864413,float32,,,,,,,Windows-11-10.0.26200-SP0,3.14.7,2.14.0+cpu,22,16,31.4,Intel(R) Core(TM) Ultra 7 155H,Intel(R) Core(TM) Ultra 7 155H,cpu,intel_r_core_tm_ultra_7_155h_cpu,5.119997992963386,25.599989964816928,76.79996989445078,6250.002449996828,6102.659849995689,6518.921974991827
LARA,60,25,1.0,1,encoder,flushed,3.403700000490062,3.287974988779752,3.767625010368647,741462,3023669,0.4301298554864413,float32,,,,,,,Windows-11-10.0.26200-SP0,3.14.7,2.14.0+cpu,22,16,31.4,Intel(R) Core(TM) Ultra 7 155H,Intel(R) Core(TM) Ultra 7 155H,cpu,intel_r_core_tm_ultra_7_155h_cpu,293.79792574434316,1468.9896287217157,4406.9688861651475,3.403700000490062,3.287974988779752,3.767625010368647
LARA,60,25,1.0,1,decoder,flushed,4.43624999752501,4.318549999879906,5.017325001972495,741462,3023669,0.4301298554864413,float32,,,,,,,Windows-11-10.0.26200-SP0,3.14.7,2.14.0+cpu,22,16,31.4,Intel(R) Core(TM) Ultra 7 155H,Intel(R) Core(TM) Ultra 7 155H,cpu,intel_r_core_tm_ultra_7_155h_cpu,225.41561015675433,1127.0780507837715,3381.2341523513146,4.43624999752501,4.318549999879906,5.017325001972495
LARA,60,25,32.0,1,encoder,flushed,1.7595140625417116,1.6851617185693613,1.9001765624580003,741462,3023669,0.4301298554864413,float32,,,,,,,Windows-11-10.0.26200-SP0,3.14.7,2.14.0+cpu,22,16,31.4,Intel(R) Core(TM) Ultra 7 155H,Intel(R) Core(TM) Ultra 7 155H,cpu,intel_r_core_tm_ultra_7_155h_cpu,568.3387369780079,2841.693684890039,8525.08105467012,56.30445000133477,53.92517499421956,60.80564999865601
LARA,60,25,32.0,1,decoder,flushed,3.966575000049488,3.875677343785355,4.12272187486451,741462,3023669,0.4301298554864413,float32,,,,,,,Windows-11-10.0.26200-SP0,3.14.7,2.14.0+cpu,22,16,31.4,Intel(R) Core(TM) Ultra 7 155H,Intel(R) Core(TM) Ultra 7 155H,cpu,intel_r_core_tm_ultra_7_155h_cpu,252.1066663273791,1260.5333316368954,3781.5999949106863,126.93040000158362,124.02167500113136,131.92709999566432
LARA,60,25,32.0,1,memory,,,,,741462,3023669,0.4301298554864413,float32,0.0,,,,,,Windows-11-10.0.26200-SP0,3.14.7,2.14.0+cpu,22,16,31.4,Intel(R) Core(TM) Ultra 7 155H,Intel(R) Core(TM) Ultra 7 155H,cpu,intel_r_core_tm_ultra_7_155h_cpu,,,,,,
LARA,60,25,,1,quantize,,0.006799993570894,0.0066000065999105,0.0069999950937926,741462,3023669,0.4301298554864413,float32,,calibrated,133.76,5.0,,,Windows-11-10.0.26200-SP0,3.14.7,2.14.0+cpu,22,16,31.4,Intel(R) Core(TM) Ultra 7 155H,Intel(R) Core(TM) Ultra 7 155H,cpu,intel_r_core_tm_ultra_7_155h_cpu,147058.96256730272,735294.8128365135,2205884.438509541,0.006799993570894,0.0066000065999105,0.0069999950937926
LARA,60,25,,1,entropy_encode,,0.083699997048825,0.0819999986561015,0.0886999914655461,741462,3023669,0.4301298554864413,float32,,calibrated,133.76,5.0,,,Windows-11-10.0.26200-SP0,3.14.7,2.14.0+cpu,22,16,31.4,Intel(R) Core(TM) Ultra 7 155H,Intel(R) Core(TM) Ultra 7 155H,cpu,intel_r_core_tm_ultra_7_155h_cpu,11947.431723524036,59737.158617620174,179211.47585286055,0.083699997048825,0.0819999986561015,0.0886999914655461
LARA,60,25,,1,entropy_roundtrip,,0.1665999880060553,0.1651000056881457,0.1767000067047774,741462,3023669,0.4301298554864413,float32,,calibrated,133.76,5.0,,,Windows-11-10.0.26200-SP0,3.14.7,2.14.0+cpu,22,16,31.4,Intel(R) Core(TM) Ultra 7 155H,Intel(R) Core(TM) Ultra 7 155H,cpu,intel_r_core_tm_ultra_7_155h_cpu,6002.401392511827,30012.006962559135,90036.0208876774,0.1665999880060553,0.1651000056881457,0.1767000067047774
LARA,60,25,,1,dequantize,,0.0010000076144933,0.0009999930625781,0.0011000083759427,741462,3023669,0.4301298554864413,float32,,calibrated,133.76,5.0,,,Windows-11-10.0.26200-SP0,3.14.7,2.14.0+cpu,22,16,31.4,Intel(R) Core(TM) Ultra 7 155H,Intel(R) Core(TM) Ultra 7 155H,cpu,intel_r_core_tm_ultra_7_155h_cpu,999992.3855646801,4999961.9278234,14999885.7834702,0.0010000076144933,0.0009999930625781,0.0011000083759427
LARA,100,15,1.0,1,encoder,as_deployed,226.1489500015159,216.79177500118385,240.43770000207587,681292,2783156,0.5292386815651595,float32,,,,,,,Windows-11-10.0.26200-SP0,3.14.7,2.14.0+cpu,22,16,31.4,Intel(R) Core(TM) Ultra 7 155H,Intel(R) Core(TM) Ultra 7 155H,cpu,intel_r_core_tm_ultra_7_155h_cpu,4.421864439314429,22.10932219657214,66.32796658971644,226.1489500015159,216.79177500118385,240.43770000207587
LARA,100,15,1.0,1,decoder,as_deployed,242.1926999886637,232.66339999827323,248.77475000175764,681292,2783156,0.5292386815651595,float32,,,,,,,Windows-11-10.0.26200-SP0,3.14.7,2.14.0+cpu,22,16,31.4,Intel(R) Core(TM) Ultra 7 155H,Intel(R) Core(TM) Ultra 7 155H,cpu,intel_r_core_tm_ultra_7_155h_cpu,4.128943605842815,20.644718029214072,61.93415408764221,242.1926999886637,232.66339999827323,248.77475000175764
LARA,100,15,32.0,1,encoder,as_deployed,237.95885624986113,229.38421015624044,245.28400312510712,681292,2783156,0.5292386815651595,float32,,,,,,,Windows-11-10.0.26200-SP0,3.14.7,2.14.0+cpu,22,16,31.4,Intel(R) Core(TM) Ultra 7 155H,Intel(R) Core(TM) Ultra 7 155H,cpu,intel_r_core_tm_ultra_7_155h_cpu,4.202407154579621,21.012035772898106,63.03610731869432,7614.683399995556,7340.294724999694,7849.088100003428
LARA,100,15,32.0,1,decoder,as_deployed,271.99626406240895,261.1738156251704,289.4060085934598,681292,2783156,0.5292386815651595,float32,,,,,,,Windows-11-10.0.26200-SP0,3.14.7,2.14.0+cpu,22,16,31.4,Intel(R) Core(TM) Ultra 7 155H,Intel(R) Core(TM) Ultra 7 155H,cpu,intel_r_core_tm_ultra_7_155h_cpu,3.6765210854901746,18.382605427450873,55.14781628235262,8703.880449997087,8357.562100005453,9260.992274990713
LARA,100,15,1.0,1,encoder,flushed,2.756800007773564,2.6962000119965523,2.944399995612912,681292,2783156,0.5292386815651595,float32,,,,,,,Windows-11-10.0.26200-SP0,3.14.7,2.14.0+cpu,22,16,31.4,Intel(R) Core(TM) Ultra 7 155H,Intel(R) Core(TM) Ultra 7 155H,cpu,intel_r_core_tm_ultra_7_155h_cpu,362.7394069864415,1813.6970349322075,5441.091104796623,2.756800007773564,2.6962000119965523,2.944399995612912
LARA,100,15,1.0,1,decoder,flushed,3.572899993741885,3.5137999948346987,3.7979000044288114,681292,2783156,0.5292386815651595,float32,,,,,,,Windows-11-10.0.26200-SP0,3.14.7,2.14.0+cpu,22,16,31.4,Intel(R) Core(TM) Ultra 7 155H,Intel(R) Core(TM) Ultra 7 155H,cpu,intel_r_core_tm_ultra_7_155h_cpu,279.8846879989786,1399.423439994893,4198.270319984679,3.572899993741885,3.5137999948346987,3.7979000044288114
LARA,100,15,32.0,1,encoder,flushed,1.792790624904228,1.6648000000714092,1.968339843870126,681292,2783156,0.5292386815651595,float32,,,,,,,Windows-11-10.0.26200-SP0,3.14.7,2.14.0+cpu,22,16,31.4,Intel(R) Core(TM) Ultra 7 155H,Intel(R) Core(TM) Ultra 7 155H,cpu,intel_r_core_tm_ultra_7_155h_cpu,557.7896192163658,2788.948096081829,8366.84428824549,57.3692999969353,53.27360000228509,62.986875003844034
LARA,100,15,32.0,1,decoder,flushed,4.125545312490431,3.956516406447008,4.395371875034471,681292,2783156,0.5292386815651595,float32,,,,,,,Windows-11-10.0.26200-SP0,3.14.7,2.14.0+cpu,22,16,31.4,Intel(R) Core(TM) Ultra 7 155H,Intel(R) Core(TM) Ultra 7 155H,cpu,intel_r_core_tm_ultra_7_155h_cpu,242.39219891063055,1211.9609945531527,3635.8829836594587,132.01744999969378,126.60852500630426,140.65190000110306
LARA,100,15,32.0,1,memory,,,,,681292,2783156,0.5292386815651595,float32,524288.0,,,,,,Windows-11-10.0.26200-SP0,3.14.7,2.14.0+cpu,22,16,31.4,Intel(R) Core(TM) Ultra 7 155H,Intel(R) Core(TM) Ultra 7 155H,cpu,intel_r_core_tm_ultra_7_155h_cpu,,,,,,
LARA,100,15,,1,quantize,,0.0062999897636473,0.0061999890021979,0.0063999905250966,681292,2783156,0.5292386815651595,float32,,calibrated,96.0,5.0,,,Windows-11-10.0.26200-SP0,3.14.7,2.14.0+cpu,22,16,31.4,Intel(R) Core(TM) Ultra 7 155H,Intel(R) Core(TM) Ultra 7 155H,cpu,intel_r_core_tm_ultra_7_155h_cpu,158730.41663817922,793652.0831908961,2380956.2495726882,0.0062999897636473,0.0061999890021979,0.0063999905250966
LARA,100,15,,1,entropy_encode,,0.0494999985676258,0.0491999962832778,0.0503000046592205,681292,2783156,0.5292386815651595,float32,,calibrated,96.0,5.0,,,Windows-11-10.0.26200-SP0,3.14.7,2.14.0+cpu,22,16,31.4,Intel(R) Core(TM) Ultra 7 155H,Intel(R) Core(TM) Ultra 7 155H,cpu,intel_r_core_tm_ultra_7_155h_cpu,20202.020786603098,101010.10393301549,303030.31179904647,0.0494999985676258,0.0491999962832778,0.0503000046592205
LARA,100,15,,1,entropy_roundtrip,,0.0985999940894544,0.0942000042414292,0.0998999894363805,681292,2783156,0.5292386815651595,float32,,calibrated,96.0,5.0,,,Windows-11-10.0.26200-SP0,3.14.7,2.14.0+cpu,22,16,31.4,Intel(R) Core(TM) Ultra 7 155H,Intel(R) Core(TM) Ultra 7 155H,cpu,intel_r_core_tm_ultra_7_155h_cpu,10141.988437572872,50709.94218786436,152129.8265635931,0.0985999940894544,0.0942000042414292,0.0998999894363805
LARA,100,15,,1,dequantize,,0.0010000076144933,0.0009999930625781,0.0010999938240274,681292,2783156,0.5292386815651595,float32,,calibrated,96.0,5.0,,,Windows-11-10.0.26200-SP0,3.14.7,2.14.0+cpu,22,16,31.4,Intel(R) Core(TM) Ultra 7 155H,Intel(R) Core(TM) Ultra 7 155H,cpu,intel_r_core_tm_ultra_7_155h_cpu,999992.3855646801,4999961.9278234,14999885.7834702,0.0010000076144933,0.0009999930625781,0.0010999938240274
GeneralizedAutoencoder,2,750,1.0,1,encoder,as_deployed,1.327799996943213,1.2189000117359683,1.9738999981200325,18022319,72094386,0.0,float32,,,,,,,Windows-11-10.0.26200-SP0,3.14.7,2.14.0+cpu,22,16,31.4,Intel(R) Core(TM) Ultra 7 155H,Intel(R) Core(TM) Ultra 7 155H,cpu,intel_r_core_tm_ultra_7_155h_cpu,753.1254724372226,3765.627362186113,11296.882086558338,1.327799996943213,1.2189000117359683,1.9738999981200325
GeneralizedAutoencoder,2,750,1.0,1,decoder,as_deployed,1.7518999957246706,1.5211999998427927,2.355899996473454,18022319,72094386,0.0,float32,,,,,,,Windows-11-10.0.26200-SP0,3.14.7,2.14.0+cpu,22,16,31.4,Intel(R) Core(TM) Ultra 7 155H,Intel(R) Core(TM) Ultra 7 155H,cpu,intel_r_core_tm_ultra_7_155h_cpu,570.8088375137827,2854.0441875689135,8562.13256270674,1.7518999957246706,1.5211999998427927,2.355899996473454
GeneralizedAutoencoder,2,750,32.0,1,encoder,as_deployed,0.36377343758431374,0.335624219019337,0.40832734373452695,18022319,72094386,0.0,float32,,,,,,,Windows-11-10.0.26200-SP0,3.14.7,2.14.0+cpu,22,16,31.4,Intel(R) Core(TM) Ultra 7 155H,Intel(R) Core(TM) Ultra 7 155H,cpu,intel_r_core_tm_ultra_7_155h_cpu,2748.963768879427,13744.818844397134,41234.4565331914,11.64075000269804,10.739975008618783,13.066474999504862
GeneralizedAutoencoder,2,750,32.0,1,decoder,as_deployed,0.3502843751448381,0.3295359374533291,0.42480624983909365,18022319,72094386,0.0,float32,,,,,,,Windows-11-10.0.26200-SP0,3.14.7,2.14.0+cpu,22,16,31.4,Intel(R) Core(TM) Ultra 7 155H,Intel(R) Core(TM) Ultra 7 155H,cpu,intel_r_core_tm_ultra_7_155h_cpu,2854.8233120204486,14274.116560102242,42822.349680306725,11.20910000463482,10.545149998506531,13.593799994850997
GeneralizedAutoencoder,2,750,1.0,1,encoder,flushed,1.3500000059138983,1.2589000107254833,1.6199999954551458,18022319,72094386,0.0,float32,,,,,,,Windows-11-10.0.26200-SP0,3.14.7,2.14.0+cpu,22,16,31.4,Intel(R) Core(TM) Ultra 7 155H,Intel(R) Core(TM) Ultra 7 155H,cpu,intel_r_core_tm_ultra_7_155h_cpu,740.7407374958034,3703.703687479017,11111.11106243705,1.3500000059138983,1.2589000107254833,1.6199999954551458
GeneralizedAutoencoder,2,750,1.0,1,decoder,flushed,2.086200001940597,1.594850004039472,2.656249998835847,18022319,72094386,0.0,float32,,,,,,,Windows-11-10.0.26200-SP0,3.14.7,2.14.0+cpu,22,16,31.4,Intel(R) Core(TM) Ultra 7 155H,Intel(R) Core(TM) Ultra 7 155H,cpu,intel_r_core_tm_ultra_7_155h_cpu,479.3404271257758,2396.7021356288788,7190.106406886637,2.086200001940597,1.594850004039472,2.656249998835847
GeneralizedAutoencoder,2,750,32.0,1,encoder,flushed,0.3767796874853957,0.35178203120267426,0.43305312487973424,18022319,72094386,0.0,float32,,,,,,,Windows-11-10.0.26200-SP0,3.14.7,2.14.0+cpu,22,16,31.4,Intel(R) Core(TM) Ultra 7 155H,Intel(R) Core(TM) Ultra 7 155H,cpu,intel_r_core_tm_ultra_7_155h_cpu,2654.0708886775137,13270.354443387569,39811.0633301627,12.056949999532662,11.257024998485576,13.857699996151496
GeneralizedAutoencoder,2,750,32.0,1,decoder,flushed,0.3342843747304869,0.3224078122912033,0.4078453123383951,18022319,72094386,0.0,float32,,,,,,,Windows-11-10.0.26200-SP0,3.14.7,2.14.0+cpu,22,16,31.4,Intel(R) Core(TM) Ultra 7 155H,Intel(R) Core(TM) Ultra 7 155H,cpu,intel_r_core_tm_ultra_7_155h_cpu,2991.464978900791,14957.324894503954,44871.974683511864,10.69709999137558,10.317049993318506,13.051049994828643
GeneralizedAutoencoder,2,750,32.0,1,memory,,,,,18022319,72094386,0.0,float32,4096.0,,,,,,Windows-11-10.0.26200-SP0,3.14.7,2.14.0+cpu,22,16,31.4,Intel(R) Core(TM) Ultra 7 155H,Intel(R) Core(TM) Ultra 7 155H,cpu,intel_r_core_tm_ultra_7_155h_cpu,,,,,,
GeneralizedAutoencoder,2,750,,1,quantize,,0.053899988415651,0.0537000014446675,0.0595000019529834,18022319,72094386,0.0,float32,,calibrated,3619.2,5.0,,,Windows-11-10.0.26200-SP0,3.14.7,2.14.0+cpu,22,16,31.4,Intel(R) Core(TM) Ultra 7 155H,Intel(R) Core(TM) Ultra 7 155H,cpu,intel_r_core_tm_ultra_7_155h_cpu,18552.879683173156,92764.39841586577,278293.19524759735,0.053899988415651,0.0537000014446675,0.0595000019529834
GeneralizedAutoencoder,2,750,,1,entropy_encode,,2.969799999846145,2.943500003311783,3.0232999997679144,18022319,72094386,0.0,float32,,calibrated,3619.2,5.0,,,Windows-11-10.0.26200-SP0,3.14.7,2.14.0+cpu,22,16,31.4,Intel(R) Core(TM) Ultra 7 155H,Intel(R) Core(TM) Ultra 7 155H,cpu,intel_r_core_tm_ultra_7_155h_cpu,336.7230116680606,1683.615058340303,5050.84517502091,2.969799999846145,2.943500003311783,3.0232999997679144
GeneralizedAutoencoder,2,750,,1,entropy_roundtrip,,6.892700010212138,6.3896500068949535,7.989600002474617,18022319,72094386,0.0,float32,,calibrated,3619.2,5.0,,,Windows-11-10.0.26200-SP0,3.14.7,2.14.0+cpu,22,16,31.4,Intel(R) Core(TM) Ultra 7 155H,Intel(R) Core(TM) Ultra 7 155H,cpu,intel_r_core_tm_ultra_7_155h_cpu,145.08102753905038,725.4051376952518,2176.2154130857557,6.892700010212138,6.3896500068949535,7.989600002474617
GeneralizedAutoencoder,2,750,,1,dequantize,,0.0018999999156221,0.0017999991541728,0.0018999999156221,18022319,72094386,0.0,float32,,calibrated,3619.2,5.0,,,Windows-11-10.0.26200-SP0,3.14.7,2.14.0+cpu,22,16,31.4,Intel(R) Core(TM) Ultra 7 155H,Intel(R) Core(TM) Ultra 7 155H,cpu,intel_r_core_tm_ultra_7_155h_cpu,526315.8128470648,2631579.064235324,7894737.192705971,0.0018999999156221,0.0017999991541728,0.0018999999156221
GeneralizedAutoencoder,3,500,1.0,1,encoder,as_deployed,1.000799995381385,0.912799994694069,1.3083499943604693,12022069,48093362,0.0,float32,,,,,,,Windows-11-10.0.26200-SP0,3.14.7,2.14.0+cpu,22,16,31.4,Intel(R) Core(TM) Ultra 7 155H,Intel(R) Core(TM) Ultra 7 155H,cpu,intel_r_core_tm_ultra_7_155h_cpu,999.2006440996432,4996.003220498216,14988.009661494649,1.000799995381385,0.912799994694069,1.3083499943604693
GeneralizedAutoencoder,3,500,1.0,1,decoder,as_deployed,1.278899988392368,1.1741999987862073,1.545200007967651,12022069,48093362,0.0,float32,,,,,,,Windows-11-10.0.26200-SP0,3.14.7,2.14.0+cpu,22,16,31.4,Intel(R) Core(TM) Ultra 7 155H,Intel(R) Core(TM) Ultra 7 155H,cpu,intel_r_core_tm_ultra_7_155h_cpu,781.9219712849031,3909.6098564245153,11728.829569273546,1.278899988392368,1.1741999987862073,1.545200007967651
GeneralizedAutoencoder,3,500,32.0,1,encoder,as_deployed,0.34154062495872495,0.3233484374050022,0.3930421876248147,12022069,48093362,0.0,float32,,,,,,,Windows-11-10.0.26200-SP0,3.14.7,2.14.0+cpu,22,16,31.4,Intel(R) Core(TM) Ultra 7 155H,Intel(R) Core(TM) Ultra 7 155H,cpu,intel_r_core_tm_ultra_7_155h_cpu,2927.9093815584883,14639.54690779244,43918.64072337733,10.929299998679198,10.34714999696007,12.57735000399407
GeneralizedAutoencoder,3,500,32.0,1,decoder,as_deployed,0.32963125022433815,0.29748437532362,0.36224531254447356,12022069,48093362,0.0,float32,,,,,,,Windows-11-10.0.26200-SP0,3.14.7,2.14.0+cpu,22,16,31.4,Intel(R) Core(TM) Ultra 7 155H,Intel(R) Core(TM) Ultra 7 155H,cpu,intel_r_core_tm_ultra_7_155h_cpu,3033.6929502874104,15168.464751437052,45505.394254311155,10.54820000717882,9.51950001035584,11.591850001423154
GeneralizedAutoencoder,3,500,1.0,1,encoder,flushed,1.1561999999685213,1.063500007148832,1.3771999947493896,12022069,48093362,0.0,float32,,,,,,,Windows-11-10.0.26200-SP0,3.14.7,2.14.0+cpu,22,16,31.4,Intel(R) Core(TM) Ultra 7 155H,Intel(R) Core(TM) Ultra 7 155H,cpu,intel_r_core_tm_ultra_7_155h_cpu,864.9022660674849,4324.511330337425,12973.533991012273,1.1561999999685213,1.063500007148832,1.3771999947493896
GeneralizedAutoencoder,3,500,1.0,1,decoder,flushed,1.236099997186102,1.1608000058913603,1.3956000038888303,12022069,48093362,0.0,float32,,,,,,,Windows-11-10.0.26200-SP0,3.14.7,2.14.0+cpu,22,16,31.4,Intel(R) Core(TM) Ultra 7 155H,Intel(R) Core(TM) Ultra 7 155H,cpu,intel_r_core_tm_ultra_7_155h_cpu,808.9960377610488,4044.980188805244,12134.940566415731,1.236099997186102,1.1608000058913603,1.3956000038888303
GeneralizedAutoencoder,3,500,32.0,1,encoder,flushed,0.38605937515967526,0.3691687502396235,0.4022781249659601,12022069,48093362,0.0,float32,,,,,,,Windows-11-10.0.26200-SP0,3.14.7,2.14.0+cpu,22,16,31.4,Intel(R) Core(TM) Ultra 7 155H,Intel(R) Core(TM) Ultra 7 155H,cpu,intel_r_core_tm_ultra_7_155h_cpu,2590.275134715734,12951.37567357867,38854.127020736014,12.353900005109608,11.813400007667951,12.872899998910723
GeneralizedAutoencoder,3,500,32.0,1,decoder,flushed,0.31416874981005094,0.2917249998972693,0.3364156250427186,12022069,48093362,0.0,float32,,,,,,,Windows-11-10.0.26200-SP0,3.14.7,2.14.0+cpu,22,16,31.4,Intel(R) Core(TM) Ultra 7 155H,Intel(R) Core(TM) Ultra 7 155H,cpu,intel_r_core_tm_ultra_7_155h_cpu,3183.0027671581224,15915.01383579061,47745.04150737184,10.05339999392163,9.335199996712618,10.765300001366995
GeneralizedAutoencoder,3,500,32.0,1,memory,,,,,12022069,48093362,0.0,float32,0.0,,,,,,Windows-11-10.0.26200-SP0,3.14.7,2.14.0+cpu,22,16,31.4,Intel(R) Core(TM) Ultra 7 155H,Intel(R) Core(TM) Ultra 7 155H,cpu,intel_r_core_tm_ultra_7_155h_cpu,,,,,,
GeneralizedAutoencoder,3,500,,1,quantize,,0.0389000051654875,0.038100013625808,0.0395000097341835,12022069,48093362,0.0,float32,,calibrated,2429.44,5.0,,,Windows-11-10.0.26200-SP0,3.14.7,2.14.0+cpu,22,16,31.4,Intel(R) Core(TM) Ultra 7 155H,Intel(R) Core(TM) Ultra 7 155H,cpu,intel_r_core_tm_ultra_7_155h_cpu,25706.93746044051,128534.68730220254,385604.06190660765,0.0389000051654875,0.038100013625808,0.0395000097341835
GeneralizedAutoencoder,3,500,,1,entropy_encode,,2.025800000410527,1.9988999993074683,2.28390000120271,12022069,48093362,0.0,float32,,calibrated,2429.44,5.0,,,Windows-11-10.0.26200-SP0,3.14.7,2.14.0+cpu,22,16,31.4,Intel(R) Core(TM) Ultra 7 155H,Intel(R) Core(TM) Ultra 7 155H,cpu,intel_r_core_tm_ultra_7_155h_cpu,493.63214522526937,2468.1607261263466,7404.48217837904,2.025800000410527,1.9988999993074683,2.28390000120271
GeneralizedAutoencoder,3,500,,1,entropy_roundtrip,,4.088899993803352,3.9235000003827736,4.295600003388245,12022069,48093362,0.0,float32,,calibrated,2429.44,5.0,,,Windows-11-10.0.26200-SP0,3.14.7,2.14.0+cpu,22,16,31.4,Intel(R) Core(TM) Ultra 7 155H,Intel(R) Core(TM) Ultra 7 155H,cpu,intel_r_core_tm_ultra_7_155h_cpu,244.56455318434797,1222.8227659217398,3668.4682977652196,4.088899993803352,3.9235000003827736,4.295600003388245
GeneralizedAutoencoder,3,500,,1,dequantize,,0.0014000106602907,0.0013999961083754,0.0015999976312741,12022069,48093362,0.0,float32,,calibrated,2429.44,5.0,,,Windows-11-10.0.26200-SP0,3.14.7,2.14.0+cpu,22,16,31.4,Intel(R) Core(TM) Ultra 7 155H,Intel(R) Core(TM) Ultra 7 155H,cpu,intel_r_core_tm_ultra_7_155h_cpu,714280.275403302,3571401.37701651,10714204.13104953,0.0014000106602907,0.0013999961083754,0.0015999976312741
GeneralizedAutoencoder,5,300,1.0,1,encoder,as_deployed,0.4404500068631023,0.4152000037720427,0.5128500015416648,7221869,28892594,0.0,float32,,,,,,,Windows-11-10.0.26200-SP0,3.14.7,2.14.0+cpu,22,16,31.4,Intel(R) Core(TM) Ultra 7 155H,Intel(R) Core(TM) Ultra 7 155H,cpu,intel_r_core_tm_ultra_7_155h_cpu,2270.405231962712,11352.02615981356,34056.078479440686,0.4404500068631023,0.4152000037720427,0.5128500015416648
GeneralizedAutoencoder,5,300,1.0,1,decoder,as_deployed,0.5483999993884936,0.4910999996354803,0.6751000037183985,7221869,28892594,0.0,float32,,,,,,,Windows-11-10.0.26200-SP0,3.14.7,2.14.0+cpu,22,16,31.4,Intel(R) Core(TM) Ultra 7 155H,Intel(R) Core(TM) Ultra 7 155H,cpu,intel_r_core_tm_ultra_7_155h_cpu,1823.486508233176,9117.43254116588,27352.297623497638,0.5483999993884936,0.4910999996354803,0.6751000037183985
GeneralizedAutoencoder,5,300,32.0,1,encoder,as_deployed,0.2035093752965622,0.19636093747976702,0.2278515623856947,7221869,28892594,0.0,float32,,,,,,,Windows-11-10.0.26200-SP0,3.14.7,2.14.0+cpu,22,16,31.4,Intel(R) Core(TM) Ultra 7 155H,Intel(R) Core(TM) Ultra 7 155H,cpu,intel_r_core_tm_ultra_7_155h_cpu,4913.778534982769,24568.892674913845,73706.67802474153,6.512300009489991,6.2835499993525445,7.291249996342231
GeneralizedAutoencoder,5,300,32.0,1,decoder,as_deployed,0.18683750022319146,0.1727046872019855,0.25500937522338063,7221869,28892594,0.0,float32,,,,,,,Windows-11-10.0.26200-SP0,3.14.7,2.14.0+cpu,22,16,31.4,Intel(R) Core(TM) Ultra 7 155H,Intel(R) Core(TM) Ultra 7 155H,cpu,intel_r_core_tm_ultra_7_155h_cpu,5352.244591184451,26761.22295592225,80283.66886776676,5.978800007142127,5.526549990463536,8.16030000714818
GeneralizedAutoencoder,5,300,1.0,1,encoder,flushed,0.4678499972214922,0.4305000038584694,0.6398999939847272,7221869,28892594,0.0,float32,,,,,,,Windows-11-10.0.26200-SP0,3.14.7,2.14.0+cpu,22,16,31.4,Intel(R) Core(TM) Ultra 7 155H,Intel(R) Core(TM) Ultra 7 155H,cpu,intel_r_core_tm_ultra_7_155h_cpu,2137.4372254758705,10687.186127379351,32061.55838213806,0.4678499972214922,0.4305000038584694,0.6398999939847272
GeneralizedAutoencoder,5,300,1.0,1,decoder,flushed,0.5311999993864447,0.4800000024260953,0.6370000010065269,7221869,28892594,0.0,float32,,,,,,,Windows-11-10.0.26200-SP0,3.14.7,2.14.0+cpu,22,16,31.4,Intel(R) Core(TM) Ultra 7 155H,Intel(R) Core(TM) Ultra 7 155H,cpu,intel_r_core_tm_ultra_7_155h_cpu,1882.5301226563186,9412.650613281592,28237.951839844776,0.5311999993864447,0.4800000024260953,0.6370000010065269
GeneralizedAutoencoder,5,300,32.0,1,encoder,flushed,0.2395687502030341,0.2232093752354558,0.2766187499219086,7221869,28892594,0.0,float32,,,,,,,Windows-11-10.0.26200-SP0,3.14.7,2.14.0+cpu,22,16,31.4,Intel(R) Core(TM) Ultra 7 155H,Intel(R) Core(TM) Ultra 7 155H,cpu,intel_r_core_tm_ultra_7_155h_cpu,4174.1671196785965,20870.83559839298,62612.506795178946,7.666200006497091,7.142700007534586,8.851799997501075
GeneralizedAutoencoder,5,300,32.0,1,decoder,flushed,0.23875468764344987,0.2240171877474495,0.25633984364503704,7221869,28892594,0.0,float32,,,,,,,Windows-11-10.0.26200-SP0,3.14.7,2.14.0+cpu,22,16,31.4,Intel(R) Core(TM) Ultra 7 155H,Intel(R) Core(TM) Ultra 7 155H,cpu,intel_r_core_tm_ultra_7_155h_cpu,4188.399439902828,20941.99719951414,62825.991598542416,7.640150004590396,7.168550007918384,8.202874996641185
GeneralizedAutoencoder,5,300,32.0,1,memory,,,,,7221869,28892594,0.0,float32,0.0,,,,,,Windows-11-10.0.26200-SP0,3.14.7,2.14.0+cpu,22,16,31.4,Intel(R) Core(TM) Ultra 7 155H,Intel(R) Core(TM) Ultra 7 155H,cpu,intel_r_core_tm_ultra_7_155h_cpu,,,,,,
GeneralizedAutoencoder,5,300,,1,quantize,,0.0298999948427081,0.0291000033030286,0.0309999886667355,7221869,28892594,0.0,float32,,calibrated,1482.24,5.0,,,Windows-11-10.0.26200-SP0,3.14.7,2.14.0+cpu,22,16,31.4,Intel(R) Core(TM) Ultra 7 155H,Intel(R) Core(TM) Ultra 7 155H,cpu,intel_r_core_tm_ultra_7_155h_cpu,33444.82182223106,167224.1091111553,501672.32733346586,0.0298999948427081,0.0291000033030286,0.0309999886667355
GeneralizedAutoencoder,5,300,,1,entropy_encode,,1.4049999954295345,1.320224997471087,1.7500749963801354,7221869,28892594,0.0,float32,,calibrated,1482.24,5.0,,,Windows-11-10.0.26200-SP0,3.14.7,2.14.0+cpu,22,16,31.4,Intel(R) Core(TM) Ultra 7 155H,Intel(R) Core(TM) Ultra 7 155H,cpu,intel_r_core_tm_ultra_7_155h_cpu,711.7437745572956,3558.718872786478,10676.156618359435,1.4049999954295345,1.320224997471087,1.7500749963801354
GeneralizedAutoencoder,5,300,,1,entropy_roundtrip,,2.5335999962408096,2.5029499956872314,3.8506499986397102,7221869,28892594,0.0,float32,,calibrated,1482.24,5.0,,,Windows-11-10.0.26200-SP0,3.14.7,2.14.0+cpu,22,16,31.4,Intel(R) Core(TM) Ultra 7 155H,Intel(R) Core(TM) Ultra 7 155H,cpu,intel_r_core_tm_ultra_7_155h_cpu,394.695295817704,1973.47647908852,5920.4294372655595,2.5335999962408096,2.5029499956872314,3.8506499986397102
GeneralizedAutoencoder,5,300,,1,dequantize,,0.0014000106602907,0.0013999961083754,0.0025000044843181,7221869,28892594,0.0,float32,,calibrated,1482.24,5.0,,,Windows-11-10.0.26200-SP0,3.14.7,2.14.0+cpu,22,16,31.4,Intel(R) Core(TM) Ultra 7 155H,Intel(R) Core(TM) Ultra 7 155H,cpu,intel_r_core_tm_ultra_7_155h_cpu,714280.275403302,3571401.37701651,10714204.13104953,0.0014000106602907,0.0013999961083754,0.0025000044843181
GeneralizedAutoencoder,10,150,1.0,1,encoder,as_deployed,0.3055999986827373,0.2951000060420483,0.3345000004628673,3621719,14491970,0.0,float32,,,,,,,Windows-11-10.0.26200-SP0,3.14.7,2.14.0+cpu,22,16,31.4,Intel(R) Core(TM) Ultra 7 155H,Intel(R) Core(TM) Ultra 7 155H,cpu,intel_r_core_tm_ultra_7_155h_cpu,3272.2513230052837,16361.256615026417,49083.76984507925,0.3055999986827373,0.2951000060420483,0.3345000004628673
GeneralizedAutoencoder,10,150,1.0,1,decoder,as_deployed,0.3084000054514035,0.2987499938171822,0.3317499940749258,3621719,14491970,0.0,float32,,,,,,,Windows-11-10.0.26200-SP0,3.14.7,2.14.0+cpu,22,16,31.4,Intel(R) Core(TM) Ultra 7 155H,Intel(R) Core(TM) Ultra 7 155H,cpu,intel_r_core_tm_ultra_7_155h_cpu,3242.5420957315,16212.7104786575,48638.1314359725,0.3084000054514035,0.2987499938171822,0.3317499940749258
GeneralizedAutoencoder,10,150,32.0,1,encoder,as_deployed,0.15288124996004626,0.1460765624869964,0.16743125024731853,3621719,14491970,0.0,float32,,,,,,,Windows-11-10.0.26200-SP0,3.14.7,2.14.0+cpu,22,16,31.4,Intel(R) Core(TM) Ultra 7 155H,Intel(R) Core(TM) Ultra 7 155H,cpu,intel_r_core_tm_ultra_7_155h_cpu,6541.024489669848,32705.122448349237,98115.3673450477,4.89219999872148,4.674449999583885,5.357800007914193
GeneralizedAutoencoder,10,150,32.0,1,decoder,as_deployed,0.12457656271180895,0.11829531263174431,0.1360554687153126,3621719,14491970,0.0,float32,,,,,,,Windows-11-10.0.26200-SP0,3.14.7,2.14.0+cpu,22,16,31.4,Intel(R) Core(TM) Ultra 7 155H,Intel(R) Core(TM) Ultra 7 155H,cpu,intel_r_core_tm_ultra_7_155h_cpu,8027.192099635667,40135.960498178334,120407.881494535,3.9864500067778863,3.785450004215818,4.353774998890003
GeneralizedAutoencoder,10,150,1.0,1,encoder,flushed,0.3002000012202188,0.2935749980679247,0.3262749960413202,3621719,14491970,0.0,float32,,,,,,,Windows-11-10.0.26200-SP0,3.14.7,2.14.0+cpu,22,16,31.4,Intel(R) Core(TM) Ultra 7 155H,Intel(R) Core(TM) Ultra 7 155H,cpu,intel_r_core_tm_ultra_7_155h_cpu,3331.112578065669,16655.562890328343,49966.68867098504,0.3002000012202188,0.2935749980679247,0.3262749960413202
GeneralizedAutoencoder,10,150,1.0,1,decoder,flushed,0.3116000007139519,0.3023249992111232,0.3432750090723857,3621719,14491970,0.0,float32,,,,,,,Windows-11-10.0.26200-SP0,3.14.7,2.14.0+cpu,22,16,31.4,Intel(R) Core(TM) Ultra 7 155H,Intel(R) Core(TM) Ultra 7 155H,cpu,intel_r_core_tm_ultra_7_155h_cpu,3209.2426113888164,16046.213056944081,48138.63917083225,0.3116000007139519,0.3023249992111232,0.3432750090723857
GeneralizedAutoencoder,10,150,32.0,1,encoder,flushed,0.1553093748043466,0.15052812477733826,0.16816562492749654,3621719,14491970,0.0,float32,,,,,,,Windows-11-10.0.26200-SP0,3.14.7,2.14.0+cpu,22,16,31.4,Intel(R) Core(TM) Ultra 7 155H,Intel(R) Core(TM) Ultra 7 155H,cpu,intel_r_core_tm_ultra_7_155h_cpu,6438.761351397916,32193.80675698958,96581.42027096874,4.969899993739091,4.816899992874824,5.381299997679889
GeneralizedAutoencoder,10,150,32.0,1,decoder,flushed,0.12924375005241018,0.1201656250486849,0.15825937498448184,3621719,14491970,0.0,float32,,,,,,,Windows-11-10.0.26200-SP0,3.14.7,2.14.0+cpu,22,16,31.4,Intel(R) Core(TM) Ultra 7 155H,Intel(R) Core(TM) Ultra 7 155H,cpu,intel_r_core_tm_ultra_7_155h_cpu,7737.318048992588,38686.590244962936,116059.77073488882,4.135800001677126,3.845300001557917,5.064299999503419
GeneralizedAutoencoder,10,150,32.0,1,memory,,,,,3621719,14491970,0.0,float32,122880.0,,,,,,Windows-11-10.0.26200-SP0,3.14.7,2.14.0+cpu,22,16,31.4,Intel(R) Core(TM) Ultra 7 155H,Intel(R) Core(TM) Ultra 7 155H,cpu,intel_r_core_tm_ultra_7_155h_cpu,,,,,,
GeneralizedAutoencoder,10,150,,1,quantize,,0.0156000023707747,0.0155000016093254,0.0163999939104542,3621719,14491970,0.0,float32,,calibrated,755.84,5.0,,,Windows-11-10.0.26200-SP0,3.14.7,2.14.0+cpu,22,16,31.4,Intel(R) Core(TM) Ultra 7 155H,Intel(R) Core(TM) Ultra 7 155H,cpu,intel_r_core_tm_ultra_7_155h_cpu,64102.55436072345,320512.77180361724,961538.3154108517,0.0156000023707747,0.0155000016093254,0.0163999939104542
GeneralizedAutoencoder,10,150,,1,entropy_encode,,0.6052499957149848,0.5946000019321218,0.6337250051728915,3621719,14491970,0.0,float32,,calibrated,755.84,5.0,,,Windows-11-10.0.26200-SP0,3.14.7,2.14.0+cpu,22,16,31.4,Intel(R) Core(TM) Ultra 7 155H,Intel(R) Core(TM) Ultra 7 155H,cpu,intel_r_core_tm_ultra_7_155h_cpu,1652.2098423457153,8261.049211728576,24783.14763518573,0.6052499957149848,0.5946000019321218,0.6337250051728915
GeneralizedAutoencoder,10,150,,1,entropy_roundtrip,,1.3223000059952028,1.2771499932568986,1.5143999989959411,3621719,14491970,0.0,float32,,calibrated,755.84,5.0,,,Windows-11-10.0.26200-SP0,3.14.7,2.14.0+cpu,22,16,31.4,Intel(R) Core(TM) Ultra 7 155H,Intel(R) Core(TM) Ultra 7 155H,cpu,intel_r_core_tm_ultra_7_155h_cpu,756.2580318128108,3781.290159064054,11343.870477192162,1.3223000059952028,1.2771499932568986,1.5143999989959411
GeneralizedAutoencoder,10,150,,1,dequantize,,0.0014999968698248,0.0013000098988413,0.0024000037228688,3621719,14491970,0.0,float32,,calibrated,755.84,5.0,,,Windows-11-10.0.26200-SP0,3.14.7,2.14.0+cpu,22,16,31.4,Intel(R) Core(TM) Ultra 7 155H,Intel(R) Core(TM) Ultra 7 155H,cpu,intel_r_core_tm_ultra_7_155h_cpu,666668.0578585475,3333340.2892927374,10000020.867878214,0.0014999968698248,0.0013000098988413,0.0024000037228688
GeneralizedAutoencoder,15,100,1.0,1,encoder,as_deployed,0.3336999943712726,0.3050999948754906,0.3515999997034669,2421669,9691778,0.0,float32,,,,,,,Windows-11-10.0.26200-SP0,3.14.7,2.14.0+cpu,22,16,31.4,Intel(R) Core(TM) Ultra 7 155H,Intel(R) Core(TM) Ultra 7 155H,cpu,intel_r_core_tm_ultra_7_155h_cpu,2996.7036765586695,14983.518382793347,44950.555148380045,0.3336999943712726,0.3050999948754906,0.3515999997034669
GeneralizedAutoencoder,15,100,1.0,1,decoder,as_deployed,0.4482500007725321,0.3981750014645513,0.5543250008486211,2421669,9691778,0.0,float32,,,,,,,Windows-11-10.0.26200-SP0,3.14.7,2.14.0+cpu,22,16,31.4,Intel(R) Core(TM) Ultra 7 155H,Intel(R) Core(TM) Ultra 7 155H,cpu,intel_r_core_tm_ultra_7_155h_cpu,2230.8979325745895,11154.489662872948,33463.46898861884,0.4482500007725321,0.3981750014645513,0.5543250008486211
GeneralizedAutoencoder,15,100,32.0,1,encoder,as_deployed,0.24276875001305598,0.20699375022559252,0.2605781248803396,2421669,9691778,0.0,float32,,,,,,,Windows-11-10.0.26200-SP0,3.14.7,2.14.0+cpu,22,16,31.4,Intel(R) Core(TM) Ultra 7 155H,Intel(R) Core(TM) Ultra 7 155H,cpu,intel_r_core_tm_ultra_7_155h_cpu,4119.146306706363,20595.731533531816,61787.19460059545,7.768600000417791,6.623800007218961,8.338499996170867
GeneralizedAutoencoder,15,100,32.0,1,decoder,as_deployed,0.13151406233191665,0.1251554687087264,0.14987812494382524,2421669,9691778,0.0,float32,,,,,,,Windows-11-10.0.26200-SP0,3.14.7,2.14.0+cpu,22,16,31.4,Intel(R) Core(TM) Ultra 7 155H,Intel(R) Core(TM) Ultra 7 155H,cpu,intel_r_core_tm_ultra_7_155h_cpu,7603.749608739094,38018.748043695465,114056.24413108641,4.208449994621333,4.004974998679245,4.796099998202408
GeneralizedAutoencoder,15,100,1.0,1,encoder,flushed,0.2950999987660907,0.2794000029098242,0.3359499969519675,2421669,9691778,0.0,float32,,,,,,,Windows-11-10.0.26200-SP0,3.14.7,2.14.0+cpu,22,16,31.4,Intel(R) Core(TM) Ultra 7 155H,Intel(R) Core(TM) Ultra 7 155H,cpu,intel_r_core_tm_ultra_7_155h_cpu,3388.681816947902,16943.40908473951,50830.22725421853,0.2950999987660907,0.2794000029098242,0.3359499969519675
GeneralizedAutoencoder,15,100,1.0,1,decoder,flushed,0.2940499980468303,0.2827000025718007,0.3178749939252157,2421669,9691778,0.0,float32,,,,,,,Windows-11-10.0.26200-SP0,3.14.7,2.14.0+cpu,22,16,31.4,Intel(R) Core(TM) Ultra 7 155H,Intel(R) Core(TM) Ultra 7 155H,cpu,intel_r_core_tm_ultra_7_155h_cpu,3400.782202490409,17003.911012452045,51011.733037356134,0.2940499980468303,0.2827000025718007,0.3178749939252157
GeneralizedAutoencoder,15,100,32.0,1,encoder,flushed,0.14877031253490713,0.1450070315058838,0.15961015606080764,2421669,9691778,0.0,float32,,,,,,,Windows-11-10.0.26200-SP0,3.14.7,2.14.0+cpu,22,16,31.4,Intel(R) Core(TM) Ultra 7 155H,Intel(R) Core(TM) Ultra 7 155H,cpu,intel_r_core_tm_ultra_7_155h_cpu,6721.771185130516,33608.85592565258,100826.56777695775,4.760650001117028,4.640225008188281,5.1075249939458445
GeneralizedAutoencoder,15,100,32.0,1,decoder,flushed,0.10620312468745396,0.10294687490386425,0.12588749996211848,2421669,9691778,0.0,float32,,,,,,,Windows-11-10.0.26200-SP0,3.14.7,2.14.0+cpu,22,16,31.4,Intel(R) Core(TM) Ultra 7 155H,Intel(R) Core(TM) Ultra 7 155H,cpu,intel_r_core_tm_ultra_7_155h_cpu,9415.91881541064,47079.594077053196,141238.7822311596,3.398499989998527,3.294299996923656,4.028399998787791
GeneralizedAutoencoder,15,100,32.0,1,memory,,,,,2421669,9691778,0.0,float32,0.0,,,,,,Windows-11-10.0.26200-SP0,3.14.7,2.14.0+cpu,22,16,31.4,Intel(R) Core(TM) Ultra 7 155H,Intel(R) Core(TM) Ultra 7 155H,cpu,intel_r_core_tm_ultra_7_155h_cpu,,,,,,
GeneralizedAutoencoder,15,100,,1,quantize,,0.0122000055853277,0.0120999902719631,0.0124000071082264,2421669,9691778,0.0,float32,,calibrated,506.88,5.0,,,Windows-11-10.0.26200-SP0,3.14.7,2.14.0+cpu,22,16,31.4,Intel(R) Core(TM) Ultra 7 155H,Intel(R) Core(TM) Ultra 7 155H,cpu,intel_r_core_tm_ultra_7_155h_cpu,81967.1755890544,409835.87794527196,1229507.633835816,0.0122000055853277,0.0120999902719631,0.0124000071082264
GeneralizedAutoencoder,15,100,,1,entropy_encode,,0.383000005967915,0.37930000689812,0.3960500034736469,2421669,9691778,0.0,float32,,calibrated,506.88,5.0,,,Windows-11-10.0.26200-SP0,3.14.7,2.14.0+cpu,22,16,31.4,Intel(R) Core(TM) Ultra 7 155H,Intel(R) Core(TM) Ultra 7 155H,cpu,intel_r_core_tm_ultra_7_155h_cpu,2610.9660167571196,13054.830083785597,39164.490251356794,0.383000005967915,0.37930000689812,0.3960500034736469
GeneralizedAutoencoder,15,100,,1,entropy_roundtrip,,0.7631500047864392,0.7508999988203868,0.7955250002851244,2421669,9691778,0.0,float32,,calibrated,506.88,5.0,,,Windows-11-10.0.26200-SP0,3.14.7,2.14.0+cpu,22,16,31.4,Intel(R) Core(TM) Ultra 7 155H,Intel(R) Core(TM) Ultra 7 155H,cpu,intel_r_core_tm_ultra_7_155h_cpu,1310.358374799252,6551.79187399626,19655.37562198878,0.7631500047864392,0.7508999988203868,0.7955250002851244
GeneralizedAutoencoder,15,100,,1,dequantize,,0.0011000083759427,0.0010999938240274,0.0011000083759427,2421669,9691778,0.0,float32,,calibrated,506.88,5.0,,,Windows-11-10.0.26200-SP0,3.14.7,2.14.0+cpu,22,16,31.4,Intel(R) Core(TM) Ultra 7 155H,Intel(R) Core(TM) Ultra 7 155H,cpu,intel_r_core_tm_ultra_7_155h_cpu,909083.986876924,4545419.93438462,13636259.803153861,0.0011000083759427,0.0010999938240274,0.0011000083759427
GeneralizedAutoencoder,20,75,1.0,1,encoder,as_deployed,0.2352000010432675,0.2303000073879957,0.2453000051900744,1821644,7291714,0.0,float32,,,,,,,Windows-11-10.0.26200-SP0,3.14.7,2.14.0+cpu,22,16,31.4,Intel(R) Core(TM) Ultra 7 155H,Intel(R) Core(TM) Ultra 7 155H,cpu,intel_r_core_tm_ultra_7_155h_cpu,4251.700661413006,21258.503307065028,63775.50992119508,0.2352000010432675,0.2303000073879957,0.2453000051900744
GeneralizedAutoencoder,20,75,1.0,1,decoder,as_deployed,0.2454000059515237,0.2414000045973807,0.2550999925006181,1821644,7291714,0.0,float32,,,,,,,Windows-11-10.0.26200-SP0,3.14.7,2.14.0+cpu,22,16,31.4,Intel(R) Core(TM) Ultra 7 155H,Intel(R) Core(TM) Ultra 7 155H,cpu,intel_r_core_tm_ultra_7_155h_cpu,4074.9795262740945,20374.89763137047,61124.69289411142,0.2454000059515237,0.2414000045973807,0.2550999925006181
GeneralizedAutoencoder,20,75,32.0,1,encoder,as_deployed,0.13692500033357646,0.1347562501905486,0.14180312518874416,1821644,7291714,0.0,float32,,,,,,,Windows-11-10.0.26200-SP0,3.14.7,2.14.0+cpu,22,16,31.4,Intel(R) Core(TM) Ultra 7 155H,Intel(R) Core(TM) Ultra 7 155H,cpu,intel_r_core_tm_ultra_7_155h_cpu,7303.268194732895,36516.34097366447,109549.02292099342,4.381600010674447,4.312200006097555,4.537700006039813
GeneralizedAutoencoder,20,75,32.0,1,decoder,as_deployed,0.09865781248663552,0.09614062491891676,0.1032414063502074,1821644,7291714,0.0,float32,,,,,,,Windows-11-10.0.26200-SP0,3.14.7,2.14.0+cpu,22,16,31.4,Intel(R) Core(TM) Ultra 7 155H,Intel(R) Core(TM) Ultra 7 155H,cpu,intel_r_core_tm_ultra_7_155h_cpu,10136.044726670409,50680.22363335204,152040.67090005614,3.1570499995723367,3.076499997405336,3.3037250032066368
GeneralizedAutoencoder,20,75,1.0,1,encoder,flushed,0.2428000007057562,0.2379999932600185,0.2534999948693439,1821644,7291714,0.0,float32,,,,,,,Windows-11-10.0.26200-SP0,3.14.7,2.14.0+cpu,22,16,31.4,Intel(R) Core(TM) Ultra 7 155H,Intel(R) Core(TM) Ultra 7 155H,cpu,intel_r_core_tm_ultra_7_155h_cpu,4118.616133003547,20593.080665017733,61779.2419950532,0.2428000007057562,0.2379999932600185,0.2534999948693439
GeneralizedAutoencoder,20,75,1.0,1,decoder,flushed,0.240900000790134,0.2350750000914558,0.2589999930933118,1821644,7291714,0.0,float32,,,,,,,Windows-11-10.0.26200-SP0,3.14.7,2.14.0+cpu,22,16,31.4,Intel(R) Core(TM) Ultra 7 155H,Intel(R) Core(TM) Ultra 7 155H,cpu,intel_r_core_tm_ultra_7_155h_cpu,4151.100027895703,20755.50013947851,62266.50041843554,0.240900000790134,0.2350750000914558,0.2589999930933118
GeneralizedAutoencoder,20,75,32.0,1,encoder,flushed,0.13367343740355864,0.13033437494414102,0.13951406242540543,1821644,7291714,0.0,float32,,,,,,,Windows-11-10.0.26200-SP0,3.14.7,2.14.0+cpu,22,16,31.4,Intel(R) Core(TM) Ultra 7 155H,Intel(R) Core(TM) Ultra 7 155H,cpu,intel_r_core_tm_ultra_7_155h_cpu,7480.917820501698,37404.589102508486,112213.76730752547,4.277549996913876,4.170699998212513,4.464449997612974
GeneralizedAutoencoder,20,75,32.0,1,decoder,flushed,0.1026156251100474,0.09897968743644014,0.10742812492026133,1821644,7291714,0.0,float32,,,,,,,Windows-11-10.0.26200-SP0,3.14.7,2.14.0+cpu,22,16,31.4,Intel(R) Core(TM) Ultra 7 155H,Intel(R) Core(TM) Ultra 7 155H,cpu,intel_r_core_tm_ultra_7_155h_cpu,9745.104597156393,48725.52298578196,146176.5689573459,3.283700003521517,3.1673499979660846,3.4376999974483624
GeneralizedAutoencoder,20,75,32.0,1,memory,,,,,1821644,7291714,0.0,float32,0.0,,,,,,Windows-11-10.0.26200-SP0,3.14.7,2.14.0+cpu,22,16,31.4,Intel(R) Core(TM) Ultra 7 155H,Intel(R) Core(TM) Ultra 7 155H,cpu,intel_r_core_tm_ultra_7_155h_cpu,,,,,,
GeneralizedAutoencoder,20,75,,1,quantize,,0.010799994925037,0.0106000079540535,0.0110000109998509,1821644,7291714,0.0,float32,,calibrated,387.2,5.0,,,Windows-11-10.0.26200-SP0,3.14.7,2.14.0+cpu,22,16,31.4,Intel(R) Core(TM) Ultra 7 155H,Intel(R) Core(TM) Ultra 7 155H,cpu,intel_r_core_tm_ultra_7_155h_cpu,92592.63610224095,462963.18051120476,1388889.5415336143,0.010799994925037,0.0106000079540535,0.0110000109998509
GeneralizedAutoencoder,20,75,,1,entropy_encode,,0.2739000046858564,0.2680000034160912,0.2817000058712438,1821644,7291714,0.0,float32,,calibrated,387.2,5.0,,,Windows-11-10.0.26200-SP0,3.14.7,2.14.0+cpu,22,16,31.4,Intel(R) Core(TM) Ultra 7 155H,Intel(R) Core(TM) Ultra 7 155H,cpu,intel_r_core_tm_ultra_7_155h_cpu,3650.967443928773,18254.83721964386,54764.51165893159,0.2739000046858564,0.2680000034160912,0.2817000058712438
GeneralizedAutoencoder,20,75,,1,entropy_roundtrip,,0.5567000043811277,0.5520999984582886,0.5631999956676736,1821644,7291714,0.0,float32,,calibrated,387.2,5.0,,,Windows-11-10.0.26200-SP0,3.14.7,2.14.0+cpu,22,16,31.4,Intel(R) Core(TM) Ultra 7 155H,Intel(R) Core(TM) Ultra 7 155H,cpu,intel_r_core_tm_ultra_7_155h_cpu,1796.2996086405283,8981.49804320264,26944.494129607923,0.5567000043811277,0.5520999984582886,0.5631999956676736
GeneralizedAutoencoder,20,75,,1,dequantize,,0.0011000083759427,0.0010999938240274,0.0011000083759427,1821644,7291714,0.0,float32,,calibrated,387.2,5.0,,,Windows-11-10.0.26200-SP0,3.14.7,2.14.0+cpu,22,16,31.4,Intel(R) Core(TM) Ultra 7 155H,Intel(R) Core(TM) Ultra 7 155H,cpu,intel_r_core_tm_ultra_7_155h_cpu,909083.986876924,4545419.93438462,13636259.803153861,0.0011000083759427,0.0010999938240274,0.0011000083759427
GeneralizedAutoencoder,30,50,1.0,1,encoder,as_deployed,0.2198000001953914,0.2081249986076727,0.2471749940013978,1221619,4891586,0.0,float32,,,,,,,Windows-11-10.0.26200-SP0,3.14.7,2.14.0+cpu,22,16,31.4,Intel(R) Core(TM) Ultra 7 155H,Intel(R) Core(TM) Ultra 7 155H,cpu,intel_r_core_tm_ultra_7_155h_cpu,4549.590532807321,22747.952664036606,68243.85799210981,0.2198000001953914,0.2081249986076727,0.2471749940013978
GeneralizedAutoencoder,30,50,1.0,1,decoder,as_deployed,0.2533000078983605,0.239699991652742,0.2763499942375347,1221619,4891586,0.0,float32,,,,,,,Windows-11-10.0.26200-SP0,3.14.7,2.14.0+cpu,22,16,31.4,Intel(R) Core(TM) Ultra 7 155H,Intel(R) Core(TM) Ultra 7 155H,cpu,intel_r_core_tm_ultra_7_155h_cpu,3947.8877568817975,19739.438784408987,59218.31635322696,0.2533000078983605,0.239699991652742,0.2763499942375347
GeneralizedAutoencoder,30,50,32.0,1,encoder,as_deployed,0.15602031226080726,0.14633281273290777,0.17701171873341082,1221619,4891586,0.0,float32,,,,,,,Windows-11-10.0.26200-SP0,3.14.7,2.14.0+cpu,22,16,31.4,Intel(R) Core(TM) Ultra 7 155H,Intel(R) Core(TM) Ultra 7 155H,cpu,intel_r_core_tm_ultra_7_155h_cpu,6409.421859945878,32047.10929972939,96141.32789918818,4.992649992345832,4.682650007453049,5.664374999469146
GeneralizedAutoencoder,30,50,32.0,1,decoder,as_deployed,0.11806562497440609,0.10571562506811462,0.13373749993661477,1221619,4891586,0.0,float32,,,,,,,Windows-11-10.0.26200-SP0,3.14.7,2.14.0+cpu,22,16,31.4,Intel(R) Core(TM) Ultra 7 155H,Intel(R) Core(TM) Ultra 7 155H,cpu,intel_r_core_tm_ultra_7_155h_cpu,8469.865807399716,42349.32903699858,127047.98711099573,3.778099999180995,3.382900002179668,4.279599997971673
GeneralizedAutoencoder,30,50,1.0,1,encoder,flushed,0.2781000002869405,0.257025003520539,0.3028000064659863,1221619,4891586,0.0,float32,,,,,,,Windows-11-10.0.26200-SP0,3.14.7,2.14.0+cpu,22,16,31.4,Intel(R) Core(TM) Ultra 7 155H,Intel(R) Core(TM) Ultra 7 155H,cpu,intel_r_core_tm_ultra_7_155h_cpu,3595.828834837149,17979.14417418574,53937.43252255723,0.2781000002869405,0.257025003520539,0.3028000064659863
GeneralizedAutoencoder,30,50,1.0,1,decoder,flushed,0.2804000105243176,0.2585000038379803,0.3397999971639365,1221619,4891586,0.0,float32,,,,,,,Windows-11-10.0.26200-SP0,3.14.7,2.14.0+cpu,22,16,31.4,Intel(R) Core(TM) Ultra 7 155H,Intel(R) Core(TM) Ultra 7 155H,cpu,intel_r_core_tm_ultra_7_155h_cpu,3566.3336749884866,17831.66837494243,53495.0051248273,0.2804000105243176,0.2585000038379803,0.3397999971639365
GeneralizedAutoencoder,30,50,32.0,1,encoder,flushed,0.16702187531336676,0.15127812503124005,0.18136562516701815,1221619,4891586,0.0,float32,,,,,,,Windows-11-10.0.26200-SP0,3.14.7,2.14.0+cpu,22,16,31.4,Intel(R) Core(TM) Ultra 7 155H,Intel(R) Core(TM) Ultra 7 155H,cpu,intel_r_core_tm_ultra_7_155h_cpu,5987.23968416591,29936.19842082955,89808.59526248864,5.344700010027736,4.840900000999682,5.803700005344581
GeneralizedAutoencoder,30,50,32.0,1,decoder,flushed,0.18457812484484748,0.17725312500260773,0.19961328155204683,1221619,4891586,0.0,float32,,,,,,,Windows-11-10.0.26200-SP0,3.14.7,2.14.0+cpu,22,16,31.4,Intel(R) Core(TM) Ultra 7 155H,Intel(R) Core(TM) Ultra 7 155H,cpu,intel_r_core_tm_ultra_7_155h_cpu,5417.7600993648575,27088.800496824286,81266.40149047287,5.906499995035119,5.672100000083447,6.3876250096654985
GeneralizedAutoencoder,30,50,32.0,1,memory,,,,,1221619,4891586,0.0,float32,131072.0,,,,,,Windows-11-10.0.26200-SP0,3.14.7,2.14.0+cpu,22,16,31.4,Intel(R) Core(TM) Ultra 7 155H,Intel(R) Core(TM) Ultra 7 155H,cpu,intel_r_core_tm_ultra_7_155h_cpu,,,,,,
GeneralizedAutoencoder,30,50,,1,quantize,,0.0176000030478462,0.0175000022863969,0.0178000045707449,1221619,4891586,0.0,float32,,calibrated,259.2,5.0,,,Windows-11-10.0.26200-SP0,3.14.7,2.14.0+cpu,22,16,31.4,Intel(R) Core(TM) Ultra 7 155H,Intel(R) Core(TM) Ultra 7 155H,cpu,intel_r_core_tm_ultra_7_155h_cpu,56818.171978804006,284090.85989402,852272.57968206,0.0176000030478462,0.0175000022863969,0.0178000045707449
GeneralizedAutoencoder,30,50,,1,entropy_encode,,0.334749995090533,0.3326000005472451,0.3419999993639067,1221619,4891586,0.0,float32,,calibrated,259.2,5.0,,,Windows-11-10.0.26200-SP0,3.14.7,2.14.0+cpu,22,16,31.4,Intel(R) Core(TM) Ultra 7 155H,Intel(R) Core(TM) Ultra 7 155H,cpu,intel_r_core_tm_ultra_7_155h_cpu,2987.304001989755,14936.520009948774,44809.560029846325,0.334749995090533,0.3326000005472451,0.3419999993639067
GeneralizedAutoencoder,30,50,,1,entropy_roundtrip,,0.672849993861746,0.6685999978799373,0.680274999467656,1221619,4891586,0.0,float32,,calibrated,259.2,5.0,,,Windows-11-10.0.26200-SP0,3.14.7,2.14.0+cpu,22,16,31.4,Intel(R) Core(TM) Ultra 7 155H,Intel(R) Core(TM) Ultra 7 155H,cpu,intel_r_core_tm_ultra_7_155h_cpu,1486.2153661629893,7431.076830814946,22293.23049244484,0.672849993861746,0.6685999978799373,0.680274999467656
GeneralizedAutoencoder,30,50,,1,dequantize,,0.0021000014385208,0.0021000014385208,0.0022000021999701,1221619,4891586,0.0,float32,,calibrated,259.2,5.0,,,Windows-11-10.0.26200-SP0,3.14.7,2.14.0+cpu,22,16,31.4,Intel(R) Core(TM) Ultra 7 155H,Intel(R) Core(TM) Ultra 7 155H,cpu,intel_r_core_tm_ultra_7_155h_cpu,476190.14999550686,2380950.749977534,7142852.249932603,0.0021000014385208,0.0021000014385208,0.0022000021999701
GeneralizedAutoencoder,50,30,1.0,1,encoder,as_deployed,0.3305999998701736,0.3055999986827373,0.3609999985201284,741599,2971522,0.0,float32,,,,,,,Windows-11-10.0.26200-SP0,3.14.7,2.14.0+cpu,22,16,31.4,Intel(R) Core(TM) Ultra 7 155H,Intel(R) Core(TM) Ultra 7 155H,cpu,intel_r_core_tm_ultra_7_155h_cpu,3024.8033889676326,15124.016944838162,45372.05083451449,0.3305999998701736,0.3055999986827373,0.3609999985201284
GeneralizedAutoencoder,50,30,1.0,1,decoder,as_deployed,0.2842999965650961,0.2693999995244667,0.3399500092200469,741599,2971522,0.0,float32,,,,,,,Windows-11-10.0.26200-SP0,3.14.7,2.14.0+cpu,22,16,31.4,Intel(R) Core(TM) Ultra 7 155H,Intel(R) Core(TM) Ultra 7 155H,cpu,intel_r_core_tm_ultra_7_155h_cpu,3517.4112278648245,17587.056139324122,52761.16841797237,0.2842999965650961,0.2693999995244667,0.3399500092200469
GeneralizedAutoencoder,50,30,32.0,1,encoder,as_deployed,0.10803593750097207,0.105342968822697,0.14330546889596008,741599,2971522,0.0,float32,,,,,,,Windows-11-10.0.26200-SP0,3.14.7,2.14.0+cpu,22,16,31.4,Intel(R) Core(TM) Ultra 7 155H,Intel(R) Core(TM) Ultra 7 155H,cpu,intel_r_core_tm_ultra_7_155h_cpu,9256.179222686917,46280.89611343458,138842.68834030375,3.457150000031106,3.370975002326304,4.585775004670722
GeneralizedAutoencoder,50,30,32.0,1,decoder,as_deployed,0.0760156249270949,0.07323437512241071,0.09186562510876684,741599,2971522,0.0,float32,,,,,,,Windows-11-10.0.26200-SP0,3.14.7,2.14.0+cpu,22,16,31.4,Intel(R) Core(TM) Ultra 7 155H,Intel(R) Core(TM) Ultra 7 155H,cpu,intel_r_core_tm_ultra_7_155h_cpu,13155.190146224284,65775.95073112141,197327.85219336426,2.432499997667037,2.3435000039171427,2.9397000034805387
GeneralizedAutoencoder,50,30,1.0,1,encoder,flushed,0.1619999966351315,0.15999999595806,0.1774999982444569,741599,2971522,0.0,float32,,,,,,,Windows-11-10.0.26200-SP0,3.14.7,2.14.0+cpu,22,16,31.4,Intel(R) Core(TM) Ultra 7 155H,Intel(R) Core(TM) Ultra 7 155H,cpu,intel_r_core_tm_ultra_7_155h_cpu,6172.839634387615,30864.19817193807,92592.59451581421,0.1619999966351315,0.15999999595806,0.1774999982444569
GeneralizedAutoencoder,50,30,1.0,1,decoder,flushed,0.1705000031506642,0.1677999971434474,0.1844749967858661,741599,2971522,0.0,float32,,,,,,,Windows-11-10.0.26200-SP0,3.14.7,2.14.0+cpu,22,16,31.4,Intel(R) Core(TM) Ultra 7 155H,Intel(R) Core(TM) Ultra 7 155H,cpu,intel_r_core_tm_ultra_7_155h_cpu,5865.102530915141,29325.512654575705,87976.53796372711,0.1705000031506642,0.1677999971434474,0.1844749967858661
GeneralizedAutoencoder,50,30,32.0,1,encoder,flushed,0.1124687501032895,0.10817968723131344,0.12886874992545927,741599,2971522,0.0,float32,,,,,,,Windows-11-10.0.26200-SP0,3.14.7,2.14.0+cpu,22,16,31.4,Intel(R) Core(TM) Ultra 7 155H,Intel(R) Core(TM) Ultra 7 155H,cpu,intel_r_core_tm_ultra_7_155h_cpu,8891.358702587306,44456.79351293653,133370.38053880958,3.599000003305264,3.46174999140203,4.123799997614697
GeneralizedAutoencoder,50,30,32.0,1,decoder,flushed,0.07558437528132345,0.07350156261054508,0.08488593744004902,741599,2971522,0.0,float32,,,,,,,Windows-11-10.0.26200-SP0,3.14.7,2.14.0+cpu,22,16,31.4,Intel(R) Core(TM) Ultra 7 155H,Intel(R) Core(TM) Ultra 7 155H,cpu,intel_r_core_tm_ultra_7_155h_cpu,13230.247604455566,66151.23802227783,198453.7140668335,2.4187000090023503,2.3520500035374425,2.7163499980815686
GeneralizedAutoencoder,50,30,32.0,1,memory,,,,,741599,2971522,0.0,float32,65536.0,,,,,,Windows-11-10.0.26200-SP0,3.14.7,2.14.0+cpu,22,16,31.4,Intel(R) Core(TM) Ultra 7 155H,Intel(R) Core(TM) Ultra 7 155H,cpu,intel_r_core_tm_ultra_7_155h_cpu,,,,,,
GeneralizedAutoencoder,50,30,,1,quantize,,0.0065000058384612,0.0064000050770118,0.006799993570894,741599,2971522,0.0,float32,,calibrated,160.0,5.0,,,Windows-11-10.0.26200-SP0,3.14.7,2.14.0+cpu,22,16,31.4,Intel(R) Core(TM) Ultra 7 155H,Intel(R) Core(TM) Ultra 7 155H,cpu,intel_r_core_tm_ultra_7_155h_cpu,153846.0156578472,769230.078289236,2307690.234867708,0.0065000058384612,0.0064000050770118,0.006799993570894
GeneralizedAutoencoder,50,30,,1,entropy_encode,,0.0981000048341229,0.0947000080486759,0.1062000083038583,741599,2971522,0.0,float32,,calibrated,160.0,5.0,,,Windows-11-10.0.26200-SP0,3.14.7,2.14.0+cpu,22,16,31.4,Intel(R) Core(TM) Ultra 7 155H,Intel(R) Core(TM) Ultra 7 155H,cpu,intel_r_core_tm_ultra_7_155h_cpu,10193.679416131508,50968.39708065754,152905.1912419726,0.0981000048341229,0.0947000080486759,0.1062000083038583
GeneralizedAutoencoder,50,30,,1,entropy_roundtrip,,0.1979000080609694,0.1919000060297548,0.2112749971274752,741599,2971522,0.0,float32,,calibrated,160.0,5.0,,,Windows-11-10.0.26200-SP0,3.14.7,2.14.0+cpu,22,16,31.4,Intel(R) Core(TM) Ultra 7 155H,Intel(R) Core(TM) Ultra 7 155H,cpu,intel_r_core_tm_ultra_7_155h_cpu,5053.056893721389,25265.284468606944,75795.85340582085,0.1979000080609694,0.1919000060297548,0.2112749971274752
GeneralizedAutoencoder,50,30,,1,dequantize,,0.0010000076144933,0.0009999930625781,0.0018999999156221,741599,2971522,0.0,float32,,calibrated,160.0,5.0,,,Windows-11-10.0.26200-SP0,3.14.7,2.14.0+cpu,22,16,31.4,Intel(R) Core(TM) Ultra 7 155H,Intel(R) Core(TM) Ultra 7 155H,cpu,intel_r_core_tm_ultra_7_155h_cpu,999992.3855646801,4999961.9278234,14999885.7834702,0.0010000076144933,0.0009999930625781,0.0018999999156221
GeneralizedAutoencoder,60,25,1.0,1,encoder,as_deployed,0.1831999979913234,0.1740000006975606,0.2105500025209039,621594,2491458,0.0,float32,,,,,,,Windows-11-10.0.26200-SP0,3.14.7,2.14.0+cpu,22,16,31.4,Intel(R) Core(TM) Ultra 7 155H,Intel(R) Core(TM) Ultra 7 155H,cpu,intel_r_core_tm_ultra_7_155h_cpu,5458.515343692096,27292.57671846048,81877.73015538145,0.1831999979913234,0.1740000006975606,0.2105500025209039
GeneralizedAutoencoder,60,25,1.0,1,decoder,as_deployed,0.2280000044265762,0.2131999935954809,0.2647000073920935,621594,2491458,0.0,float32,,,,,,,Windows-11-10.0.26200-SP0,3.14.7,2.14.0+cpu,22,16,31.4,Intel(R) Core(TM) Ultra 7 155H,Intel(R) Core(TM) Ultra 7 155H,cpu,intel_r_core_tm_ultra_7_155h_cpu,4385.9648271280375,21929.824135640185,65789.47240692055,0.2280000044265762,0.2131999935954809,0.2647000073920935
GeneralizedAutoencoder,60,25,32.0,1,encoder,as_deployed,0.15501406255680195,0.13816015643897117,0.19642500001282315,621594,2491458,0.0,float32,,,,,,,Windows-11-10.0.26200-SP0,3.14.7,2.14.0+cpu,22,16,31.4,Intel(R) Core(TM) Ultra 7 155H,Intel(R) Core(TM) Ultra 7 155H,cpu,intel_r_core_tm_ultra_7_155h_cpu,6451.027626177909,32255.138130889543,96765.41439266864,4.960450001817662,4.4211250060470775,6.285600000410341
GeneralizedAutoencoder,60,25,32.0,1,decoder,as_deployed,0.09379062521475134,0.08909375037546852,0.11518749988681524,621594,2491458,0.0,float32,,,,,,,Windows-11-10.0.26200-SP0,3.14.7,2.14.0+cpu,22,16,31.4,Intel(R) Core(TM) Ultra 7 155H,Intel(R) Core(TM) Ultra 7 155H,cpu,intel_r_core_tm_ultra_7_155h_cpu,10662.046422127065,53310.23211063532,159930.69633190596,3.001300006872043,2.8510000120149925,3.685999996378088
GeneralizedAutoencoder,60,25,1.0,1,encoder,flushed,0.1901999930851161,0.1818000018829479,0.2435249953123275,621594,2491458,0.0,float32,,,,,,,Windows-11-10.0.26200-SP0,3.14.7,2.14.0+cpu,22,16,31.4,Intel(R) Core(TM) Ultra 7 155H,Intel(R) Core(TM) Ultra 7 155H,cpu,intel_r_core_tm_ultra_7_155h_cpu,5257.623745298937,26288.118726494686,78864.35617948405,0.1901999930851161,0.1818000018829479,0.2435249953123275
GeneralizedAutoencoder,60,25,1.0,1,decoder,flushed,0.1867999962996691,0.1811999973142519,0.2072999959636945,621594,2491458,0.0,float32,,,,,,,Windows-11-10.0.26200-SP0,3.14.7,2.14.0+cpu,22,16,31.4,Intel(R) Core(TM) Ultra 7 155H,Intel(R) Core(TM) Ultra 7 155H,cpu,intel_r_core_tm_ultra_7_155h_cpu,5353.319163860024,26766.595819300117,80299.78745790035,0.1867999962996691,0.1811999973142519,0.2072999959636945
GeneralizedAutoencoder,60,25,32.0,1,encoder,flushed,0.12090625000382715,0.1173117188955075,0.13161484366719378,621594,2491458,0.0,float32,,,,,,,Windows-11-10.0.26200-SP0,3.14.7,2.14.0+cpu,22,16,31.4,Intel(R) Core(TM) Ultra 7 155H,Intel(R) Core(TM) Ultra 7 155H,cpu,intel_r_core_tm_ultra_7_155h_cpu,8270.871025843131,41354.355129215655,124063.06538764697,3.869000000122469,3.75397500465624,4.211674997350201
GeneralizedAutoencoder,60,25,32.0,1,decoder,flushed,0.08735468782106182,0.08214296883579664,0.11356328116107763,621594,2491458,0.0,float32,,,,,,,Windows-11-10.0.26200-SP0,3.14.7,2.14.0+cpu,22,16,31.4,Intel(R) Core(TM) Ultra 7 155H,Intel(R) Core(TM) Ultra 7 155H,cpu,intel_r_core_tm_ultra_7_155h_cpu,11447.582550445486,57237.91275222743,171713.7382566823,2.795350010273978,2.6285750027454924,3.634024997154484
GeneralizedAutoencoder,60,25,32.0,1,memory,,,,,621594,2491458,0.0,float32,0.0,,,,,,Windows-11-10.0.26200-SP0,3.14.7,2.14.0+cpu,22,16,31.4,Intel(R) Core(TM) Ultra 7 155H,Intel(R) Core(TM) Ultra 7 155H,cpu,intel_r_core_tm_ultra_7_155h_cpu,,,,,,
GeneralizedAutoencoder,60,25,,1,quantize,,0.0073000119300559,0.0071999966166913,0.0090000103227794,621594,2491458,0.0,float32,,calibrated,135.04,5.0,,,Windows-11-10.0.26200-SP0,3.14.7,2.14.0+cpu,22,16,31.4,Intel(R) Core(TM) Ultra 7 155H,Intel(R) Core(TM) Ultra 7 155H,cpu,intel_r_core_tm_ultra_7_155h_cpu,136986.077499786,684930.38749893,2054791.1624967903,0.0073000119300559,0.0071999966166913,0.0090000103227794
GeneralizedAutoencoder,60,25,,1,entropy_encode,,0.083699997048825,0.083099992480129,0.0876000085554551,621594,2491458,0.0,float32,,calibrated,135.04,5.0,,,Windows-11-10.0.26200-SP0,3.14.7,2.14.0+cpu,22,16,31.4,Intel(R) Core(TM) Ultra 7 155H,Intel(R) Core(TM) Ultra 7 155H,cpu,intel_r_core_tm_ultra_7_155h_cpu,11947.431723524036,59737.158617620174,179211.47585286055,0.083699997048825,0.083099992480129,0.0876000085554551
GeneralizedAutoencoder,60,25,,1,entropy_roundtrip,,0.1693000085651874,0.1675999956205487,0.1752500102156773,621594,2491458,0.0,float32,,calibrated,135.04,5.0,,,Windows-11-10.0.26200-SP0,3.14.7,2.14.0+cpu,22,16,31.4,Intel(R) Core(TM) Ultra 7 155H,Intel(R) Core(TM) Ultra 7 155H,cpu,intel_r_core_tm_ultra_7_155h_cpu,5906.674243403592,29533.37121701796,88600.11365105389,0.1693000085651874,0.1675999956205487,0.1752500102156773
GeneralizedAutoencoder,60,25,,1,dequantize,,0.0011000083759427,0.0010999938240274,0.0020000006770715,621594,2491458,0.0,float32,,calibrated,135.04,5.0,,,Windows-11-10.0.26200-SP0,3.14.7,2.14.0+cpu,22,16,31.4,Intel(R) Core(TM) Ultra 7 155H,Intel(R) Core(TM) Ultra 7 155H,cpu,intel_r_core_tm_ultra_7_155h_cpu,909083.986876924,4545419.93438462,13636259.803153861,0.0011000083759427,0.0010999938240274,0.0020000006770715
GeneralizedAutoencoder,100,15,1.0,1,encoder,as_deployed,0.1549000007798895,0.1511000009486451,0.167699996381998,381584,1531474,0.0,float32,,,,,,,Windows-11-10.0.26200-SP0,3.14.7,2.14.0+cpu,22,16,31.4,Intel(R) Core(TM) Ultra 7 155H,Intel(R) Core(TM) Ultra 7 155H,cpu,intel_r_core_tm_ultra_7_155h_cpu,6455.777888736002,32278.889443680007,96836.66833104003,0.1549000007798895,0.1511000009486451,0.167699996381998
GeneralizedAutoencoder,100,15,1.0,1,decoder,as_deployed,0.1672000071266666,0.1645000011194497,0.1794750023691449,381584,1531474,0.0,float32,,,,,,,Windows-11-10.0.26200-SP0,3.14.7,2.14.0+cpu,22,16,31.4,Intel(R) Core(TM) Ultra 7 155H,Intel(R) Core(TM) Ultra 7 155H,cpu,intel_r_core_tm_ultra_7_155h_cpu,5980.860989093288,29904.304945466436,89712.91483639932,0.1672000071266666,0.1645000011194497,0.1794750023691449
GeneralizedAutoencoder,100,15,32.0,1,encoder,as_deployed,0.11268437538092255,0.10946249994958634,0.12790468758794304,381584,1531474,0.0,float32,,,,,,,Windows-11-10.0.26200-SP0,3.14.7,2.14.0+cpu,22,16,31.4,Intel(R) Core(TM) Ultra 7 155H,Intel(R) Core(TM) Ultra 7 155H,cpu,intel_r_core_tm_ultra_7_155h_cpu,8874.344793761886,44371.72396880943,133115.1719064283,3.6059000121895215,3.502799998386763,4.092950002814177
GeneralizedAutoencoder,100,15,32.0,1,decoder,as_deployed,0.0796562501363951,0.07665859357075533,0.09151484402991628,381584,1531474,0.0,float32,,,,,,,Windows-11-10.0.26200-SP0,3.14.7,2.14.0+cpu,22,16,31.4,Intel(R) Core(TM) Ultra 7 155H,Intel(R) Core(TM) Ultra 7 155H,cpu,intel_r_core_tm_ultra_7_155h_cpu,12553.942701140259,62769.71350570129,188309.14051710386,2.5490000043646432,2.4530749942641705,2.928475008957321
GeneralizedAutoencoder,100,15,1.0,1,encoder,flushed,0.1652999926591292,0.1594999921508133,0.1868499966803938,381584,1531474,0.0,float32,,,,,,,Windows-11-10.0.26200-SP0,3.14.7,2.14.0+cpu,22,16,31.4,Intel(R) Core(TM) Ultra 7 155H,Intel(R) Core(TM) Ultra 7 155H,cpu,intel_r_core_tm_ultra_7_155h_cpu,6049.6070442188975,30248.035221094487,90744.10566328345,0.1652999926591292,0.1594999921508133,0.1868499966803938
GeneralizedAutoencoder,100,15,1.0,1,decoder,flushed,0.1676000101724639,0.1629000034881755,0.1837250019889325,381584,1531474,0.0,float32,,,,,,,Windows-11-10.0.26200-SP0,3.14.7,2.14.0+cpu,22,16,31.4,Intel(R) Core(TM) Ultra 7 155H,Intel(R) Core(TM) Ultra 7 155H,cpu,intel_r_core_tm_ultra_7_155h_cpu,5966.586750030499,29832.933750152497,89498.80125045749,0.1676000101724639,0.1629000034881755,0.1837250019889325
GeneralizedAutoencoder,100,15,32.0,1,encoder,flushed,0.11285156256235497,0.10996562525633638,0.14664296850241954,381584,1531474,0.0,float32,,,,,,,Windows-11-10.0.26200-SP0,3.14.7,2.14.0+cpu,22,16,31.4,Intel(R) Core(TM) Ultra 7 155H,Intel(R) Core(TM) Ultra 7 155H,cpu,intel_r_core_tm_ultra_7_155h_cpu,8861.197641348212,44305.98820674106,132917.96462022318,3.611250001995359,3.518900008202764,4.692574992077425
GeneralizedAutoencoder,100,15,32.0,1,decoder,flushed,0.07754218768241117,0.07546796859969618,0.09595312508281495,381584,1531474,0.0,float32,,,,,,,Windows-11-10.0.26200-SP0,3.14.7,2.14.0+cpu,22,16,31.4,Intel(R) Core(TM) Ultra 7 155H,Intel(R) Core(TM) Ultra 7 155H,cpu,intel_r_core_tm_ultra_7_155h_cpu,12896.20566414364,64481.02832071819,193443.0849621546,2.4813500058371574,2.4149749951902777,3.0705000026500784
GeneralizedAutoencoder,100,15,32.0,1,memory,,,,,381584,1531474,0.0,float32,114688.0,,,,,,Windows-11-10.0.26200-SP0,3.14.7,2.14.0+cpu,22,16,31.4,Intel(R) Core(TM) Ultra 7 155H,Intel(R) Core(TM) Ultra 7 155H,cpu,intel_r_core_tm_ultra_7_155h_cpu,,,,,,
GeneralizedAutoencoder,100,15,,1,quantize,,0.0065000058384612,0.0063999905250966,0.0067000073613598,381584,1531474,0.0,float32,,calibrated,96.0,5.0,,,Windows-11-10.0.26200-SP0,3.14.7,2.14.0+cpu,22,16,31.4,Intel(R) Core(TM) Ultra 7 155H,Intel(R) Core(TM) Ultra 7 155H,cpu,intel_r_core_tm_ultra_7_155h_cpu,153846.0156578472,769230.078289236,2307690.234867708,0.0065000058384612,0.0063999905250966,0.0067000073613598
GeneralizedAutoencoder,100,15,,1,entropy_encode,,0.0491999962832778,0.0487999932374805,0.0497000000905245,381584,1531474,0.0,float32,,calibrated,96.0,5.0,,,Windows-11-10.0.26200-SP0,3.14.7,2.14.0+cpu,22,16,31.4,Intel(R) Core(TM) Ultra 7 155H,Intel(R) Core(TM) Ultra 7 155H,cpu,intel_r_core_tm_ultra_7_155h_cpu,20325.204787462193,101626.02393731097,304878.0718119329,0.0491999962832778,0.0487999932374805,0.0497000000905245
GeneralizedAutoencoder,100,15,,1,entropy_roundtrip,,0.1016000023810193,0.0998000032268464,0.1094250001187902,381584,1531474,0.0,float32,,calibrated,96.0,5.0,,,Windows-11-10.0.26200-SP0,3.14.7,2.14.0+cpu,22,16,31.4,Intel(R) Core(TM) Ultra 7 155H,Intel(R) Core(TM) Ultra 7 155H,cpu,intel_r_core_tm_ultra_7_155h_cpu,9842.51945437767,49212.59727188835,147637.79181566506,0.1016000023810193,0.0998000032268464,0.1094250001187902
GeneralizedAutoencoder,100,15,,1,dequantize,,0.0010999938240274,0.0010999938240274,0.0018999999156221,381584,1531474,0.0,float32,,calibrated,96.0,5.0,,,Windows-11-10.0.26200-SP0,3.14.7,2.14.0+cpu,22,16,31.4,Intel(R) Core(TM) Ultra 7 155H,Intel(R) Core(TM) Ultra 7 155H,cpu,intel_r_core_tm_ultra_7_155h_cpu,909096.0132291531,4545480.066145766,13636440.198437298,0.0010999938240274,0.0010999938240274,0.0018999999156221
AE_PureConcat,2,750,1.0,1,encoder,as_deployed,3.082199997152202,2.8303500002948567,4.233149993524421,19127506,76516970,0.0,float32,,,,,,,Windows-11-10.0.26200-SP0,3.14.7,2.14.0+cpu,22,16,31.4,Intel(R) Core(TM) Ultra 7 155H,Intel(R) Core(TM) Ultra 7 155H,cpu,intel_r_core_tm_ultra_7_155h_cpu,324.443579561336,1622.2178978066797,4866.65369342004,3.082199997152202,2.8303500002948567,4.233149993524421
AE_PureConcat,2,750,1.0,1,decoder,as_deployed,0.0851999939186498,0.0823000009404495,0.1062999945133924,19127506,76516970,0.0,float32,,,,,,,Windows-11-10.0.26200-SP0,3.14.7,2.14.0+cpu,22,16,31.4,Intel(R) Core(TM) Ultra 7 155H,Intel(R) Core(TM) Ultra 7 155H,cpu,intel_r_core_tm_ultra_7_155h_cpu,11737.090039640316,58685.45019820158,176056.35059460474,0.0851999939186498,0.0823000009404495,0.1062999945133924
AE_PureConcat,2,750,32.0,1,encoder,as_deployed,0.7565859375517903,0.7361218747519163,0.8951460938533273,19127506,76516970,0.0,float32,,,,,,,Windows-11-10.0.26200-SP0,3.14.7,2.14.0+cpu,22,16,31.4,Intel(R) Core(TM) Ultra 7 155H,Intel(R) Core(TM) Ultra 7 155H,cpu,intel_r_core_tm_ultra_7_155h_cpu,1321.7269187369047,6608.634593684524,19825.90378105357,24.21075000165729,23.55589999206132,28.644675003306475
AE_PureConcat,2,750,32.0,1,decoder,as_deployed,0.025549999918439426,0.024887499876058428,0.027878124910785118,19127506,76516970,0.0,float32,,,,,,,Windows-11-10.0.26200-SP0,3.14.7,2.14.0+cpu,22,16,31.4,Intel(R) Core(TM) Ultra 7 155H,Intel(R) Core(TM) Ultra 7 155H,cpu,intel_r_core_tm_ultra_7_155h_cpu,39138.94337347142,195694.71686735708,587084.1506020713,0.8175999973900616,0.7963999960338697,0.8920999971451238
AE_PureConcat,2,750,1.0,1,encoder,flushed,3.114099992671981,2.873999997973442,3.792300005443394,19127506,76516970,0.0,float32,,,,,,,Windows-11-10.0.26200-SP0,3.14.7,2.14.0+cpu,22,16,31.4,Intel(R) Core(TM) Ultra 7 155H,Intel(R) Core(TM) Ultra 7 155H,cpu,intel_r_core_tm_ultra_7_155h_cpu,321.1200675486253,1605.6003377431264,4816.801013229379,3.114099992671981,2.873999997973442,3.792300005443394
AE_PureConcat,2,750,1.0,1,decoder,flushed,0.092000002041459,0.083699997048825,0.1112999889301136,19127506,76516970,0.0,float32,,,,,,,Windows-11-10.0.26200-SP0,3.14.7,2.14.0+cpu,22,16,31.4,Intel(R) Core(TM) Ultra 7 155H,Intel(R) Core(TM) Ultra 7 155H,cpu,intel_r_core_tm_ultra_7_155h_cpu,10869.564976198139,54347.82488099069,163043.47464297208,0.092000002041459,0.083699997048825,0.1112999889301136
AE_PureConcat,2,750,32.0,1,encoder,flushed,0.8548125001652807,0.7434234375978122,0.9522125000103188,19127506,76516970,0.0,float32,,,,,,,Windows-11-10.0.26200-SP0,3.14.7,2.14.0+cpu,22,16,31.4,Intel(R) Core(TM) Ultra 7 155H,Intel(R) Core(TM) Ultra 7 155H,cpu,intel_r_core_tm_ultra_7_155h_cpu,1169.847188484781,5849.235942423905,17547.707827271715,27.35400000528898,23.78955000312999,30.4708000003302
AE_PureConcat,2,750,32.0,1,decoder,flushed,0.026110937369594467,0.02486328128270543,0.029799218964399188,19127506,76516970,0.0,float32,,,,,,,Windows-11-10.0.26200-SP0,3.14.7,2.14.0+cpu,22,16,31.4,Intel(R) Core(TM) Ultra 7 155H,Intel(R) Core(TM) Ultra 7 155H,cpu,intel_r_core_tm_ultra_7_155h_cpu,38298.12717349914,191490.63586749567,574471.9076024871,0.8355499958270229,0.7956250010465737,0.953575006860774
AE_PureConcat,2,750,32.0,1,memory,,,,,19127506,76516970,0.0,float32,73728.0,,,,,,Windows-11-10.0.26200-SP0,3.14.7,2.14.0+cpu,22,16,31.4,Intel(R) Core(TM) Ultra 7 155H,Intel(R) Core(TM) Ultra 7 155H,cpu,intel_r_core_tm_ultra_7_155h_cpu,,,,,,
AE_PureConcat,2,750,,1,quantize,,0.0530000106664374,0.0528000091435387,0.0542000052519142,19127506,76516970,0.0,float32,,calibrated,3620.48,5.0,,,Windows-11-10.0.26200-SP0,3.14.7,2.14.0+cpu,22,16,31.4,Intel(R) Core(TM) Ultra 7 155H,Intel(R) Core(TM) Ultra 7 155H,cpu,intel_r_core_tm_ultra_7_155h_cpu,18867.920731066126,94339.60365533062,283018.81096599187,0.0530000106664374,0.0528000091435387,0.0542000052519142
AE_PureConcat,2,750,,1,entropy_encode,,2.8883000049972907,2.8658999945037067,4.147199986618944,19127506,76516970,0.0,float32,,calibrated,3620.48,5.0,,,Windows-11-10.0.26200-SP0,3.14.7,2.14.0+cpu,22,16,31.4,Intel(R) Core(TM) Ultra 7 155H,Intel(R) Core(TM) Ultra 7 155H,cpu,intel_r_core_tm_ultra_7_155h_cpu,346.2244220717432,1731.122110358716,5193.3663310761485,2.8883000049972907,2.8658999945037067,4.147199986618944
AE_PureConcat,2,750,,1,entropy_roundtrip,,6.386650005879346,5.791600000520703,8.833499996399041,19127506,76516970,0.0,float32,,calibrated,3620.48,5.0,,,Windows-11-10.0.26200-SP0,3.14.7,2.14.0+cpu,22,16,31.4,Intel(R) Core(TM) Ultra 7 155H,Intel(R) Core(TM) Ultra 7 155H,cpu,intel_r_core_tm_ultra_7_155h_cpu,156.57660887623902,782.8830443811951,2348.649133143585,6.386650005879346,5.791600000520703,8.833499996399041
AE_PureConcat,2,750,,1,dequantize,,0.0017999991541728,0.0017000129446387,0.0020000006770715,19127506,76516970,0.0,float32,,calibrated,3620.48,5.0,,,Windows-11-10.0.26200-SP0,3.14.7,2.14.0+cpu,22,16,31.4,Intel(R) Core(TM) Ultra 7 155H,Intel(R) Core(TM) Ultra 7 155H,cpu,intel_r_core_tm_ultra_7_155h_cpu,555555.816613456,2777779.08306728,8333337.24920184,0.0017999991541728,0.0017000129446387,0.0020000006770715
AE_PureConcat,3,500,1.0,1,encoder,as_deployed,2.028599999903236,1.8514000039431264,2.8212000033818185,12752256,51016234,0.0,float32,,,,,,,Windows-11-10.0.26200-SP0,3.14.7,2.14.0+cpu,22,16,31.4,Intel(R) Core(TM) Ultra 7 155H,Intel(R) Core(TM) Ultra 7 155H,cpu,intel_r_core_tm_ultra_7_155h_cpu,492.95080353332344,2464.754017666617,7394.262052999851,2.028599999903236,1.8514000039431264,2.8212000033818185
AE_PureConcat,3,500,1.0,1,decoder,as_deployed,0.057899989769794,0.0566000089747831,0.0653000024612993,12752256,51016234,0.0,float32,,,,,,,Windows-11-10.0.26200-SP0,3.14.7,2.14.0+cpu,22,16,31.4,Intel(R) Core(TM) Ultra 7 155H,Intel(R) Core(TM) Ultra 7 155H,cpu,intel_r_core_tm_ultra_7_155h_cpu,17271.160219128273,86355.80109564136,259067.40328692406,0.057899989769794,0.0566000089747831,0.0653000024612993
AE_PureConcat,3,500,32.0,1,encoder,as_deployed,0.6644687500738655,0.5859296873040875,0.7611921876105043,12752256,51016234,0.0,float32,,,,,,,Windows-11-10.0.26200-SP0,3.14.7,2.14.0+cpu,22,16,31.4,Intel(R) Core(TM) Ultra 7 155H,Intel(R) Core(TM) Ultra 7 155H,cpu,intel_r_core_tm_ultra_7_155h_cpu,1504.9616703401555,7524.808351700777,22574.425055102332,21.263000002363697,18.7497499937308,24.35815000353614
AE_PureConcat,3,500,32.0,1,decoder,as_deployed,0.018024999917543028,0.01662500017118873,0.019799999790848233,12752256,51016234,0.0,float32,,,,,,,Windows-11-10.0.26200-SP0,3.14.7,2.14.0+cpu,22,16,31.4,Intel(R) Core(TM) Ultra 7 155H,Intel(R) Core(TM) Ultra 7 155H,cpu,intel_r_core_tm_ultra_7_155h_cpu,55478.50233423519,277392.51167117595,832177.5350135278,0.5767999973613769,0.5320000054780394,0.6335999933071434
AE_PureConcat,3,500,1.0,1,encoder,flushed,2.3226999983307905,2.1774249944428448,2.905274996010121,12752256,51016234,0.0,float32,,,,,,,Windows-11-10.0.26200-SP0,3.14.7,2.14.0+cpu,22,16,31.4,Intel(R) Core(TM) Ultra 7 155H,Intel(R) Core(TM) Ultra 7 155H,cpu,intel_r_core_tm_ultra_7_155h_cpu,430.5334312303141,2152.6671561515705,6458.001468454711,2.3226999983307905,2.1774249944428448,2.905274996010121
AE_PureConcat,3,500,1.0,1,decoder,flushed,0.0718000082997605,0.0697999930707737,0.0862999913806561,12752256,51016234,0.0,float32,,,,,,,Windows-11-10.0.26200-SP0,3.14.7,2.14.0+cpu,22,16,31.4,Intel(R) Core(TM) Ultra 7 155H,Intel(R) Core(TM) Ultra 7 155H,cpu,intel_r_core_tm_ultra_7_155h_cpu,13927.574991705615,69637.87495852807,208913.6248755842,0.0718000082997605,0.0697999930707737,0.0862999913806561
AE_PureConcat,3,500,32.0,1,encoder,flushed,0.7420609374548803,0.7197968749323991,0.7974125001055654,12752256,51016234,0.0,float32,,,,,,,Windows-11-10.0.26200-SP0,3.14.7,2.14.0+cpu,22,16,31.4,Intel(R) Core(TM) Ultra 7 155H,Intel(R) Core(TM) Ultra 7 155H,cpu,intel_r_core_tm_ultra_7_155h_cpu,1347.598222094534,6737.99111047267,20213.973331418012,23.74594999855617,23.03349999783677,25.517200003378093
AE_PureConcat,3,500,32.0,1,decoder,flushed,0.024031250177358743,0.020887500340904808,0.025962499876186484,12752256,51016234,0.0,float32,,,,,,,Windows-11-10.0.26200-SP0,3.14.7,2.14.0+cpu,22,16,31.4,Intel(R) Core(TM) Ultra 7 155H,Intel(R) Core(TM) Ultra 7 155H,cpu,intel_r_core_tm_ultra_7_155h_cpu,41612.48343800935,208062.41719004675,624187.2515701402,0.7690000056754798,0.6684000109089538,0.8307999960379675
AE_PureConcat,3,500,32.0,1,memory,,,,,12752256,51016234,0.0,float32,0.0,,,,,,Windows-11-10.0.26200-SP0,3.14.7,2.14.0+cpu,22,16,31.4,Intel(R) Core(TM) Ultra 7 155H,Intel(R) Core(TM) Ultra 7 155H,cpu,intel_r_core_tm_ultra_7_155h_cpu,,,,,,
AE_PureConcat,3,500,,1,quantize,,0.0559000036446377,0.0474999978905543,0.0567000097362324,12752256,51016234,0.0,float32,,calibrated,2429.44,5.0,,,Windows-11-10.0.26200-SP0,3.14.7,2.14.0+cpu,22,16,31.4,Intel(R) Core(TM) Ultra 7 155H,Intel(R) Core(TM) Ultra 7 155H,cpu,intel_r_core_tm_ultra_7_155h_cpu,17889.086490174614,89445.43245087306,268336.29735261924,0.0559000036446377,0.0474999978905543,0.0567000097362324
AE_PureConcat,3,500,,1,entropy_encode,,2.848999996786006,2.45077499494073,2.94989999383688,12752256,51016234,0.0,float32,,calibrated,2429.44,5.0,,,Windows-11-10.0.26200-SP0,3.14.7,2.14.0+cpu,22,16,31.4,Intel(R) Core(TM) Ultra 7 155H,Intel(R) Core(TM) Ultra 7 155H,cpu,intel_r_core_tm_ultra_7_155h_cpu,351.0003513963191,1755.0017569815955,5265.005270944786,2.848999996786006,2.45077499494073,2.94989999383688
AE_PureConcat,3,500,,1,entropy_roundtrip,,5.307299994456116,4.875575003097765,5.762175002018921,12752256,51016234,0.0,float32,,calibrated,2429.44,5.0,,,Windows-11-10.0.26200-SP0,3.14.7,2.14.0+cpu,22,16,31.4,Intel(R) Core(TM) Ultra 7 155H,Intel(R) Core(TM) Ultra 7 155H,cpu,intel_r_core_tm_ultra_7_155h_cpu,188.41972397350386,942.0986198675192,2826.295859602558,5.307299994456116,4.875575003097765,5.762175002018921
AE_PureConcat,3,500,,1,dequantize,,0.0021000014385208,0.0018999999156221,0.0022000021999701,12752256,51016234,0.0,float32,,calibrated,2429.44,5.0,,,Windows-11-10.0.26200-SP0,3.14.7,2.14.0+cpu,22,16,31.4,Intel(R) Core(TM) Ultra 7 155H,Intel(R) Core(TM) Ultra 7 155H,cpu,intel_r_core_tm_ultra_7_155h_cpu,476190.14999550686,2380950.749977534,7142852.249932603,0.0021000014385208,0.0018999999156221,0.0022000021999701
AE_PureConcat,5,300,1.0,1,encoder,as_deployed,1.6866500081960112,1.590374991792487,1.9054749900533352,7652056,30615210,0.0,float32,,,,,,,Windows-11-10.0.26200-SP0,3.14.7,2.14.0+cpu,22,16,31.4,Intel(R) Core(TM) Ultra 7 155H,Intel(R) Core(TM) Ultra 7 155H,cpu,intel_r_core_tm_ultra_7_155h_cpu,592.8912312220418,2964.456156110209,8893.368468330627,1.6866500081960112,1.590374991792487,1.9054749900533352
AE_PureConcat,5,300,1.0,1,decoder,as_deployed,0.0365000014426186,0.0347000022884458,0.0425999896833673,7652056,30615210,0.0,float32,,,,,,,Windows-11-10.0.26200-SP0,3.14.7,2.14.0+cpu,22,16,31.4,Intel(R) Core(TM) Ultra 7 155H,Intel(R) Core(TM) Ultra 7 155H,cpu,intel_r_core_tm_ultra_7_155h_cpu,27397.259191128887,136986.29595564443,410958.8878669333,0.0365000014426186,0.0347000022884458,0.0425999896833673
AE_PureConcat,5,300,32.0,1,encoder,as_deployed,0.5300187499415188,0.5006250000860746,0.5614640624571621,7652056,30615210,0.0,float32,,,,,,,Windows-11-10.0.26200-SP0,3.14.7,2.14.0+cpu,22,16,31.4,Intel(R) Core(TM) Ultra 7 155H,Intel(R) Core(TM) Ultra 7 155H,cpu,intel_r_core_tm_ultra_7_155h_cpu,1886.7257056667108,9433.628528333553,28300.885585000666,16.9605999981286,16.020000002754387,17.966849998629186
AE_PureConcat,5,300,32.0,1,decoder,as_deployed,0.010993750038323922,0.010674218742678931,0.011908593478437979,7652056,30615210,0.0,float32,,,,,,,Windows-11-10.0.26200-SP0,3.14.7,2.14.0+cpu,22,16,31.4,Intel(R) Core(TM) Ultra 7 155H,Intel(R) Core(TM) Ultra 7 155H,cpu,intel_r_core_tm_ultra_7_155h_cpu,90960.77284948506,454803.8642474253,1364411.592742276,0.3518000012263655,0.3415749997657258,0.3810749913100153
AE_PureConcat,5,300,1.0,1,encoder,flushed,1.320549999945797,1.2108250048186164,1.7978749965550378,7652056,30615210,0.0,float32,,,,,,,Windows-11-10.0.26200-SP0,3.14.7,2.14.0+cpu,22,16,31.4,Intel(R) Core(TM) Ultra 7 155H,Intel(R) Core(TM) Ultra 7 155H,cpu,intel_r_core_tm_ultra_7_155h_cpu,757.2602325099737,3786.301162549868,11358.903487649606,1.320549999945797,1.2108250048186164,1.7978749965550378
AE_PureConcat,5,300,1.0,1,decoder,flushed,0.0265999988187104,0.0259999942500144,0.0335999939125031,7652056,30615210,0.0,float32,,,,,,,Windows-11-10.0.26200-SP0,3.14.7,2.14.0+cpu,22,16,31.4,Intel(R) Core(TM) Ultra 7 155H,Intel(R) Core(TM) Ultra 7 155H,cpu,intel_r_core_tm_ultra_7_155h_cpu,37593.98663193178,187969.9331596589,563909.7994789768,0.0265999988187104,0.0259999942500144,0.0335999939125031
AE_PureConcat,5,300,32.0,1,encoder,flushed,0.4432656251083245,0.42485937501623994,0.48820312485986506,7652056,30615210,0.0,float32,,,,,,,Windows-11-10.0.26200-SP0,3.14.7,2.14.0+cpu,22,16,31.4,Intel(R) Core(TM) Ultra 7 155H,Intel(R) Core(TM) Ultra 7 155H,cpu,intel_r_core_tm_ultra_7_155h_cpu,2255.9836435672664,11279.918217836332,33839.754653509,14.184500003466384,13.595500000519678,15.622499995515682
AE_PureConcat,5,300,32.0,1,decoder,flushed,0.010334375019738216,0.010128124813491013,0.01090781233870075,7652056,30615210,0.0,float32,,,,,,,Windows-11-10.0.26200-SP0,3.14.7,2.14.0+cpu,22,16,31.4,Intel(R) Core(TM) Ultra 7 155H,Intel(R) Core(TM) Ultra 7 155H,cpu,intel_r_core_tm_ultra_7_155h_cpu,96764.43888382631,483822.19441913156,1451466.5832573948,0.3307000006316229,0.3240999940317124,0.349049994838424
AE_PureConcat,5,300,32.0,1,memory,,,,,7652056,30615210,0.0,float32,0.0,,,,,,Windows-11-10.0.26200-SP0,3.14.7,2.14.0+cpu,22,16,31.4,Intel(R) Core(TM) Ultra 7 155H,Intel(R) Core(TM) Ultra 7 155H,cpu,intel_r_core_tm_ultra_7_155h_cpu,,,,,,
AE_PureConcat,5,300,,1,quantize,,0.0255000049946829,0.0254000042332336,0.0256999919656664,7652056,30615210,0.0,float32,,calibrated,1183.36,5.0,,,Windows-11-10.0.26200-SP0,3.14.7,2.14.0+cpu,22,16,31.4,Intel(R) Core(TM) Ultra 7 155H,Intel(R) Core(TM) Ultra 7 155H,cpu,intel_r_core_tm_ultra_7_155h_cpu,39215.67859333807,196078.39296669033,588235.1789000711,0.0255000049946829,0.0254000042332336,0.0256999919656664
AE_PureConcat,5,300,,1,entropy_encode,,1.4844499964965507,1.381649992254097,1.692124998953659,7652056,30615210,0.0,float32,,calibrated,1183.36,5.0,,,Windows-11-10.0.26200-SP0,3.14.7,2.14.0+cpu,22,16,31.4,Intel(R) Core(TM) Ultra 7 155H,Intel(R) Core(TM) Ultra 7 155H,cpu,intel_r_core_tm_ultra_7_155h_cpu,673.6501750548009,3368.2508752740046,10104.752625822013,1.4844499964965507,1.381649992254097,1.692124998953659
AE_PureConcat,5,300,,1,entropy_roundtrip,,2.80699999711942,2.7654500008793548,2.9383000000962056,7652056,30615210,0.0,float32,,calibrated,1183.36,5.0,,,Windows-11-10.0.26200-SP0,3.14.7,2.14.0+cpu,22,16,31.4,Intel(R) Core(TM) Ultra 7 155H,Intel(R) Core(TM) Ultra 7 155H,cpu,intel_r_core_tm_ultra_7_155h_cpu,356.25222694200676,1781.2611347100337,5343.783404130101,2.80699999711942,2.7654500008793548,2.9383000000962056
AE_PureConcat,5,300,,1,dequantize,,0.0013000098988413,0.0012999953469261,0.0014999968698248,7652056,30615210,0.0,float32,,calibrated,1183.36,5.0,,,Windows-11-10.0.26200-SP0,3.14.7,2.14.0+cpu,22,16,31.4,Intel(R) Core(TM) Ultra 7 155H,Intel(R) Core(TM) Ultra 7 155H,cpu,intel_r_core_tm_ultra_7_155h_cpu,769224.911972825,3846124.5598641247,11538373.679592373,0.0013000098988413,0.0012999953469261,0.0014999968698248
AE_PureConcat,10,150,1.0,1,encoder,as_deployed,0.5456500002765097,0.496125008794479,0.6443250022130087,3826778,15311512,0.0,float32,,,,,,,Windows-11-10.0.26200-SP0,3.14.7,2.14.0+cpu,22,16,31.4,Intel(R) Core(TM) Ultra 7 155H,Intel(R) Core(TM) Ultra 7 155H,cpu,intel_r_core_tm_ultra_7_155h_cpu,1832.676623280944,9163.38311640472,27490.149349214164,0.5456500002765097,0.496125008794479,0.6443250022130087
AE_PureConcat,10,150,1.0,1,decoder,as_deployed,0.0193000014405697,0.0181000068550929,0.0205000105779618,3826778,15311512,0.0,float32,,,,,,,Windows-11-10.0.26200-SP0,3.14.7,2.14.0+cpu,22,16,31.4,Intel(R) Core(TM) Ultra 7 155H,Intel(R) Core(TM) Ultra 7 155H,cpu,intel_r_core_tm_ultra_7_155h_cpu,51813.46763518593,259067.33817592965,777202.014527789,0.0193000014405697,0.0181000068550929,0.0205000105779618
AE_PureConcat,10,150,32.0,1,encoder,as_deployed,0.29624062494804093,0.27184218731690635,0.320860156193703,3826778,15311512,0.0,float32,,,,,,,Windows-11-10.0.26200-SP0,3.14.7,2.14.0+cpu,22,16,31.4,Intel(R) Core(TM) Ultra 7 155H,Intel(R) Core(TM) Ultra 7 155H,cpu,intel_r_core_tm_ultra_7_155h_cpu,3375.634250621078,16878.17125310539,50634.51375931617,9.47969999833731,8.698949994141003,10.267524998198496
AE_PureConcat,10,150,32.0,1,decoder,as_deployed,0.007454687647623359,0.006499999926745656,0.007907031431386713,3826778,15311512,0.0,float32,,,,,,,Windows-11-10.0.26200-SP0,3.14.7,2.14.0+cpu,22,16,31.4,Intel(R) Core(TM) Ultra 7 155H,Intel(R) Core(TM) Ultra 7 155H,cpu,intel_r_core_tm_ultra_7_155h_cpu,134143.78271352677,670718.9135676338,2012156.7407029017,0.2385500047239475,0.207999997655861,0.2530250058043748
AE_PureConcat,10,150,1.0,1,encoder,flushed,0.738499998988118,0.6282249960349873,1.036249996104743,3826778,15311512,0.0,float32,,,,,,,Windows-11-10.0.26200-SP0,3.14.7,2.14.0+cpu,22,16,31.4,Intel(R) Core(TM) Ultra 7 155H,Intel(R) Core(TM) Ultra 7 155H,cpu,intel_r_core_tm_ultra_7_155h_cpu,1354.0961426813615,6770.480713406807,20311.442140220424,0.738499998988118,0.6282249960349873,1.036249996104743
AE_PureConcat,10,150,1.0,1,decoder,flushed,0.018499995348975,0.0179000053321942,0.0307000009343028,3826778,15311512,0.0,float32,,,,,,,Windows-11-10.0.26200-SP0,3.14.7,2.14.0+cpu,22,16,31.4,Intel(R) Core(TM) Ultra 7 155H,Intel(R) Core(TM) Ultra 7 155H,cpu,intel_r_core_tm_ultra_7_155h_cpu,54054.06764361189,270270.33821805945,810811.0146541784,0.018499995348975,0.0179000053321942,0.0307000009343028
AE_PureConcat,10,150,32.0,1,encoder,flushed,0.24912656249398424,0.23513046903644863,0.291132812435535,3826778,15311512,0.0,float32,,,,,,,Windows-11-10.0.26200-SP0,3.14.7,2.14.0+cpu,22,16,31.4,Intel(R) Core(TM) Ultra 7 155H,Intel(R) Core(TM) Ultra 7 155H,cpu,intel_r_core_tm_ultra_7_155h_cpu,4014.0239964341313,20070.119982170654,60210.35994651197,7.972049999807496,7.524175009166356,9.31624999793712
AE_PureConcat,10,150,32.0,1,decoder,flushed,0.005440625045594059,0.005150000106368678,0.006662500027232453,3826778,15311512,0.0,float32,,,,,,,Windows-11-10.0.26200-SP0,3.14.7,2.14.0+cpu,22,16,31.4,Intel(R) Core(TM) Ultra 7 155H,Intel(R) Core(TM) Ultra 7 155H,cpu,intel_r_core_tm_ultra_7_155h_cpu,183802.41086634385,919012.0543317192,2757036.1629951578,0.1741000014590099,0.1648000034037977,0.2132000008714385
AE_PureConcat,10,150,32.0,1,memory,,,,,3826778,15311512,0.0,float32,0.0,,,,,,Windows-11-10.0.26200-SP0,3.14.7,2.14.0+cpu,22,16,31.4,Intel(R) Core(TM) Ultra 7 155H,Intel(R) Core(TM) Ultra 7 155H,cpu,intel_r_core_tm_ultra_7_155h_cpu,,,,,,
AE_PureConcat,10,150,,1,quantize,,0.015400000847876,0.0153000000864267,0.015700003132224,3826778,15311512,0.0,float32,,calibrated,741.76,5.0,,,Windows-11-10.0.26200-SP0,3.14.7,2.14.0+cpu,22,16,31.4,Intel(R) Core(TM) Ultra 7 155H,Intel(R) Core(TM) Ultra 7 155H,cpu,intel_r_core_tm_ultra_7_155h_cpu,64935.06135994285,324675.3067997142,974025.9203991428,0.015400000847876,0.0153000000864267,0.015700003132224
AE_PureConcat,10,150,,1,entropy_encode,,0.5859999946551397,0.5783000087831169,0.5911000043852255,3826778,15311512,0.0,float32,,calibrated,741.76,5.0,,,Windows-11-10.0.26200-SP0,3.14.7,2.14.0+cpu,22,16,31.4,Intel(R) Core(TM) Ultra 7 155H,Intel(R) Core(TM) Ultra 7 155H,cpu,intel_r_core_tm_ultra_7_155h_cpu,1706.4846572029387,8532.423286014693,25597.269858044077,0.5859999946551397,0.5783000087831169,0.5911000043852255
AE_PureConcat,10,150,,1,entropy_roundtrip,,1.1324999941280112,1.1264499953540508,1.15455000923248,3826778,15311512,0.0,float32,,calibrated,741.76,5.0,,,Windows-11-10.0.26200-SP0,3.14.7,2.14.0+cpu,22,16,31.4,Intel(R) Core(TM) Ultra 7 155H,Intel(R) Core(TM) Ultra 7 155H,cpu,intel_r_core_tm_ultra_7_155h_cpu,883.0022120838668,4415.011060419333,13245.033181258003,1.1324999941280112,1.1264499953540508,1.15455000923248
AE_PureConcat,10,150,,1,dequantize,,0.0011999945854768,0.0011000083759427,0.001200009137392,3826778,15311512,0.0,float32,,calibrated,741.76,5.0,,,Windows-11-10.0.26200-SP0,3.14.7,2.14.0+cpu,22,16,31.4,Intel(R) Core(TM) Ultra 7 155H,Intel(R) Core(TM) Ultra 7 155H,cpu,intel_r_core_tm_ultra_7_155h_cpu,833337.0934358548,4166685.4671792737,12500056.401537823,0.0011999945854768,0.0011000083759427,0.001200009137392
AE_PureConcat,15,100,1.0,1,encoder,as_deployed,0.3911999956471845,0.3748000017367303,0.4297499981475994,2551728,10211416,0.0,float32,,,,,,,Windows-11-10.0.26200-SP0,3.14.7,2.14.0+cpu,22,16,31.4,Intel(R) Core(TM) Ultra 7 155H,Intel(R) Core(TM) Ultra 7 155H,cpu,intel_r_core_tm_ultra_7_155h_cpu,2556.237247256721,12781.186236283604,38343.55870885081,0.3911999956471845,0.3748000017367303,0.4297499981475994
AE_PureConcat,15,100,1.0,1,decoder,as_deployed,0.012300006346777,0.0121000048238784,0.0132000131998211,2551728,10211416,0.0,float32,,,,,,,Windows-11-10.0.26200-SP0,3.14.7,2.14.0+cpu,22,16,31.4,Intel(R) Core(TM) Ultra 7 155H,Intel(R) Core(TM) Ultra 7 155H,cpu,intel_r_core_tm_ultra_7_155h_cpu,81300.77105708425,406503.8552854212,1219511.5658562637,0.012300006346777,0.0121000048238784,0.0132000131998211
AE_PureConcat,15,100,32.0,1,encoder,as_deployed,0.19153124981130532,0.18031171896382148,0.25070234380564216,2551728,10211416,0.0,float32,,,,,,,Windows-11-10.0.26200-SP0,3.14.7,2.14.0+cpu,22,16,31.4,Intel(R) Core(TM) Ultra 7 155H,Intel(R) Core(TM) Ultra 7 155H,cpu,intel_r_core_tm_ultra_7_155h_cpu,5221.080116091709,26105.400580458543,78316.20174137563,6.12899999396177,5.769975006842287,8.022475001780549
AE_PureConcat,15,100,32.0,1,decoder,as_deployed,0.0033218748285435127,0.0031906247386359592,0.003431249751884022,2551728,10211416,0.0,float32,,,,,,,Windows-11-10.0.26200-SP0,3.14.7,2.14.0+cpu,22,16,31.4,Intel(R) Core(TM) Ultra 7 155H,Intel(R) Core(TM) Ultra 7 155H,cpu,intel_r_core_tm_ultra_7_155h_cpu,301034.8226872996,1505174.1134364977,4515522.340309493,0.1062999945133924,0.1020999916363507,0.1097999920602887
AE_PureConcat,15,100,1.0,1,encoder,flushed,0.3999999971711077,0.382099999114871,0.4597249971993733,2551728,10211416,0.0,float32,,,,,,,Windows-11-10.0.26200-SP0,3.14.7,2.14.0+cpu,22,16,31.4,Intel(R) Core(TM) Ultra 7 155H,Intel(R) Core(TM) Ultra 7 155H,cpu,intel_r_core_tm_ultra_7_155h_cpu,2500.000017680577,12500.000088402885,37500.000265208655,0.3999999971711077,0.382099999114871,0.4597249971993733
AE_PureConcat,15,100,1.0,1,decoder,flushed,0.0124999933177605,0.0123999925563111,0.0127000093925744,2551728,10211416,0.0,float32,,,,,,,Windows-11-10.0.26200-SP0,3.14.7,2.14.0+cpu,22,16,31.4,Intel(R) Core(TM) Ultra 7 155H,Intel(R) Core(TM) Ultra 7 155H,cpu,intel_r_core_tm_ultra_7_155h_cpu,80000.04276635566,400000.21383177827,1200000.641495335,0.0124999933177605,0.0123999925563111,0.0127000093925744
AE_PureConcat,15,100,32.0,1,encoder,flushed,0.2094031249271211,0.19433906254562316,0.23380078118862002,2551728,10211416,0.0,float32,,,,,,,Windows-11-10.0.26200-SP0,3.14.7,2.14.0+cpu,22,16,31.4,Intel(R) Core(TM) Ultra 7 155H,Intel(R) Core(TM) Ultra 7 155H,cpu,intel_r_core_tm_ultra_7_155h_cpu,4775.477922538317,23877.389612691586,71632.16883807477,6.700899997667875,6.218850001459941,7.481624998035841
AE_PureConcat,15,100,32.0,1,decoder,flushed,0.0035000002753804438,0.003403124992473747,0.0037320313595046156,2551728,10211416,0.0,float32,,,,,,,Windows-11-10.0.26200-SP0,3.14.7,2.14.0+cpu,22,16,31.4,Intel(R) Core(TM) Ultra 7 155H,Intel(R) Core(TM) Ultra 7 155H,cpu,intel_r_core_tm_ultra_7_155h_cpu,285714.26323425124,1428571.3161712561,4285713.948513769,0.1120000088121742,0.1088999997591599,0.1194250035041477
AE_PureConcat,15,100,32.0,1,memory,,,,,2551728,10211416,0.0,float32,0.0,,,,,,Windows-11-10.0.26200-SP0,3.14.7,2.14.0+cpu,22,16,31.4,Intel(R) Core(TM) Ultra 7 155H,Intel(R) Core(TM) Ultra 7 155H,cpu,intel_r_core_tm_ultra_7_155h_cpu,,,,,,
AE_PureConcat,15,100,,1,quantize,,0.012000004062429,0.0118999887490645,0.0126999948406592,2551728,10211416,0.0,float32,,calibrated,500.48,5.0,,,Windows-11-10.0.26200-SP0,3.14.7,2.14.0+cpu,22,16,31.4,Intel(R) Core(TM) Ultra 7 155H,Intel(R) Core(TM) Ultra 7 155H,cpu,intel_r_core_tm_ultra_7_155h_cpu,83333.30512203039,416666.52561015193,1249999.5768304558,0.012000004062429,0.0118999887490645,0.0126999948406592
AE_PureConcat,15,100,,1,entropy_encode,,0.3892000022460706,0.3842999904009048,0.4015250015072524,2551728,10211416,0.0,float32,,calibrated,500.48,5.0,,,Windows-11-10.0.26200-SP0,3.14.7,2.14.0+cpu,22,16,31.4,Intel(R) Core(TM) Ultra 7 155H,Intel(R) Core(TM) Ultra 7 155H,cpu,intel_r_core_tm_ultra_7_155h_cpu,2569.3730581423606,12846.865290711803,38540.59587213541,0.3892000022460706,0.3842999904009048,0.4015250015072524
AE_PureConcat,15,100,,1,entropy_roundtrip,,0.8029000018723309,0.797100001364015,0.8193000103347003,2551728,10211416,0.0,float32,,calibrated,500.48,5.0,,,Windows-11-10.0.26200-SP0,3.14.7,2.14.0+cpu,22,16,31.4,Intel(R) Core(TM) Ultra 7 155H,Intel(R) Core(TM) Ultra 7 155H,cpu,intel_r_core_tm_ultra_7_155h_cpu,1245.4851135484366,6227.4255677421825,18682.276703226547,0.8029000018723309,0.797100001364015,0.8193000103347003
AE_PureConcat,15,100,,1,dequantize,,0.0011000083759427,0.0010999938240274,0.0011999945854768,2551728,10211416,0.0,float32,,calibrated,500.48,5.0,,,Windows-11-10.0.26200-SP0,3.14.7,2.14.0+cpu,22,16,31.4,Intel(R) Core(TM) Ultra 7 155H,Intel(R) Core(TM) Ultra 7 155H,cpu,intel_r_core_tm_ultra_7_155h_cpu,909083.986876924,4545419.93438462,13636259.803153861,0.0011000083759427,0.0010999938240274,0.0011999945854768
AE_PureConcat,20,75,1.0,1,encoder,as_deployed,0.3475999983493238,0.3346000012243166,0.3920000017387792,1914203,7661272,0.0,float32,,,,,,,Windows-11-10.0.26200-SP0,3.14.7,2.14.0+cpu,22,16,31.4,Intel(R) Core(TM) Ultra 7 155H,Intel(R) Core(TM) Ultra 7 155H,cpu,intel_r_core_tm_ultra_7_155h_cpu,2876.869979139185,14384.349895695925,43153.049687087776,0.3475999983493238,0.3346000012243166,0.3920000017387792
AE_PureConcat,20,75,1.0,1,decoder,as_deployed,0.012000004062429,0.0118000025395303,0.0121999910334125,1914203,7661272,0.0,float32,,,,,,,Windows-11-10.0.26200-SP0,3.14.7,2.14.0+cpu,22,16,31.4,Intel(R) Core(TM) Ultra 7 155H,Intel(R) Core(TM) Ultra 7 155H,cpu,intel_r_core_tm_ultra_7_155h_cpu,83333.30512203039,416666.52561015193,1249999.5768304558,0.012000004062429,0.0118000025395303,0.0121999910334125
AE_PureConcat,20,75,32.0,1,encoder,as_deployed,0.16344374989785138,0.1596312499714259,0.19096874984825263,1914203,7661272,0.0,float32,,,,,,,Windows-11-10.0.26200-SP0,3.14.7,2.14.0+cpu,22,16,31.4,Intel(R) Core(TM) Ultra 7 155H,Intel(R) Core(TM) Ultra 7 155H,cpu,intel_r_core_tm_ultra_7_155h_cpu,6118.312879048463,30591.564395242316,91774.69318572695,5.230199996731244,5.108199999085628,6.110999995144084
AE_PureConcat,20,75,32.0,1,decoder,as_deployed,0.0026500001695239908,0.002637500074342822,0.0028343752092041532,1914203,7661272,0.0,float32,,,,,,,Windows-11-10.0.26200-SP0,3.14.7,2.14.0+cpu,22,16,31.4,Intel(R) Core(TM) Ultra 7 155H,Intel(R) Core(TM) Ultra 7 155H,cpu,intel_r_core_tm_ultra_7_155h_cpu,377358.46642591956,1886792.3321295977,5660376.996388793,0.0848000054247677,0.0844000023789703,0.0907000066945329
AE_PureConcat,20,75,1.0,1,encoder,flushed,0.3490999952191487,0.3362999996170401,0.3760999970836565,1914203,7661272,0.0,float32,,,,,,,Windows-11-10.0.26200-SP0,3.14.7,2.14.0+cpu,22,16,31.4,Intel(R) Core(TM) Ultra 7 155H,Intel(R) Core(TM) Ultra 7 155H,cpu,intel_r_core_tm_ultra_7_155h_cpu,2864.508775980494,14322.54387990247,42967.63163970741,0.3490999952191487,0.3362999996170401,0.3760999970836565
AE_PureConcat,20,75,1.0,1,decoder,flushed,0.012000004062429,0.0118000025395303,0.0124999933177605,1914203,7661272,0.0,float32,,,,,,,Windows-11-10.0.26200-SP0,3.14.7,2.14.0+cpu,22,16,31.4,Intel(R) Core(TM) Ultra 7 155H,Intel(R) Core(TM) Ultra 7 155H,cpu,intel_r_core_tm_ultra_7_155h_cpu,83333.30512203039,416666.52561015193,1249999.5768304558,0.012000004062429,0.0118000025395303,0.0124999933177605
AE_PureConcat,20,75,32.0,1,encoder,flushed,0.1723343748381012,0.16407343764512916,0.21020312465225288,1914203,7661272,0.0,float32,,,,,,,Windows-11-10.0.26200-SP0,3.14.7,2.14.0+cpu,22,16,31.4,Intel(R) Core(TM) Ultra 7 155H,Intel(R) Core(TM) Ultra 7 155H,cpu,intel_r_core_tm_ultra_7_155h_cpu,5802.672861635676,29013.364308178378,87040.09292453514,5.514699994819239,5.250350004644133,6.726499988872092
AE_PureConcat,20,75,32.0,1,decoder,flushed,0.0025093750082305624,0.0024531250346626595,0.002637500074342822,1914203,7661272,0.0,float32,,,,,,,Windows-11-10.0.26200-SP0,3.14.7,2.14.0+cpu,22,16,31.4,Intel(R) Core(TM) Ultra 7 155H,Intel(R) Core(TM) Ultra 7 155H,cpu,intel_r_core_tm_ultra_7_155h_cpu,398505.6026779875,1992528.0133899373,5977584.040169812,0.080300000263378,0.0785000011092051,0.0844000023789703
AE_PureConcat,20,75,32.0,1,memory,,,,,1914203,7661272,0.0,float32,196608.0,,,,,,Windows-11-10.0.26200-SP0,3.14.7,2.14.0+cpu,22,16,31.4,Intel(R) Core(TM) Ultra 7 155H,Intel(R) Core(TM) Ultra 7 155H,cpu,intel_r_core_tm_ultra_7_155h_cpu,,,,,,
AE_PureConcat,20,75,,1,quantize,,0.011399999493733,0.0108000094769522,0.0122999917948618,1914203,7661272,0.0,float32,,calibrated,350.08,5.0,,,Windows-11-10.0.26200-SP0,3.14.7,2.14.0+cpu,22,16,31.4,Intel(R) Core(TM) Ultra 7 155H,Intel(R) Core(TM) Ultra 7 155H,cpu,intel_r_core_tm_ultra_7_155h_cpu,87719.30214117438,438596.5107058719,1315789.5321176157,0.011399999493733,0.0108000094769522,0.0122999917948618
AE_PureConcat,20,75,,1,entropy_encode,,0.3261000092606991,0.313800002913922,0.3526000073179602,1914203,7661272,0.0,float32,,calibrated,350.08,5.0,,,Windows-11-10.0.26200-SP0,3.14.7,2.14.0+cpu,22,16,31.4,Intel(R) Core(TM) Ultra 7 155H,Intel(R) Core(TM) Ultra 7 155H,cpu,intel_r_core_tm_ultra_7_155h_cpu,3066.54391782171,15332.719589108548,45998.15876732564,0.3261000092606991,0.313800002913922,0.3526000073179602
AE_PureConcat,20,75,,1,entropy_roundtrip,,0.6701999955112115,0.6623000008403324,0.72340000042459,1914203,7661272,0.0,float32,,calibrated,350.08,5.0,,,Windows-11-10.0.26200-SP0,3.14.7,2.14.0+cpu,22,16,31.4,Intel(R) Core(TM) Ultra 7 155H,Intel(R) Core(TM) Ultra 7 155H,cpu,intel_r_core_tm_ultra_7_155h_cpu,1492.0919228553942,7460.459614276971,22381.378842830913,0.6701999955112115,0.6623000008403324,0.72340000042459
AE_PureConcat,20,75,,1,dequantize,,0.0012999953469261,0.001200009137392,0.0013999961083754,1914203,7661272,0.0,float32,,calibrated,350.08,5.0,,,Windows-11-10.0.26200-SP0,3.14.7,2.14.0+cpu,22,16,31.4,Intel(R) Core(TM) Ultra 7 155H,Intel(R) Core(TM) Ultra 7 155H,cpu,intel_r_core_tm_ultra_7_155h_cpu,769233.5225387898,3846167.6126939487,11538502.838081846,0.0012999953469261,0.001200009137392,0.0013999961083754
AE_PureConcat,30,50,1.0,1,encoder,as_deployed,0.2324500019312836,0.2185000048484653,0.247699994361028,676614,2710744,0.0,float32,,,,,,,Windows-11-10.0.26200-SP0,3.14.7,2.14.0+cpu,22,16,31.4,Intel(R) Core(TM) Ultra 7 155H,Intel(R) Core(TM) Ultra 7 155H,cpu,intel_r_core_tm_ultra_7_155h_cpu,4302.000394457376,21510.001972286882,64530.00591686065,0.2324500019312836,0.2185000048484653,0.247699994361028
AE_PureConcat,30,50,1.0,1,decoder,as_deployed,0.0130000116769224,0.011700001778081,0.0132999994093552,676614,2710744,0.0,float32,,,,,,,Windows-11-10.0.26200-SP0,3.14.7,2.14.0+cpu,22,16,31.4,Intel(R) Core(TM) Ultra 7 155H,Intel(R) Core(TM) Ultra 7 155H,cpu,intel_r_core_tm_ultra_7_155h_cpu,76923.0078289236,384615.039144618,1153845.117433854,0.0130000116769224,0.011700001778081,0.0132999994093552
AE_PureConcat,30,50,32.0,1,encoder,as_deployed,0.10832187513187819,0.09760156251559238,0.12187265633656352,676614,2710744,0.0,float32,,,,,,,Windows-11-10.0.26200-SP0,3.14.7,2.14.0+cpu,22,16,31.4,Intel(R) Core(TM) Ultra 7 155H,Intel(R) Core(TM) Ultra 7 155H,cpu,intel_r_core_tm_ultra_7_155h_cpu,9231.745654167582,46158.728270837906,138476.18481251373,3.466300004220102,3.123250000498956,3.8999250027700327
AE_PureConcat,30,50,32.0,1,decoder,as_deployed,0.0024312500954692937,0.0022750000425730815,0.0028093750188418185,676614,2710744,0.0,float32,,,,,,,Windows-11-10.0.26200-SP0,3.14.7,2.14.0+cpu,22,16,31.4,Intel(R) Core(TM) Ultra 7 155H,Intel(R) Core(TM) Ultra 7 155H,cpu,intel_r_core_tm_ultra_7_155h_cpu,411311.0378333885,2056555.1891669424,6169665.567500827,0.0778000030550174,0.0728000013623386,0.0899000006029382
AE_PureConcat,30,50,1.0,1,encoder,flushed,0.3778499958571046,0.3683999966597184,0.4083500061824452,676614,2710744,0.0,float32,,,,,,,Windows-11-10.0.26200-SP0,3.14.7,2.14.0+cpu,22,16,31.4,Intel(R) Core(TM) Ultra 7 155H,Intel(R) Core(TM) Ultra 7 155H,cpu,intel_r_core_tm_ultra_7_155h_cpu,2646.5528939113187,13232.764469556592,39698.29340866978,0.3778499958571046,0.3683999966597184,0.4083500061824452
AE_PureConcat,30,50,1.0,1,decoder,flushed,0.0198999914573505,0.0196999899344518,0.0202999945031479,676614,2710744,0.0,float32,,,,,,,Windows-11-10.0.26200-SP0,3.14.7,2.14.0+cpu,22,16,31.4,Intel(R) Core(TM) Ultra 7 155H,Intel(R) Core(TM) Ultra 7 155H,cpu,intel_r_core_tm_ultra_7_155h_cpu,50251.27785321877,251256.38926609384,753769.1677982816,0.0198999914573505,0.0196999899344518,0.0202999945031479
AE_PureConcat,30,50,32.0,1,encoder,flushed,0.15751250020912266,0.1558343751639768,0.16122031252052693,676614,2710744,0.0,float32,,,,,,,Windows-11-10.0.26200-SP0,3.14.7,2.14.0+cpu,22,16,31.4,Intel(R) Core(TM) Ultra 7 155H,Intel(R) Core(TM) Ultra 7 155H,cpu,intel_r_core_tm_ultra_7_155h_cpu,6348.702475500944,31743.51237750472,95230.53713251416,5.040400006691925,4.986700005247258,5.159050000656862
AE_PureConcat,30,50,32.0,1,decoder,flushed,0.003090625341428675,0.0028874997042294126,0.003431249751884022,676614,2710744,0.0,float32,,,,,,,Windows-11-10.0.26200-SP0,3.14.7,2.14.0+cpu,22,16,31.4,Intel(R) Core(TM) Ultra 7 155H,Intel(R) Core(TM) Ultra 7 155H,cpu,intel_r_core_tm_ultra_7_155h_cpu,323559.1149128866,1617795.5745644327,4853386.723693299,0.0989000109257176,0.0923999905353412,0.1097999920602887
AE_PureConcat,30,50,32.0,1,memory,,,,,676614,2710744,0.0,float32,0.0,,,,,,Windows-11-10.0.26200-SP0,3.14.7,2.14.0+cpu,22,16,31.4,Intel(R) Core(TM) Ultra 7 155H,Intel(R) Core(TM) Ultra 7 155H,cpu,intel_r_core_tm_ultra_7_155h_cpu,,,,,,
AE_PureConcat,30,50,,1,quantize,,0.0081999896792694,0.008000002708286,0.0090000103227794,676614,2710744,0.0,float32,,calibrated,257.28,5.0,,,Windows-11-10.0.26200-SP0,3.14.7,2.14.0+cpu,22,16,31.4,Intel(R) Core(TM) Ultra 7 155H,Intel(R) Core(TM) Ultra 7 155H,cpu,intel_r_core_tm_ultra_7_155h_cpu,121951.37300332524,609756.8650166262,1829270.5950498786,0.0081999896792694,0.008000002708286,0.0090000103227794
AE_PureConcat,30,50,,1,entropy_encode,,0.1678999979048967,0.1618999958736822,0.1792999973986297,676614,2710744,0.0,float32,,calibrated,257.28,5.0,,,Windows-11-10.0.26200-SP0,3.14.7,2.14.0+cpu,22,16,31.4,Intel(R) Core(TM) Ultra 7 155H,Intel(R) Core(TM) Ultra 7 155H,cpu,intel_r_core_tm_ultra_7_155h_cpu,5955.926220835501,29779.631104177504,89338.89331253251,0.1678999979048967,0.1618999958736822,0.1792999973986297
AE_PureConcat,30,50,,1,entropy_roundtrip,,0.3393999941181391,0.3299000018159859,0.4329500006861053,676614,2710744,0.0,float32,,calibrated,257.28,5.0,,,Windows-11-10.0.26200-SP0,3.14.7,2.14.0+cpu,22,16,31.4,Intel(R) Core(TM) Ultra 7 155H,Intel(R) Core(TM) Ultra 7 155H,cpu,intel_r_core_tm_ultra_7_155h_cpu,2946.3760086333937,14731.880043166968,44195.640129500905,0.3393999941181391,0.3299000018159859,0.4329500006861053
AE_PureConcat,30,50,,1,dequantize,,0.0010000076144933,0.0009999930625781,0.0010999938240274,676614,2710744,0.0,float32,,calibrated,257.28,5.0,,,Windows-11-10.0.26200-SP0,3.14.7,2.14.0+cpu,22,16,31.4,Intel(R) Core(TM) Ultra 7 155H,Intel(R) Core(TM) Ultra 7 155H,cpu,intel_r_core_tm_ultra_7_155h_cpu,999992.3855646801,4999961.9278234,14999885.7834702,0.0010000076144933,0.0009999930625781,0.0010999938240274
AE_PureConcat,50,30,1.0,1,encoder,as_deployed,0.2353000018047168,0.2263000060338527,0.2525999989302363,766658,3071128,0.0,float32,,,,,,,Windows-11-10.0.26200-SP0,3.14.7,2.14.0+cpu,22,16,31.4,Intel(R) Core(TM) Ultra 7 155H,Intel(R) Core(TM) Ultra 7 155H,cpu,intel_r_core_tm_ultra_7_155h_cpu,4249.893720060117,21249.46860030058,63748.405800901746,0.2353000018047168,0.2263000060338527,0.2525999989302363
AE_PureConcat,50,30,1.0,1,decoder,as_deployed,0.0084000057540833,0.0081999896792694,0.012300006346777,766658,3071128,0.0,float32,,,,,,,Windows-11-10.0.26200-SP0,3.14.7,2.14.0+cpu,22,16,31.4,Intel(R) Core(TM) Ultra 7 155H,Intel(R) Core(TM) Ultra 7 155H,cpu,intel_r_core_tm_ultra_7_155h_cpu,119047.53749887532,595237.6874943766,1785713.0624831298,0.0084000057540833,0.0081999896792694,0.012300006346777
AE_PureConcat,50,30,32.0,1,encoder,as_deployed,0.12942500006829505,0.1235281251865672,0.16371874994547397,766658,3071128,0.0,float32,,,,,,,Windows-11-10.0.26200-SP0,3.14.7,2.14.0+cpu,22,16,31.4,Intel(R) Core(TM) Ultra 7 155H,Intel(R) Core(TM) Ultra 7 155H,cpu,intel_r_core_tm_ultra_7_155h_cpu,7726.482514756187,38632.41257378093,115897.23772134281,4.1416000021854416,3.9529000059701502,5.238999998255167
AE_PureConcat,50,30,32.0,1,decoder,as_deployed,0.001162500211648875,0.0011375000212865407,0.0013374997251958095,766658,3071128,0.0,float32,,,,,,,Windows-11-10.0.26200-SP0,3.14.7,2.14.0+cpu,22,16,31.4,Intel(R) Core(TM) Ultra 7 155H,Intel(R) Core(TM) Ultra 7 155H,cpu,intel_r_core_tm_ultra_7_155h_cpu,860214.8971496643,4301074.485748322,12903223.457244964,0.037200006772764,0.0364000006811693,0.0427999912062659
AE_PureConcat,50,30,1.0,1,encoder,flushed,0.2394000039203092,0.2252999984193593,0.3395499952603131,766658,3071128,0.0,float32,,,,,,,Windows-11-10.0.26200-SP0,3.14.7,2.14.0+cpu,22,16,31.4,Intel(R) Core(TM) Ultra 7 155H,Intel(R) Core(TM) Ultra 7 155H,cpu,intel_r_core_tm_ultra_7_155h_cpu,4177.109371864828,20885.54685932414,62656.640577972415,0.2394000039203092,0.2252999984193593,0.3395499952603131
AE_PureConcat,50,30,1.0,1,decoder,flushed,0.0084000057540833,0.0081999896792694,0.0111999979708343,766658,3071128,0.0,float32,,,,,,,Windows-11-10.0.26200-SP0,3.14.7,2.14.0+cpu,22,16,31.4,Intel(R) Core(TM) Ultra 7 155H,Intel(R) Core(TM) Ultra 7 155H,cpu,intel_r_core_tm_ultra_7_155h_cpu,119047.53749887532,595237.6874943766,1785713.0624831298,0.0084000057540833,0.0081999896792694,0.0111999979708343
AE_PureConcat,50,30,32.0,1,encoder,flushed,0.1262031248643325,0.12194999999337597,0.13989062495056714,766658,3071128,0.0,float32,,,,,,,Windows-11-10.0.26200-SP0,3.14.7,2.14.0+cpu,22,16,31.4,Intel(R) Core(TM) Ultra 7 155H,Intel(R) Core(TM) Ultra 7 155H,cpu,intel_r_core_tm_ultra_7_155h_cpu,7923.734068193583,39618.67034096791,118856.01102290374,4.03849999565864,3.902399999788031,4.476499998418149
AE_PureConcat,50,30,32.0,1,decoder,flushed,0.0012031250662403155,0.001153125140263,0.0013031249181949531,766658,3071128,0.0,float32,,,,,,,Windows-11-10.0.26200-SP0,3.14.7,2.14.0+cpu,22,16,31.4,Intel(R) Core(TM) Ultra 7 155H,Intel(R) Core(TM) Ultra 7 155H,cpu,intel_r_core_tm_ultra_7_155h_cpu,831168.7854072665,4155843.927036332,12467531.781108996,0.0385000021196901,0.036900004488416,0.0416999973822385
AE_PureConcat,50,30,32.0,1,memory,,,,,766658,3071128,0.0,float32,0.0,,,,,,Windows-11-10.0.26200-SP0,3.14.7,2.14.0+cpu,22,16,31.4,Intel(R) Core(TM) Ultra 7 155H,Intel(R) Core(TM) Ultra 7 155H,cpu,intel_r_core_tm_ultra_7_155h_cpu,,,,,,
AE_PureConcat,50,30,,1,quantize,,0.0067000073613598,0.0065000058384612,0.0106000079540535,766658,3071128,0.0,float32,,calibrated,160.0,5.0,,,Windows-11-10.0.26200-SP0,3.14.7,2.14.0+cpu,22,16,31.4,Intel(R) Core(TM) Ultra 7 155H,Intel(R) Core(TM) Ultra 7 155H,cpu,intel_r_core_tm_ultra_7_155h_cpu,149253.56735683422,746267.836784171,2238803.5103525133,0.0067000073613598,0.0065000058384612,0.0106000079540535
AE_PureConcat,50,30,,1,entropy_encode,,0.0989000109257176,0.0946999934967607,0.1064999960362911,766658,3071128,0.0,float32,,calibrated,160.0,5.0,,,Windows-11-10.0.26200-SP0,3.14.7,2.14.0+cpu,22,16,31.4,Intel(R) Core(TM) Ultra 7 155H,Intel(R) Core(TM) Ultra 7 155H,cpu,intel_r_core_tm_ultra_7_155h_cpu,10111.222341027706,50556.11170513852,151668.3351154156,0.0989000109257176,0.0946999934967607,0.1064999960362911
AE_PureConcat,50,30,,1,entropy_roundtrip,,0.2084000007016584,0.1929999998537823,0.2334000018890947,766658,3071128,0.0,float32,,calibrated,160.0,5.0,,,Windows-11-10.0.26200-SP0,3.14.7,2.14.0+cpu,22,16,31.4,Intel(R) Core(TM) Ultra 7 155H,Intel(R) Core(TM) Ultra 7 155H,cpu,intel_r_core_tm_ultra_7_155h_cpu,4798.464475206896,23992.32237603448,71976.96712810344,0.2084000007016584,0.1929999998537823,0.2334000018890947
AE_PureConcat,50,30,,1,dequantize,,0.0011000083759427,0.0009999930625781,0.0015999976312741,766658,3071128,0.0,float32,,calibrated,160.0,5.0,,,Windows-11-10.0.26200-SP0,3.14.7,2.14.0+cpu,22,16,31.4,Intel(R) Core(TM) Ultra 7 155H,Intel(R) Core(TM) Ultra 7 155H,cpu,intel_r_core_tm_ultra_7_155h_cpu,909083.986876924,4545419.93438462,13636259.803153861,0.0011000083759427,0.0009999930625781,0.0015999976312741
AE_PureConcat,60,25,1.0,1,encoder,as_deployed,0.3969999961555004,0.2645000058691948,0.4655999946407974,639153,2561048,0.0,float32,,,,,,,Windows-11-10.0.26200-SP0,3.14.7,2.14.0+cpu,22,16,31.4,Intel(R) Core(TM) Ultra 7 155H,Intel(R) Core(TM) Ultra 7 155H,cpu,intel_r_core_tm_ultra_7_155h_cpu,2518.891712050071,12594.458560250354,37783.375680751065,0.3969999961555004,0.2645000058691948,0.4655999946407974
AE_PureConcat,60,25,1.0,1,decoder,as_deployed,0.008600007276982,0.008000002708286,0.0121000048238784,639153,2561048,0.0,float32,,,,,,,Windows-11-10.0.26200-SP0,3.14.7,2.14.0+cpu,22,16,31.4,Intel(R) Core(TM) Ultra 7 155H,Intel(R) Core(TM) Ultra 7 155H,cpu,intel_r_core_tm_ultra_7_155h_cpu,116278.97137674633,581394.8568837316,1744184.5706511948,0.008600007276982,0.008000002708286,0.0121000048238784
AE_PureConcat,60,25,32.0,1,encoder,as_deployed,0.16616874972896767,0.14391250033440883,0.19090937530563679,639153,2561048,0.0,float32,,,,,,,Windows-11-10.0.26200-SP0,3.14.7,2.14.0+cpu,22,16,31.4,Intel(R) Core(TM) Ultra 7 155H,Intel(R) Core(TM) Ultra 7 155H,cpu,intel_r_core_tm_ultra_7_155h_cpu,6017.978721216034,30089.893606080168,90269.68081824051,5.317399991326965,4.605200010701083,6.109100009780377
AE_PureConcat,60,25,32.0,1,decoder,as_deployed,0.0011749998520826906,0.0010156250027648626,0.0015999999050109156,639153,2561048,0.0,float32,,,,,,,Windows-11-10.0.26200-SP0,3.14.7,2.14.0+cpu,22,16,31.4,Intel(R) Core(TM) Ultra 7 155H,Intel(R) Core(TM) Ultra 7 155H,cpu,intel_r_core_tm_ultra_7_155h_cpu,851063.9369251811,4255319.684625905,12765959.053877715,0.0375999952666461,0.0325000000884756,0.0511999969603493
AE_PureConcat,60,25,1.0,1,encoder,flushed,0.3272999892942607,0.2200500020990148,0.3726000068127177,639153,2561048,0.0,float32,,,,,,,Windows-11-10.0.26200-SP0,3.14.7,2.14.0+cpu,22,16,31.4,Intel(R) Core(TM) Ultra 7 155H,Intel(R) Core(TM) Ultra 7 155H,cpu,intel_r_core_tm_ultra_7_155h_cpu,3055.3010470799163,15276.505235399582,45829.51570619874,0.3272999892942607,0.2200500020990148,0.3726000068127177
AE_PureConcat,60,25,1.0,1,decoder,flushed,0.008300004992634,0.008000002708286,0.0136000016937032,639153,2561048,0.0,float32,,,,,,,Windows-11-10.0.26200-SP0,3.14.7,2.14.0+cpu,22,16,31.4,Intel(R) Core(TM) Ultra 7 155H,Intel(R) Core(TM) Ultra 7 155H,cpu,intel_r_core_tm_ultra_7_155h_cpu,120481.85523833652,602409.2761916826,1807227.8285750477,0.008300004992634,0.008000002708286,0.0136000016937032
AE_PureConcat,60,25,32.0,1,encoder,flushed,0.15713437505837646,0.13284218744047394,0.20294531259423823,639153,2561048,0.0,float32,,,,,,,Windows-11-10.0.26200-SP0,3.14.7,2.14.0+cpu,22,16,31.4,Intel(R) Core(TM) Ultra 7 155H,Intel(R) Core(TM) Ultra 7 155H,cpu,intel_r_core_tm_ultra_7_155h_cpu,6363.979871549388,31819.899357746937,95459.69807324083,5.028300001868047,4.250949998095166,6.494250003015623
AE_PureConcat,60,25,32.0,1,decoder,flushed,0.0012312498256505907,0.0010156250027648626,0.0019499999552863281,639153,2561048,0.0,float32,,,,,,,Windows-11-10.0.26200-SP0,3.14.7,2.14.0+cpu,22,16,31.4,Intel(R) Core(TM) Ultra 7 155H,Intel(R) Core(TM) Ultra 7 155H,cpu,intel_r_core_tm_ultra_7_155h_cpu,812182.8561247523,4060914.2806237615,12182742.841871284,0.0393999944208189,0.0325000000884756,0.0623999985691625
AE_PureConcat,60,25,32.0,1,memory,,,,,639153,2561048,0.0,float32,0.0,,,,,,Windows-11-10.0.26200-SP0,3.14.7,2.14.0+cpu,22,16,31.4,Intel(R) Core(TM) Ultra 7 155H,Intel(R) Core(TM) Ultra 7 155H,cpu,intel_r_core_tm_ultra_7_155h_cpu,,,,,,
AE_PureConcat,60,25,,1,quantize,,0.0065000058384612,0.0063999905250966,0.0134000001708045,639153,2561048,0.0,float32,,calibrated,131.84,5.0,,,Windows-11-10.0.26200-SP0,3.14.7,2.14.0+cpu,22,16,31.4,Intel(R) Core(TM) Ultra 7 155H,Intel(R) Core(TM) Ultra 7 155H,cpu,intel_r_core_tm_ultra_7_155h_cpu,153846.0156578472,769230.078289236,2307690.234867708,0.0065000058384612,0.0063999905250966,0.0134000001708045
AE_PureConcat,60,25,,1,entropy_encode,,0.07999999797903,0.0757000088924542,0.1071000006049871,639153,2561048,0.0,float32,,calibrated,131.84,5.0,,,Windows-11-10.0.26200-SP0,3.14.7,2.14.0+cpu,22,16,31.4,Intel(R) Core(TM) Ultra 7 155H,Intel(R) Core(TM) Ultra 7 155H,cpu,intel_r_core_tm_ultra_7_155h_cpu,12500.000315776571,62500.00157888285,187500.00473664855,0.07999999797903,0.0757000088924542,0.1071000006049871
AE_PureConcat,60,25,,1,entropy_roundtrip,,0.1641999988351017,0.1544250080769416,0.2460999967297539,639153,2561048,0.0,float32,,calibrated,131.84,5.0,,,Windows-11-10.0.26200-SP0,3.14.7,2.14.0+cpu,22,16,31.4,Intel(R) Core(TM) Ultra 7 155H,Intel(R) Core(TM) Ultra 7 155H,cpu,intel_r_core_tm_ultra_7_155h_cpu,6090.134026153391,30450.67013076695,91352.01039230087,0.1641999988351017,0.1544250080769416,0.2460999967297539
AE_PureConcat,60,25,,1,dequantize,,0.0010999938240274,0.0009999930625781,0.0016999983927235,639153,2561048,0.0,float32,,calibrated,131.84,5.0,,,Windows-11-10.0.26200-SP0,3.14.7,2.14.0+cpu,22,16,31.4,Intel(R) Core(TM) Ultra 7 155H,Intel(R) Core(TM) Ultra 7 155H,cpu,intel_r_core_tm_ultra_7_155h_cpu,909096.0132291531,4545480.066145766,13636440.198437298,0.0010999938240274,0.0009999930625781,0.0016999983927235
AE_PureConcat,100,15,1.0,1,encoder,as_deployed,0.1927999983308836,0.1875000016298145,0.2145000034943223,384143,1541030,0.0,float32,,,,,,,Windows-11-10.0.26200-SP0,3.14.7,2.14.0+cpu,22,16,31.4,Intel(R) Core(TM) Ultra 7 155H,Intel(R) Core(TM) Ultra 7 155H,cpu,intel_r_core_tm_ultra_7_155h_cpu,5186.722036603956,25933.61018301978,77800.83054905935,0.1927999983308836,0.1875000016298145,0.2145000034943223
AE_PureConcat,100,15,1.0,1,decoder,as_deployed,0.0135000009322538,0.0082999904407188,0.0149999978020787,384143,1541030,0.0,float32,,,,,,,Windows-11-10.0.26200-SP0,3.14.7,2.14.0+cpu,22,16,31.4,Intel(R) Core(TM) Ultra 7 155H,Intel(R) Core(TM) Ultra 7 155H,cpu,intel_r_core_tm_ultra_7_155h_cpu,74074.06895882724,370370.3447941362,1111111.0343824085,0.0135000009322538,0.0082999904407188,0.0149999978020787
AE_PureConcat,100,15,32.0,1,encoder,as_deployed,0.18559687487140764,0.15370624987554038,0.2082999999402091,384143,1541030,0.0,float32,,,,,,,Windows-11-10.0.26200-SP0,3.14.7,2.14.0+cpu,22,16,31.4,Intel(R) Core(TM) Ultra 7 155H,Intel(R) Core(TM) Ultra 7 155H,cpu,intel_r_core_tm_ultra_7_155h_cpu,5388.021757870969,26940.108789354843,80820.32636806453,5.939099995885044,4.918599996017292,6.665599998086691
AE_PureConcat,100,15,32.0,1,decoder,as_deployed,0.000803124748927075,0.000746875230106525,0.0011375000212865407,384143,1541030,0.0,float32,,,,,,,Windows-11-10.0.26200-SP0,3.14.7,2.14.0+cpu,22,16,31.4,Intel(R) Core(TM) Ultra 7 155H,Intel(R) Core(TM) Ultra 7 155H,cpu,intel_r_core_tm_ultra_7_155h_cpu,1245136.576025005,6225682.880125024,18677048.640375078,0.0256999919656664,0.0239000073634088,0.0364000006811693
AE_PureConcat,100,15,1.0,1,encoder,flushed,0.2031000040005892,0.1894000015454366,0.2999499993165955,384143,1541030,0.0,float32,,,,,,,Windows-11-10.0.26200-SP0,3.14.7,2.14.0+cpu,22,16,31.4,Intel(R) Core(TM) Ultra 7 155H,Intel(R) Core(TM) Ultra 7 155H,cpu,intel_r_core_tm_ultra_7_155h_cpu,4923.68281783539,24618.41408917695,73855.24226753085,0.2031000040005892,0.1894000015454366,0.2999499993165955
AE_PureConcat,100,15,1.0,1,decoder,flushed,0.0081000034697353,0.0079000019468367,0.0142000062623992,384143,1541030,0.0,float32,,,,,,,Windows-11-10.0.26200-SP0,3.14.7,2.14.0+cpu,22,16,31.4,Intel(R) Core(TM) Ultra 7 155H,Intel(R) Core(TM) Ultra 7 155H,cpu,intel_r_core_tm_ultra_7_155h_cpu,123456.73723923466,617283.6861961733,1851851.0585885197,0.0081000034697353,0.0079000019468367,0.0142000062623992
AE_PureConcat,100,15,32.0,1,encoder,flushed,0.14684687494082027,0.13425156248558778,0.17760468745109392,384143,1541030,0.0,float32,,,,,,,Windows-11-10.0.26200-SP0,3.14.7,2.14.0+cpu,22,16,31.4,Intel(R) Core(TM) Ultra 7 155H,Intel(R) Core(TM) Ultra 7 155H,cpu,intel_r_core_tm_ultra_7_155h_cpu,6809.814648101998,34049.073240509984,102147.21972152995,4.699099998106249,4.296049999538809,5.6833499984350055
AE_PureConcat,100,15,32.0,1,decoder,flushed,0.000765625372878275,0.000746875230106525,0.0011375000212865407,384143,1541030,0.0,float32,,,,,,,Windows-11-10.0.26200-SP0,3.14.7,2.14.0+cpu,22,16,31.4,Intel(R) Core(TM) Ultra 7 155H,Intel(R) Core(TM) Ultra 7 155H,cpu,intel_r_core_tm_ultra_7_155h_cpu,1306121.8128660263,6530609.064330131,19591827.192990396,0.0245000119321048,0.0239000073634088,0.0364000006811693
AE_PureConcat,100,15,32.0,1,memory,,,,,384143,1541030,0.0,float32,6148096.0,,,,,,Windows-11-10.0.26200-SP0,3.14.7,2.14.0+cpu,22,16,31.4,Intel(R) Core(TM) Ultra 7 155H,Intel(R) Core(TM) Ultra 7 155H,cpu,intel_r_core_tm_ultra_7_155h_cpu,,,,,,
AE_PureConcat,100,15,,1,quantize,,0.0058000005083158,0.0056999997468665,0.0059999874792993,384143,1541030,0.0,float32,,calibrated,96.0,5.0,,,Windows-11-10.0.26200-SP0,3.14.7,2.14.0+cpu,22,16,31.4,Intel(R) Core(TM) Ultra 7 155H,Intel(R) Core(TM) Ultra 7 155H,cpu,intel_r_core_tm_ultra_7_155h_cpu,172413.77799299182,862068.889964959,2586206.6698948774,0.0058000005083158,0.0056999997468665,0.0059999874792993
AE_PureConcat,100,15,,1,entropy_encode,,0.0453999964520335,0.044300002628006,0.0465000048279762,384143,1541030,0.0,float32,,calibrated,96.0,5.0,,,Windows-11-10.0.26200-SP0,3.14.7,2.14.0+cpu,22,16,31.4,Intel(R) Core(TM) Ultra 7 155H,Intel(R) Core(TM) Ultra 7 155H,cpu,intel_r_core_tm_ultra_7_155h_cpu,22026.433439406344,110132.16719703171,330396.5015910952,0.0453999964520335,0.044300002628006,0.0465000048279762
AE_PureConcat,100,15,,1,entropy_roundtrip,,0.0911999959498643,0.0895000121090561,0.095399998826906,384143,1541030,0.0,float32,,calibrated,96.0,5.0,,,Windows-11-10.0.26200-SP0,3.14.7,2.14.0+cpu,22,16,31.4,Intel(R) Core(TM) Ultra 7 155H,Intel(R) Core(TM) Ultra 7 155H,cpu,intel_r_core_tm_ultra_7_155h_cpu,10964.912767646761,54824.56383823381,164473.6915147014,0.0911999959498643,0.0895000121090561,0.095399998826906
AE_PureConcat,100,15,,1,dequantize,,0.0011999945854768,0.0009999930625781,0.0020000006770715,384143,1541030,0.0,float32,,calibrated,96.0,5.0,,,Windows-11-10.0.26200-SP0,3.14.7,2.14.0+cpu,22,16,31.4,Intel(R) Core(TM) Ultra 7 155H,Intel(R) Core(TM) Ultra 7 155H,cpu,intel_r_core_tm_ultra_7_155h_cpu,833337.0934358548,4166685.4671792737,12500056.401537823,0.0011999945854768,0.0009999930625781,0.0020000006770715
LARA,2,750,1.0,16,encoder,as_deployed,66.26590000087162,57.31700000615092,117.20792501000687,4733755,18978590,0.0140482613355012,float32,,,,,,,Windows-11-10.0.26200-SP0,3.14.7,2.14.0+cpu,22,16,31.4,Intel(R) Core(TM) Ultra 7 155H,Intel(R) Core(TM) Ultra 7 155H,cpu,intel_r_core_tm_ultra_7_155h_cpu,15.090717850158928,75.45358925079464,226.36076775238394,66.26590000087162,57.31700000615092,117.20792501000687
LARA,2,750,1.0,16,decoder,as_deployed,206.99530000274527,195.67612500031828,240.7801999906951,4733755,18978590,0.0140482613355012,float32,,,,,,,Windows-11-10.0.26200-SP0,3.14.7,2.14.0+cpu,22,16,31.4,Intel(R) Core(TM) Ultra 7 155H,Intel(R) Core(TM) Ultra 7 155H,cpu,intel_r_core_tm_ultra_7_155h_cpu,4.8310275643299025,24.15513782164951,72.46541346494854,206.99530000274527,195.67612500031828,240.7801999906951
LARA,2,750,32.0,16,encoder,as_deployed,32.93206250009461,30.281879687208857,35.76485781252359,4733755,18978590,0.0140482613355012,float32,,,,,,,Windows-11-10.0.26200-SP0,3.14.7,2.14.0+cpu,22,16,31.4,Intel(R) Core(TM) Ultra 7 155H,Intel(R) Core(TM) Ultra 7 155H,cpu,intel_r_core_tm_ultra_7_155h_cpu,30.36554421688976,151.8277210844488,455.4831632533464,1053.8260000030275,969.0201499906834,1144.4754500007548
LARA,2,750,32.0,16,decoder,as_deployed,52.772757812363125,51.05606718757372,56.94213593767472,4733755,18978590,0.0140482613355012,float32,,,,,,,Windows-11-10.0.26200-SP0,3.14.7,2.14.0+cpu,22,16,31.4,Intel(R) Core(TM) Ultra 7 155H,Intel(R) Core(TM) Ultra 7 155H,cpu,intel_r_core_tm_ultra_7_155h_cpu,18.949170773973254,94.74585386986627,284.2375616095988,1688.72824999562,1633.794150002359,1822.148350005591
LARA,2,750,1.0,16,encoder,flushed,3.650099999504164,3.4169999962614384,4.294874997867737,4733755,18978590,0.0140482613355012,float32,,,,,,,Windows-11-10.0.26200-SP0,3.14.7,2.14.0+cpu,22,16,31.4,Intel(R) Core(TM) Ultra 7 155H,Intel(R) Core(TM) Ultra 7 155H,cpu,intel_r_core_tm_ultra_7_155h_cpu,273.96509688387766,1369.8254844193882,4109.476453258165,3.650099999504164,3.4169999962614384,4.294874997867737
LARA,2,750,1.0,16,decoder,flushed,5.594049995124806,4.894774992862949,8.019425004022196,4733755,18978590,0.0140482613355012,float32,,,,,,,Windows-11-10.0.26200-SP0,3.14.7,2.14.0+cpu,22,16,31.4,Intel(R) Core(TM) Ultra 7 155H,Intel(R) Core(TM) Ultra 7 155H,cpu,intel_r_core_tm_ultra_7_155h_cpu,178.761362674895,893.8068133744749,2681.420440123425,5.594049995124806,4.894774992862949,8.019425004022196
LARA,2,750,32.0,16,encoder,flushed,0.41475312514194224,0.3877671875898159,0.4387812498407584,4733755,18978590,0.0140482613355012,float32,,,,,,,Windows-11-10.0.26200-SP0,3.14.7,2.14.0+cpu,22,16,31.4,Intel(R) Core(TM) Ultra 7 155H,Intel(R) Core(TM) Ultra 7 155H,cpu,intel_r_core_tm_ultra_7_155h_cpu,2411.0728512479973,12055.364256239985,36166.09276871996,13.272100004542152,12.408550002874108,14.040999994904269
LARA,2,750,32.0,16,decoder,flushed,1.3527812500342407,1.2921156248921764,1.4536468751202847,4733755,18978590,0.0140482613355012,float32,,,,,,,Windows-11-10.0.26200-SP0,3.14.7,2.14.0+cpu,22,16,31.4,Intel(R) Core(TM) Ultra 7 155H,Intel(R) Core(TM) Ultra 7 155H,cpu,intel_r_core_tm_ultra_7_155h_cpu,739.2178151306346,3696.0890756531726,11088.267226959519,43.2890000010957,41.34769999654964,46.51670000384911
LARA,2,750,32.0,16,memory,,,,,4733755,18978590,0.0140482613355012,float32,4452352.0,,,,,,Windows-11-10.0.26200-SP0,3.14.7,2.14.0+cpu,22,16,31.4,Intel(R) Core(TM) Ultra 7 155H,Intel(R) Core(TM) Ultra 7 155H,cpu,intel_r_core_tm_ultra_7_155h_cpu,,,,,,
LARA,2,750,,16,quantize,,0.0742999982321634,0.0698999938322231,0.098299999081064,4733755,18978590,0.0140482613355012,float32,,calibrated,3601.92,5.0,,,Windows-11-10.0.26200-SP0,3.14.7,2.14.0+cpu,22,16,31.4,Intel(R) Core(TM) Ultra 7 155H,Intel(R) Core(TM) Ultra 7 155H,cpu,intel_r_core_tm_ultra_7_155h_cpu,13458.950522116087,67294.75261058043,201884.2578317413,0.0742999982321634,0.0698999938322231,0.098299999081064
LARA,2,750,,16,entropy_encode,,3.823899998678826,3.707299998495728,4.284449998522177,4733755,18978590,0.0140482613355012,float32,,calibrated,3601.92,5.0,,,Windows-11-10.0.26200-SP0,3.14.7,2.14.0+cpu,22,16,31.4,Intel(R) Core(TM) Ultra 7 155H,Intel(R) Core(TM) Ultra 7 155H,cpu,intel_r_core_tm_ultra_7_155h_cpu,261.5131149730653,1307.5655748653264,3922.6967245959795,3.823899998678826,3.707299998495728,4.284449998522177
LARA,2,750,,16,entropy_roundtrip,,6.96655000501778,6.814325002778787,7.835324999177828,4733755,18978590,0.0140482613355012,float32,,calibrated,3601.92,5.0,,,Windows-11-10.0.26200-SP0,3.14.7,2.14.0+cpu,22,16,31.4,Intel(R) Core(TM) Ultra 7 155H,Intel(R) Core(TM) Ultra 7 155H,cpu,intel_r_core_tm_ultra_7_155h_cpu,143.54307358444746,717.7153679222372,2153.146103766712,6.96655000501778,6.814325002778787,7.835324999177828
LARA,2,750,,16,dequantize,,0.0017999991541728,0.0017000129446387,0.0018999999156221,4733755,18978590,0.0140482613355012,float32,,calibrated,3601.92,5.0,,,Windows-11-10.0.26200-SP0,3.14.7,2.14.0+cpu,22,16,31.4,Intel(R) Core(TM) Ultra 7 155H,Intel(R) Core(TM) Ultra 7 155H,cpu,intel_r_core_tm_ultra_7_155h_cpu,555555.816613456,2777779.08306728,8333337.24920184,0.0017999991541728,0.0017000129446387,0.0018999999156221
LARA,3,500,1.0,16,encoder,as_deployed,9.66679998964537,6.779650000680704,15.449700003955511,3229505,12961630,0.0020040694121014,float32,,,,,,,Windows-11-10.0.26200-SP0,3.14.7,2.14.0+cpu,22,16,31.4,Intel(R) Core(TM) Ultra 7 155H,Intel(R) Core(TM) Ultra 7 155H,cpu,intel_r_core_tm_ultra_7_155h_cpu,103.44684911978668,517.2342455989334,1551.7027367968003,9.66679998964537,6.779650000680704,15.449700003955511
LARA,3,500,1.0,16,decoder,as_deployed,4.48780000442639,4.186099999060389,5.688749995897524,3229505,12961630,0.0020040694121014,float32,,,,,,,Windows-11-10.0.26200-SP0,3.14.7,2.14.0+cpu,22,16,31.4,Intel(R) Core(TM) Ultra 7 155H,Intel(R) Core(TM) Ultra 7 155H,cpu,intel_r_core_tm_ultra_7_155h_cpu,222.8263289392762,1114.131644696381,3342.394934089143,4.48780000442639,4.186099999060389,5.688749995897524
LARA,3,500,32.0,16,encoder,as_deployed,3.1999453126445587,3.189532812257312,3.2359085937514465,3229505,12961630,0.0020040694121014,float32,,,,,,,Windows-11-10.0.26200-SP0,3.14.7,2.14.0+cpu,22,16,31.4,Intel(R) Core(TM) Ultra 7 155H,Intel(R) Core(TM) Ultra 7 155H,cpu,intel_r_core_tm_ultra_7_155h_cpu,312.5053406533255,1562.5267032666275,4687.580109799883,102.39825000462588,102.06504999223398,103.54907500004629
LARA,3,500,32.0,16,decoder,as_deployed,2.1172296876557084,1.698333593822099,2.16952890605171,3229505,12961630,0.0020040694121014,float32,,,,,,,Windows-11-10.0.26200-SP0,3.14.7,2.14.0+cpu,22,16,31.4,Intel(R) Core(TM) Ultra 7 155H,Intel(R) Core(TM) Ultra 7 155H,cpu,intel_r_core_tm_ultra_7_155h_cpu,472.3153117634794,2361.5765588173967,7084.729676452191,67.75135000498267,54.346675002307165,69.42492499365471
LARA,3,500,1.0,16,encoder,flushed,5.116749998705927,4.4574749990715645,5.604500001936685,3229505,12961630,0.0020040694121014,float32,,,,,,,Windows-11-10.0.26200-SP0,3.14.7,2.14.0+cpu,22,16,31.4,Intel(R) Core(TM) Ultra 7 155H,Intel(R) Core(TM) Ultra 7 155H,cpu,intel_r_core_tm_ultra_7_155h_cpu,195.43655645730377,977.1827822865188,2931.5483468595567,5.116749998705927,4.4574749990715645,5.604500001936685
LARA,3,500,1.0,16,decoder,flushed,5.343049997463822,4.654625001421664,7.650650004507042,3229505,12961630,0.0020040694121014,float32,,,,,,,Windows-11-10.0.26200-SP0,3.14.7,2.14.0+cpu,22,16,31.4,Intel(R) Core(TM) Ultra 7 155H,Intel(R) Core(TM) Ultra 7 155H,cpu,intel_r_core_tm_ultra_7_155h_cpu,187.1590197498935,935.7950987494675,2807.3852962484025,5.343049997463822,4.654625001421664,7.650650004507042
LARA,3,500,32.0,16,encoder,flushed,0.4132718750042841,0.3932453125798929,0.44601796889764955,3229505,12961630,0.0020040694121014,float32,,,,,,,Windows-11-10.0.26200-SP0,3.14.7,2.14.0+cpu,22,16,31.4,Intel(R) Core(TM) Ultra 7 155H,Intel(R) Core(TM) Ultra 7 155H,cpu,intel_r_core_tm_ultra_7_155h_cpu,2419.714624881342,12098.573124406708,36295.71937322013,13.22470000013709,12.583850002556574,14.272575004724786
LARA,3,500,32.0,16,decoder,flushed,1.4694578123908288,1.3056101562369804,1.7345124998655592,3229505,12961630,0.0020040694121014,float32,,,,,,,Windows-11-10.0.26200-SP0,3.14.7,2.14.0+cpu,22,16,31.4,Intel(R) Core(TM) Ultra 7 155H,Intel(R) Core(TM) Ultra 7 155H,cpu,intel_r_core_tm_ultra_7_155h_cpu,680.5231096583751,3402.6155482918753,10207.846644875626,47.02264999650652,41.77952499958337,55.504399995697895
LARA,3,500,32.0,16,memory,,,,,3229505,12961630,0.0020040694121014,float32,618496.0,,,,,,Windows-11-10.0.26200-SP0,3.14.7,2.14.0+cpu,22,16,31.4,Intel(R) Core(TM) Ultra 7 155H,Intel(R) Core(TM) Ultra 7 155H,cpu,intel_r_core_tm_ultra_7_155h_cpu,,,,,,
LARA,3,500,,16,quantize,,0.0654000032227486,0.0561000051675364,0.0752000050852075,3229505,12961630,0.0020040694121014,float32,,calibrated,2426.88,5.0,,,Windows-11-10.0.26200-SP0,3.14.7,2.14.0+cpu,22,16,31.4,Intel(R) Core(TM) Ultra 7 155H,Intel(R) Core(TM) Ultra 7 155H,cpu,intel_r_core_tm_ultra_7_155h_cpu,15290.519124197262,76452.5956209863,229357.78686295895,0.0654000032227486,0.0561000051675364,0.0752000050852075
LARA,3,500,,16,entropy_encode,,3.018549999978859,2.698275009606732,3.4811999939847738,3229505,12961630,0.0020040694121014,float32,,calibrated,2426.88,5.0,,,Windows-11-10.0.26200-SP0,3.14.7,2.14.0+cpu,22,16,31.4,Intel(R) Core(TM) Ultra 7 155H,Intel(R) Core(TM) Ultra 7 155H,cpu,intel_r_core_tm_ultra_7_155h_cpu,331.28488844213405,1656.4244422106701,4969.27332663201,3.018549999978859,2.698275009606732,3.4811999939847738
LARA,3,500,,16,entropy_roundtrip,,5.114899991895072,4.510649996518623,6.336850005027372,3229505,12961630,0.0020040694121014,float32,,calibrated,2426.88,5.0,,,Windows-11-10.0.26200-SP0,3.14.7,2.14.0+cpu,22,16,31.4,Intel(R) Core(TM) Ultra 7 155H,Intel(R) Core(TM) Ultra 7 155H,cpu,intel_r_core_tm_ultra_7_155h_cpu,195.5072438531686,977.536219265843,2932.6086577975293,5.114899991895072,4.510649996518623,6.336850005027372
LARA,3,500,,16,dequantize,,0.0016999983927235,0.0015999976312741,0.0027000060072168,3229505,12961630,0.0020040694121014,float32,,calibrated,2426.88,5.0,,,Windows-11-10.0.26200-SP0,3.14.7,2.14.0+cpu,22,16,31.4,Intel(R) Core(TM) Ultra 7 155H,Intel(R) Core(TM) Ultra 7 155H,cpu,intel_r_core_tm_ultra_7_155h_cpu,588235.8502692109,2941179.251346054,8823537.754038164,0.0016999983927235,0.0015999976312741,0.0027000060072168
LARA,5,300,1.0,16,encoder,as_deployed,55.89204999705544,48.512850000406615,81.31229999344214,2026105,8147998,0.0137020007149813,float32,,,,,,,Windows-11-10.0.26200-SP0,3.14.7,2.14.0+cpu,22,16,31.4,Intel(R) Core(TM) Ultra 7 155H,Intel(R) Core(TM) Ultra 7 155H,cpu,intel_r_core_tm_ultra_7_155h_cpu,17.891632174033393,89.45816087016696,268.3744826105009,55.89204999705544,48.512850000406615,81.31229999344214
LARA,5,300,1.0,16,decoder,as_deployed,90.1171500008786,71.28300000113086,113.11420000492944,2026105,8147998,0.0137020007149813,float32,,,,,,,Windows-11-10.0.26200-SP0,3.14.7,2.14.0+cpu,22,16,31.4,Intel(R) Core(TM) Ultra 7 155H,Intel(R) Core(TM) Ultra 7 155H,cpu,intel_r_core_tm_ultra_7_155h_cpu,11.096666949523486,55.48333474761743,166.45000424285232,90.1171500008786,71.28300000113086,113.11420000492944
LARA,5,300,32.0,16,encoder,as_deployed,26.562346874925424,23.646377343652603,27.76867421857787,2026105,8147998,0.0137020007149813,float32,,,,,,,Windows-11-10.0.26200-SP0,3.14.7,2.14.0+cpu,22,16,31.4,Intel(R) Core(TM) Ultra 7 155H,Intel(R) Core(TM) Ultra 7 155H,cpu,intel_r_core_tm_ultra_7_155h_cpu,37.64727584910765,188.23637924553825,564.7091377366147,849.9950999976136,756.6840749968833,888.5975749944919
LARA,5,300,32.0,16,decoder,as_deployed,17.99455468767519,17.375422656186856,18.692794531261825,2026105,8147998,0.0137020007149813,float32,,,,,,,Windows-11-10.0.26200-SP0,3.14.7,2.14.0+cpu,22,16,31.4,Intel(R) Core(TM) Ultra 7 155H,Intel(R) Core(TM) Ultra 7 155H,cpu,intel_r_core_tm_ultra_7_155h_cpu,55.57236716087889,277.86183580439445,833.5855074131833,575.8257500056061,556.0135249979794,598.1694250003784
LARA,5,300,1.0,16,encoder,flushed,3.0669499974465,2.78397500369465,3.301024993561441,2026105,8147998,0.0137020007149813,float32,,,,,,,Windows-11-10.0.26200-SP0,3.14.7,2.14.0+cpu,22,16,31.4,Intel(R) Core(TM) Ultra 7 155H,Intel(R) Core(TM) Ultra 7 155H,cpu,intel_r_core_tm_ultra_7_155h_cpu,326.0568319772367,1630.2841598861835,4890.852479658551,3.0669499974465,2.78397500369465,3.301024993561441
LARA,5,300,1.0,16,decoder,flushed,6.249199999729171,4.6221999982662965,7.401625000056811,2026105,8147998,0.0137020007149813,float32,,,,,,,Windows-11-10.0.26200-SP0,3.14.7,2.14.0+cpu,22,16,31.4,Intel(R) Core(TM) Ultra 7 155H,Intel(R) Core(TM) Ultra 7 155H,cpu,intel_r_core_tm_ultra_7_155h_cpu,160.02048262871057,800.1024131435528,2400.3072394306587,6.249199999729171,4.6221999982662965,7.401625000056811
LARA,5,300,32.0,16,encoder,flushed,0.42637968749659194,0.39259218749521096,0.4546062501731285,2026105,8147998,0.0137020007149813,float32,,,,,,,Windows-11-10.0.26200-SP0,3.14.7,2.14.0+cpu,22,16,31.4,Intel(R) Core(TM) Ultra 7 155H,Intel(R) Core(TM) Ultra 7 155H,cpu,intel_r_core_tm_ultra_7_155h_cpu,2345.3274846916647,11726.637423458324,35179.91227037497,13.644149999890942,12.56294999984675,14.547400005540112
LARA,5,300,32.0,16,decoder,flushed,1.5091531249709078,1.4307109377114102,1.6921914062777432,2026105,8147998,0.0137020007149813,float32,,,,,,,Windows-11-10.0.26200-SP0,3.14.7,2.14.0+cpu,22,16,31.4,Intel(R) Core(TM) Ultra 7 155H,Intel(R) Core(TM) Ultra 7 155H,cpu,intel_r_core_tm_ultra_7_155h_cpu,662.6232841808396,3313.116420904198,9939.349262712594,48.29289999906905,45.78275000676513,54.15012500088778
LARA,5,300,32.0,16,memory,,,,,2026105,8147998,0.0137020007149813,float32,0.0,,,,,,Windows-11-10.0.26200-SP0,3.14.7,2.14.0+cpu,22,16,31.4,Intel(R) Core(TM) Ultra 7 155H,Intel(R) Core(TM) Ultra 7 155H,cpu,intel_r_core_tm_ultra_7_155h_cpu,,,,,,
LARA,5,300,,16,quantize,,0.0409999920520931,0.0377999967895448,0.0540999899385497,2026105,8147998,0.0137020007149813,float32,,calibrated,1472.0,5.0,,,Windows-11-10.0.26200-SP0,3.14.7,2.14.0+cpu,22,16,31.4,Intel(R) Core(TM) Ultra 7 155H,Intel(R) Core(TM) Ultra 7 155H,cpu,intel_r_core_tm_ultra_7_155h_cpu,24390.248630522572,121951.24315261285,365853.7294578386,0.0409999920520931,0.0377999967895448,0.0540999899385497
LARA,5,300,,16,entropy_encode,,2.033349999692291,1.7285500071011484,2.3720250064798165,2026105,8147998,0.0137020007149813,float32,,calibrated,1472.0,5.0,,,Windows-11-10.0.26200-SP0,3.14.7,2.14.0+cpu,22,16,31.4,Intel(R) Core(TM) Ultra 7 155H,Intel(R) Core(TM) Ultra 7 155H,cpu,intel_r_core_tm_ultra_7_155h_cpu,491.7992476215758,2458.9962381078785,7376.9887143236365,2.033349999692291,1.7285500071011484,2.3720250064798165
LARA,5,300,,16,entropy_roundtrip,,3.3579500086489134,2.984975009894697,4.779649996635271,2026105,8147998,0.0137020007149813,float32,,calibrated,1472.0,5.0,,,Windows-11-10.0.26200-SP0,3.14.7,2.14.0+cpu,22,16,31.4,Intel(R) Core(TM) Ultra 7 155H,Intel(R) Core(TM) Ultra 7 155H,cpu,intel_r_core_tm_ultra_7_155h_cpu,297.80074075681506,1489.0037037840752,4467.011111352226,3.3579500086489134,2.984975009894697,4.779649996635271
LARA,5,300,,16,dequantize,,0.00150001142174,0.0014999968698248,0.0015999976312741,2026105,8147998,0.0137020007149813,float32,,calibrated,1472.0,5.0,,,Windows-11-10.0.26200-SP0,3.14.7,2.14.0+cpu,22,16,31.4,Intel(R) Core(TM) Ultra 7 155H,Intel(R) Core(TM) Ultra 7 155H,cpu,intel_r_core_tm_ultra_7_155h_cpu,666661.5903764311,3333307.9518821556,9999923.855646467,0.00150001142174,0.0014999968698248,0.0015999976312741
LARA,10,150,1.0,16,encoder,as_deployed,3.1380000000353903,2.927249995991588,4.329799994593486,2049011,8240007,0.0026348187099432,float32,,,,,,,Windows-11-10.0.26200-SP0,3.14.7,2.14.0+cpu,22,16,31.4,Intel(R) Core(TM) Ultra 7 155H,Intel(R) Core(TM) Ultra 7 155H,cpu,intel_r_core_tm_ultra_7_155h_cpu,318.6743148466291,1593.3715742331453,4780.114722699436,3.1380000000353903,2.927249995991588,4.329799994593486
LARA,10,150,1.0,16,decoder,as_deployed,5.218499994953163,4.777900001499802,5.913300003157929,2049011,8240007,0.0026348187099432,float32,,,,,,,Windows-11-10.0.26200-SP0,3.14.7,2.14.0+cpu,22,16,31.4,Intel(R) Core(TM) Ultra 7 155H,Intel(R) Core(TM) Ultra 7 155H,cpu,intel_r_core_tm_ultra_7_155h_cpu,191.62594633843153,958.1297316921576,2874.389195076473,5.218499994953163,4.777900001499802,5.913300003157929
LARA,10,150,32.0,16,encoder,as_deployed,0.4732312499982072,0.4485031249714666,0.532728125108406,2049011,8240007,0.0026348187099432,float32,,,,,,,Windows-11-10.0.26200-SP0,3.14.7,2.14.0+cpu,22,16,31.4,Intel(R) Core(TM) Ultra 7 155H,Intel(R) Core(TM) Ultra 7 155H,cpu,intel_r_core_tm_ultra_7_155h_cpu,2113.1317933965443,10565.65896698272,31696.976900948164,15.14339999994263,14.352099999086931,17.04730000346899
LARA,10,150,32.0,16,decoder,as_deployed,1.7912109376538865,1.6881937499420019,2.044128906163678,2049011,8240007,0.0026348187099432,float32,,,,,,,Windows-11-10.0.26200-SP0,3.14.7,2.14.0+cpu,22,16,31.4,Intel(R) Core(TM) Ultra 7 155H,Intel(R) Core(TM) Ultra 7 155H,cpu,intel_r_core_tm_ultra_7_155h_cpu,558.2815395878455,2791.407697939227,8374.223093817682,57.31875000492437,54.02219999814406,65.4121249972377
LARA,10,150,1.0,16,encoder,flushed,4.273649996321183,3.9122000052884687,5.420400004368275,2049011,8240007,0.0026348187099432,float32,,,,,,,Windows-11-10.0.26200-SP0,3.14.7,2.14.0+cpu,22,16,31.4,Intel(R) Core(TM) Ultra 7 155H,Intel(R) Core(TM) Ultra 7 155H,cpu,intel_r_core_tm_ultra_7_155h_cpu,233.99202107351184,1169.9601053675592,3509.8803161026776,4.273649996321183,3.9122000052884687,5.420400004368275
LARA,10,150,1.0,16,decoder,flushed,9.428199991816657,7.93330000306014,9.977600013371555,2049011,8240007,0.0026348187099432,float32,,,,,,,Windows-11-10.0.26200-SP0,3.14.7,2.14.0+cpu,22,16,31.4,Intel(R) Core(TM) Ultra 7 155H,Intel(R) Core(TM) Ultra 7 155H,cpu,intel_r_core_tm_ultra_7_155h_cpu,106.06478446235384,530.3239223117691,1590.9717669353076,9.428199991816657,7.93330000306014,9.977600013371555
LARA,10,150,32.0,16,encoder,flushed,0.5415250000169181,0.4923843748656509,0.6294218751463632,2049011,8240007,0.0026348187099432,float32,,,,,,,Windows-11-10.0.26200-SP0,3.14.7,2.14.0+cpu,22,16,31.4,Intel(R) Core(TM) Ultra 7 155H,Intel(R) Core(TM) Ultra 7 155H,cpu,intel_r_core_tm_ultra_7_155h_cpu,1846.6368126471696,9233.184063235847,27699.552189707545,17.328800000541378,15.756299995700829,20.14150000468362
LARA,10,150,32.0,16,decoder,flushed,2.074351562441734,1.7937718748726184,2.3301703123479456,2049011,8240007,0.0026348187099432,float32,,,,,,,Windows-11-10.0.26200-SP0,3.14.7,2.14.0+cpu,22,16,31.4,Intel(R) Core(TM) Ultra 7 155H,Intel(R) Core(TM) Ultra 7 155H,cpu,intel_r_core_tm_ultra_7_155h_cpu,482.0783603445179,2410.391801722589,7231.175405167768,66.37924999813549,57.40069999592379,74.56544999513426
LARA,10,150,32.0,16,memory,,,,,2049011,8240007,0.0026348187099432,float32,4005888.0,,,,,,Windows-11-10.0.26200-SP0,3.14.7,2.14.0+cpu,22,16,31.4,Intel(R) Core(TM) Ultra 7 155H,Intel(R) Core(TM) Ultra 7 155H,cpu,intel_r_core_tm_ultra_7_155h_cpu,,,,,,
LARA,10,150,,16,quantize,,0.0333000061800703,0.0312000047415494,0.0414999958593398,2049011,8240007,0.0026348187099432,float32,,calibrated,753.92,5.0,,,Windows-11-10.0.26200-SP0,3.14.7,2.14.0+cpu,22,16,31.4,Intel(R) Core(TM) Ultra 7 155H,Intel(R) Core(TM) Ultra 7 155H,cpu,intel_r_core_tm_ultra_7_155h_cpu,30030.02445682696,150150.1222841348,450450.3668524044,0.0333000061800703,0.0312000047415494,0.0414999958593398
LARA,10,150,,16,entropy_encode,,1.0648000024957582,1.0445000007166527,1.0993999967467971,2049011,8240007,0.0026348187099432,float32,,calibrated,753.92,5.0,,,Windows-11-10.0.26200-SP0,3.14.7,2.14.0+cpu,22,16,31.4,Intel(R) Core(TM) Ultra 7 155H,Intel(R) Core(TM) Ultra 7 155H,cpu,intel_r_core_tm_ultra_7_155h_cpu,939.1434989257372,4695.717494628686,14087.152483886057,1.0648000024957582,1.0445000007166527,1.0993999967467971
LARA,10,150,,16,entropy_roundtrip,,2.011899996432476,1.949999990756624,2.111299996613525,2049011,8240007,0.0026348187099432,float32,,calibrated,753.92,5.0,,,Windows-11-10.0.26200-SP0,3.14.7,2.14.0+cpu,22,16,31.4,Intel(R) Core(TM) Ultra 7 155H,Intel(R) Core(TM) Ultra 7 155H,cpu,intel_r_core_tm_ultra_7_155h_cpu,497.04259743188595,2485.2129871594298,7455.638961478289,2.011899996432476,1.949999990756624,2.111299996613525
LARA,10,150,,16,dequantize,,0.0022000021999701,0.0018999999156221,0.0025000044843181,2049011,8240007,0.0026348187099432,float32,,calibrated,753.92,5.0,,,Windows-11-10.0.26200-SP0,3.14.7,2.14.0+cpu,22,16,31.4,Intel(R) Core(TM) Ultra 7 155H,Intel(R) Core(TM) Ultra 7 155H,cpu,intel_r_core_tm_ultra_7_155h_cpu,454545.00000663224,2272725.000033161,6818175.000099484,0.0022000021999701,0.0018999999156221,0.0025000044843181
LARA,15,100,1.0,16,encoder,as_deployed,11.251099997025449,8.89324999297969,24.77100000032806,1447361,5833415,0.0042943536563068,float32,,,,,,,Windows-11-10.0.26200-SP0,3.14.7,2.14.0+cpu,22,16,31.4,Intel(R) Core(TM) Ultra 7 155H,Intel(R) Core(TM) Ultra 7 155H,cpu,intel_r_core_tm_ultra_7_155h_cpu,88.88019840410081,444.400992020504,1333.2029760615123,11.251099997025449,8.89324999297969,24.77100000032806
LARA,15,100,1.0,16,decoder,as_deployed,7.013350004854146,5.805000004329486,8.229524992202641,1447361,5833415,0.0042943536563068,float32,,,,,,,Windows-11-10.0.26200-SP0,3.14.7,2.14.0+cpu,22,16,31.4,Intel(R) Core(TM) Ultra 7 155H,Intel(R) Core(TM) Ultra 7 155H,cpu,intel_r_core_tm_ultra_7_155h_cpu,142.58521238892547,712.9260619446273,2138.778185833882,7.013350004854146,5.805000004329486,8.229524992202641
LARA,15,100,32.0,16,encoder,as_deployed,3.140353124990725,3.0518984373202325,3.2232640625124986,1447361,5833415,0.0042943536563068,float32,,,,,,,Windows-11-10.0.26200-SP0,3.14.7,2.14.0+cpu,22,16,31.4,Intel(R) Core(TM) Ultra 7 155H,Intel(R) Core(TM) Ultra 7 155H,cpu,intel_r_core_tm_ultra_7_155h_cpu,318.43552626042765,1592.1776313021383,4776.532893906415,100.4912999997032,97.66074999424744,103.14445000039996
LARA,15,100,32.0,16,decoder,as_deployed,1.6502312500961125,1.4405210938548407,1.794013281255502,1447361,5833415,0.0042943536563068,float32,,,,,,,Windows-11-10.0.26200-SP0,3.14.7,2.14.0+cpu,22,16,31.4,Intel(R) Core(TM) Ultra 7 155H,Intel(R) Core(TM) Ultra 7 155H,cpu,intel_r_core_tm_ultra_7_155h_cpu,605.9756776159452,3029.878388079726,9089.635164239176,52.8074000030756,46.0966750033549,57.40842500017607
LARA,15,100,1.0,16,encoder,flushed,4.574299993691966,4.233350002323277,5.506050001713447,1447361,5833415,0.0042943536563068,float32,,,,,,,Windows-11-10.0.26200-SP0,3.14.7,2.14.0+cpu,22,16,31.4,Intel(R) Core(TM) Ultra 7 155H,Intel(R) Core(TM) Ultra 7 155H,cpu,intel_r_core_tm_ultra_7_155h_cpu,218.61268420939078,1093.0634210469539,3279.1902631408616,4.574299993691966,4.233350002323277,5.506050001713447
LARA,15,100,1.0,16,decoder,flushed,7.130400001187809,6.253500003367662,8.256800007075071,1447361,5833415,0.0042943536563068,float32,,,,,,,Windows-11-10.0.26200-SP0,3.14.7,2.14.0+cpu,22,16,31.4,Intel(R) Core(TM) Ultra 7 155H,Intel(R) Core(TM) Ultra 7 155H,cpu,intel_r_core_tm_ultra_7_155h_cpu,140.24458653559634,701.2229326779817,2103.668798033945,7.130400001187809,6.253500003367662,8.256800007075071
LARA,15,100,32.0,16,encoder,flushed,0.44960625018575223,0.4324843749827778,0.49335156245433615,1447361,5833415,0.0042943536563068,float32,,,,,,,Windows-11-10.0.26200-SP0,3.14.7,2.14.0+cpu,22,16,31.4,Intel(R) Core(TM) Ultra 7 155H,Intel(R) Core(TM) Ultra 7 155H,cpu,intel_r_core_tm_ultra_7_155h_cpu,2224.1683686266724,11120.841843133361,33362.52552940008,14.387400005944071,13.83949999944889,15.787249998538757
LARA,15,100,32.0,16,decoder,flushed,1.4208656250502827,1.3765218750450003,1.483868750142392,1447361,5833415,0.0042943536563068,float32,,,,,,,Windows-11-10.0.26200-SP0,3.14.7,2.14.0+cpu,22,16,31.4,Intel(R) Core(TM) Ultra 7 155H,Intel(R) Core(TM) Ultra 7 155H,cpu,intel_r_core_tm_ultra_7_155h_cpu,703.7963213196964,3518.981606598482,10556.944819795446,45.467700001609046,44.04870000144001,47.48380000455654
LARA,15,100,32.0,16,memory,,,,,1447361,5833415,0.0042943536563068,float32,872448.0,,,,,,Windows-11-10.0.26200-SP0,3.14.7,2.14.0+cpu,22,16,31.4,Intel(R) Core(TM) Ultra 7 155H,Intel(R) Core(TM) Ultra 7 155H,cpu,intel_r_core_tm_ultra_7_155h_cpu,,,,,,
LARA,15,100,,16,quantize,,0.0244999973801895,0.0238999928114935,0.0251000019488856,1447361,5833415,0.0042943536563068,float32,,calibrated,510.72,5.0,,,Windows-11-10.0.26200-SP0,3.14.7,2.14.0+cpu,22,16,31.4,Intel(R) Core(TM) Ultra 7 155H,Intel(R) Core(TM) Ultra 7 155H,cpu,intel_r_core_tm_ultra_7_155h_cpu,40816.33089514499,204081.65447572494,612244.9634271748,0.0244999973801895,0.0238999928114935,0.0251000019488856
LARA,15,100,,16,entropy_encode,,0.611449999269098,0.5327250000846107,0.724274999811314,1447361,5833415,0.0042943536563068,float32,,calibrated,510.72,5.0,,,Windows-11-10.0.26200-SP0,3.14.7,2.14.0+cpu,22,16,31.4,Intel(R) Core(TM) Ultra 7 155H,Intel(R) Core(TM) Ultra 7 155H,cpu,intel_r_core_tm_ultra_7_155h_cpu,1635.4567032387906,8177.283516193953,24531.85054858186,0.611449999269098,0.5327250000846107,0.724274999811314
LARA,15,100,,16,entropy_roundtrip,,1.0774999973364174,0.9749000055307988,1.2201250065118074,1447361,5833415,0.0042943536563068,float32,,calibrated,510.72,5.0,,,Windows-11-10.0.26200-SP0,3.14.7,2.14.0+cpu,22,16,31.4,Intel(R) Core(TM) Ultra 7 155H,Intel(R) Core(TM) Ultra 7 155H,cpu,intel_r_core_tm_ultra_7_155h_cpu,928.0742482338769,4640.371241169384,13921.113723508153,1.0774999973364174,0.9749000055307988,1.2201250065118074
LARA,15,100,,16,dequantize,,0.0014000106602907,0.0013999961083754,0.0016999983927235,1447361,5833415,0.0042943536563068,float32,,calibrated,510.72,5.0,,,Windows-11-10.0.26200-SP0,3.14.7,2.14.0+cpu,22,16,31.4,Intel(R) Core(TM) Ultra 7 155H,Intel(R) Core(TM) Ultra 7 155H,cpu,intel_r_core_tm_ultra_7_155h_cpu,714280.275403302,3571401.37701651,10714204.13104953,0.0014000106602907,0.0013999961083754,0.0016999983927235
LARA,20,75,1.0,16,encoder,as_deployed,25.415500000235625,13.936874995124526,29.592224989755778,1146536,4630087,0.0071404938529585,float32,,,,,,,Windows-11-10.0.26200-SP0,3.14.7,2.14.0+cpu,22,16,31.4,Intel(R) Core(TM) Ultra 7 155H,Intel(R) Core(TM) Ultra 7 155H,cpu,intel_r_core_tm_ultra_7_155h_cpu,39.34606834375594,196.73034171877967,590.1910251563392,25.415500000235625,13.936874995124526,29.592224989755778
LARA,20,75,1.0,16,decoder,as_deployed,5.105800009914674,4.746799997519702,6.749299995135516,1146536,4630087,0.0071404938529585,float32,,,,,,,Windows-11-10.0.26200-SP0,3.14.7,2.14.0+cpu,22,16,31.4,Intel(R) Core(TM) Ultra 7 155H,Intel(R) Core(TM) Ultra 7 155H,cpu,intel_r_core_tm_ultra_7_155h_cpu,195.8556931446893,979.2784657234464,2937.8353971703395,5.105800009914674,4.746799997519702,6.749299995135516
LARA,20,75,32.0,16,encoder,as_deployed,6.056789062313328,5.8209039062830925,6.549003124860065,1146536,4630087,0.0071404938529585,float32,,,,,,,Windows-11-10.0.26200-SP0,3.14.7,2.14.0+cpu,22,16,31.4,Intel(R) Core(TM) Ultra 7 155H,Intel(R) Core(TM) Ultra 7 155H,cpu,intel_r_core_tm_ultra_7_155h_cpu,165.10398326767225,825.5199163383612,2476.5597490150835,193.8172499940265,186.26892500105896,209.5680999955221
LARA,20,75,32.0,16,decoder,as_deployed,1.6563203125770087,1.568036718708754,1.9136296876922643,1146536,4630087,0.0071404938529585,float32,,,,,,,Windows-11-10.0.26200-SP0,3.14.7,2.14.0+cpu,22,16,31.4,Intel(R) Core(TM) Ultra 7 155H,Intel(R) Core(TM) Ultra 7 155H,cpu,intel_r_core_tm_ultra_7_155h_cpu,603.7479540682178,3018.739770341089,9056.219311023267,53.00225000246428,50.17717499868013,61.23615000615246
LARA,20,75,1.0,16,encoder,flushed,6.59684999845922,5.675399999745423,7.957749989145668,1146536,4630087,0.0071404938529585,float32,,,,,,,Windows-11-10.0.26200-SP0,3.14.7,2.14.0+cpu,22,16,31.4,Intel(R) Core(TM) Ultra 7 155H,Intel(R) Core(TM) Ultra 7 155H,cpu,intel_r_core_tm_ultra_7_155h_cpu,151.58750013014742,757.9375006507371,2273.8125019522113,6.59684999845922,5.675399999745423,7.957749989145668
LARA,20,75,1.0,16,decoder,flushed,10.45699999667704,7.951999999932013,16.31269999779761,1146536,4630087,0.0071404938529585,float32,,,,,,,Windows-11-10.0.26200-SP0,3.14.7,2.14.0+cpu,22,16,31.4,Intel(R) Core(TM) Ultra 7 155H,Intel(R) Core(TM) Ultra 7 155H,cpu,intel_r_core_tm_ultra_7_155h_cpu,95.62972174789843,478.14860873949215,1434.4458262184764,10.45699999667704,7.951999999932013,16.31269999779761
LARA,20,75,32.0,16,encoder,flushed,0.3358687499712687,0.30391874997803825,0.3857812498608837,1146536,4630087,0.0071404938529585,float32,,,,,,,Windows-11-10.0.26200-SP0,3.14.7,2.14.0+cpu,22,16,31.4,Intel(R) Core(TM) Ultra 7 155H,Intel(R) Core(TM) Ultra 7 155H,cpu,intel_r_core_tm_ultra_7_155h_cpu,2977.3535051580216,14886.767525790106,44660.30257737032,10.747799999080598,9.725399999297224,12.344999995548278
LARA,20,75,32.0,16,decoder,flushed,1.4670250000108354,1.2776882814478085,1.5904906250625572,1146536,4630087,0.0071404938529585,float32,,,,,,,Windows-11-10.0.26200-SP0,3.14.7,2.14.0+cpu,22,16,31.4,Intel(R) Core(TM) Ultra 7 155H,Intel(R) Core(TM) Ultra 7 155H,cpu,intel_r_core_tm_ultra_7_155h_cpu,681.6516419233578,3408.258209616789,10224.774628850368,46.94480000034673,40.886025006329874,50.89570000200183
LARA,20,75,32.0,16,memory,,,,,1146536,4630087,0.0071404938529585,float32,1212416.0,,,,,,Windows-11-10.0.26200-SP0,3.14.7,2.14.0+cpu,22,16,31.4,Intel(R) Core(TM) Ultra 7 155H,Intel(R) Core(TM) Ultra 7 155H,cpu,intel_r_core_tm_ultra_7_155h_cpu,,,,,,
LARA,20,75,,16,quantize,,0.0214000028790906,0.0212000013561919,0.0222000089706853,1146536,4630087,0.0071404938529585,float32,,calibrated,384.0,5.0,,,Windows-11-10.0.26200-SP0,3.14.7,2.14.0+cpu,22,16,31.4,Intel(R) Core(TM) Ultra 7 155H,Intel(R) Core(TM) Ultra 7 155H,cpu,intel_r_core_tm_ultra_7_155h_cpu,46728.965675844585,233644.82837922292,700934.4851376688,0.0214000028790906,0.0212000013561919,0.0222000089706853
LARA,20,75,,16,entropy_encode,,0.4782000032719224,0.4202000018267426,0.552950004930608,1146536,4630087,0.0071404938529585,float32,,calibrated,384.0,5.0,,,Windows-11-10.0.26200-SP0,3.14.7,2.14.0+cpu,22,16,31.4,Intel(R) Core(TM) Ultra 7 155H,Intel(R) Core(TM) Ultra 7 155H,cpu,intel_r_core_tm_ultra_7_155h_cpu,2091.1752261769907,10455.876130884953,31367.62839265486,0.4782000032719224,0.4202000018267426,0.552950004930608
LARA,20,75,,16,entropy_roundtrip,,0.8395000040763989,0.7985000047483481,0.8879500019247644,1146536,4630087,0.0071404938529585,float32,,calibrated,384.0,5.0,,,Windows-11-10.0.26200-SP0,3.14.7,2.14.0+cpu,22,16,31.4,Intel(R) Core(TM) Ultra 7 155H,Intel(R) Core(TM) Ultra 7 155H,cpu,intel_r_core_tm_ultra_7_155h_cpu,1191.1852235190636,5955.926117595318,17867.778352785954,0.8395000040763989,0.7985000047483481,0.8879500019247644
LARA,20,75,,16,dequantize,,0.00150001142174,0.0014999968698248,0.0015999976312741,1146536,4630087,0.0071404938529585,float32,,calibrated,384.0,5.0,,,Windows-11-10.0.26200-SP0,3.14.7,2.14.0+cpu,22,16,31.4,Intel(R) Core(TM) Ultra 7 155H,Intel(R) Core(TM) Ultra 7 155H,cpu,intel_r_core_tm_ultra_7_155h_cpu,666661.5903764311,3333307.9518821556,9999923.855646467,0.00150001142174,0.0014999968698248,0.0015999976312741
LARA,30,50,1.0,16,encoder,as_deployed,33.36315000342438,30.60919999552425,36.58049999648938,845711,3426823,0.0175393272344416,float32,,,,,,,Windows-11-10.0.26200-SP0,3.14.7,2.14.0+cpu,22,16,31.4,Intel(R) Core(TM) Ultra 7 155H,Intel(R) Core(TM) Ultra 7 155H,cpu,intel_r_core_tm_ultra_7_155h_cpu,29.973188979378758,149.86594489689378,449.5978346906814,33.36315000342438,30.60919999552425,36.58049999648938
LARA,30,50,1.0,16,decoder,as_deployed,5.170599994016811,4.761999996844679,6.2252000061562285,845711,3426823,0.0175393272344416,float32,,,,,,,Windows-11-10.0.26200-SP0,3.14.7,2.14.0+cpu,22,16,31.4,Intel(R) Core(TM) Ultra 7 155H,Intel(R) Core(TM) Ultra 7 155H,cpu,intel_r_core_tm_ultra_7_155h_cpu,193.40115289466516,967.0057644733257,2901.0172934199772,5.170599994016811,4.761999996844679,6.2252000061562285
LARA,30,50,32.0,16,encoder,as_deployed,17.389040625175767,14.202038281496243,18.625547656029084,845711,3426823,0.0175393272344416,float32,,,,,,,Windows-11-10.0.26200-SP0,3.14.7,2.14.0+cpu,22,16,31.4,Intel(R) Core(TM) Ultra 7 155H,Intel(R) Core(TM) Ultra 7 155H,cpu,intel_r_core_tm_ultra_7_155h_cpu,57.50748540734357,287.5374270367179,862.6122811101536,556.4493000056245,454.4652250078798,596.0175249929307
LARA,30,50,32.0,16,decoder,as_deployed,1.4673812499950145,1.3760867187784243,1.5910953125057858,845711,3426823,0.0175393272344416,float32,,,,,,,Windows-11-10.0.26200-SP0,3.14.7,2.14.0+cpu,22,16,31.4,Intel(R) Core(TM) Ultra 7 155H,Intel(R) Core(TM) Ultra 7 155H,cpu,intel_r_core_tm_ultra_7_155h_cpu,681.4861509259421,3407.43075462971,10222.29226388913,46.956199999840464,44.034775000909576,50.91505000018515
LARA,30,50,1.0,16,encoder,flushed,5.093300002044998,3.8648500049021095,5.499649996636435,845711,3426823,0.0175393272344416,float32,,,,,,,Windows-11-10.0.26200-SP0,3.14.7,2.14.0+cpu,22,16,31.4,Intel(R) Core(TM) Ultra 7 155H,Intel(R) Core(TM) Ultra 7 155H,cpu,intel_r_core_tm_ultra_7_155h_cpu,196.3363633790455,981.6818168952275,2945.0454506856827,5.093300002044998,3.8648500049021095,5.499649996636435
LARA,30,50,1.0,16,decoder,flushed,5.390499994973652,5.05380000686273,6.654450000496581,845711,3426823,0.0175393272344416,float32,,,,,,,Windows-11-10.0.26200-SP0,3.14.7,2.14.0+cpu,22,16,31.4,Intel(R) Core(TM) Ultra 7 155H,Intel(R) Core(TM) Ultra 7 155H,cpu,intel_r_core_tm_ultra_7_155h_cpu,185.51154826684828,927.5577413342413,2782.673224002724,5.390499994973652,5.05380000686273,6.654450000496581
LARA,30,50,32.0,16,encoder,flushed,0.4240859375386207,0.410885937412786,0.4432312500739499,845711,3426823,0.0175393272344416,float32,,,,,,,Windows-11-10.0.26200-SP0,3.14.7,2.14.0+cpu,22,16,31.4,Intel(R) Core(TM) Ultra 7 155H,Intel(R) Core(TM) Ultra 7 155H,cpu,intel_r_core_tm_ultra_7_155h_cpu,2358.012637259239,11790.063186296195,35370.18955888859,13.570750001235863,13.148349997209152,14.183400002366398
LARA,30,50,32.0,16,decoder,flushed,1.437600000144812,1.3675445312628653,1.4707070314443627,845711,3426823,0.0175393272344416,float32,,,,,,,Windows-11-10.0.26200-SP0,3.14.7,2.14.0+cpu,22,16,31.4,Intel(R) Core(TM) Ultra 7 155H,Intel(R) Core(TM) Ultra 7 155H,cpu,intel_r_core_tm_ultra_7_155h_cpu,695.603784014516,3478.01892007258,10434.056760217742,46.00320000463398,43.76142500041169,47.062625006219605
LARA,30,50,32.0,16,memory,,,,,845711,3426823,0.0175393272344416,float32,393216.0,,,,,,Windows-11-10.0.26200-SP0,3.14.7,2.14.0+cpu,22,16,31.4,Intel(R) Core(TM) Ultra 7 155H,Intel(R) Core(TM) Ultra 7 155H,cpu,intel_r_core_tm_ultra_7_155h_cpu,,,,,,
LARA,30,50,,16,quantize,,0.0217999913729727,0.0209999998332932,0.0220000074477866,845711,3426823,0.0175393272344416,float32,,calibrated,261.12,5.0,,,Windows-11-10.0.26200-SP0,3.14.7,2.14.0+cpu,22,16,31.4,Intel(R) Core(TM) Ultra 7 155H,Intel(R) Core(TM) Ultra 7 155H,cpu,intel_r_core_tm_ultra_7_155h_cpu,45871.57778602541,229357.88893012702,688073.6667903811,0.0217999913729727,0.0209999998332932,0.0220000074477866
LARA,30,50,,16,entropy_encode,,0.3125000075669959,0.2752000000327825,0.3506000066408887,845711,3426823,0.0175393272344416,float32,,calibrated,261.12,5.0,,,Windows-11-10.0.26200-SP0,3.14.7,2.14.0+cpu,22,16,31.4,Intel(R) Core(TM) Ultra 7 155H,Intel(R) Core(TM) Ultra 7 155H,cpu,intel_r_core_tm_ultra_7_155h_cpu,3199.9999225139636,15999.999612569818,47999.998837709456,0.3125000075669959,0.2752000000327825,0.3506000066408887
LARA,30,50,,16,entropy_roundtrip,,0.6001500005368143,0.520200002938509,0.6836499997007195,845711,3426823,0.0175393272344416,float32,,calibrated,261.12,5.0,,,Windows-11-10.0.26200-SP0,3.14.7,2.14.0+cpu,22,16,31.4,Intel(R) Core(TM) Ultra 7 155H,Intel(R) Core(TM) Ultra 7 155H,cpu,intel_r_core_tm_ultra_7_155h_cpu,1666.250102650226,8331.250513251129,24993.75153975339,0.6001500005368143,0.520200002938509,0.6836499997007195
LARA,30,50,,16,dequantize,,0.0014999968698248,0.0014999968698248,0.0015999976312741,845711,3426823,0.0175393272344416,float32,,calibrated,261.12,5.0,,,Windows-11-10.0.26200-SP0,3.14.7,2.14.0+cpu,22,16,31.4,Intel(R) Core(TM) Ultra 7 155H,Intel(R) Core(TM) Ultra 7 155H,cpu,intel_r_core_tm_ultra_7_155h_cpu,666668.0578585475,3333340.2892927374,10000020.867878214,0.0014999968698248,0.0014999968698248,0.0015999976312741
LARA,50,30,1.0,16,encoder,as_deployed,234.57225000311155,206.27827500356943,262.29465000506025,771547,3143989,0.2310316398453295,float32,,,,,,,Windows-11-10.0.26200-SP0,3.14.7,2.14.0+cpu,22,16,31.4,Intel(R) Core(TM) Ultra 7 155H,Intel(R) Core(TM) Ultra 7 155H,cpu,intel_r_core_tm_ultra_7_155h_cpu,4.263078859441964,21.315394297209817,63.94618289162946,234.57225000311155,206.27827500356943,262.29465000506025
LARA,50,30,1.0,16,decoder,as_deployed,4.725399994640611,4.332949993113289,5.791625004349044,771547,3143989,0.2310316398453295,float32,,,,,,,Windows-11-10.0.26200-SP0,3.14.7,2.14.0+cpu,22,16,31.4,Intel(R) Core(TM) Ultra 7 155H,Intel(R) Core(TM) Ultra 7 155H,cpu,intel_r_core_tm_ultra_7_155h_cpu,211.62229676517674,1058.1114838258836,3174.3344514776513,4.725399994640611,4.332949993113289,5.791625004349044
LARA,50,30,32.0,16,encoder,as_deployed,57.385346874980314,55.41634375015292,59.740956250038835,771547,3143989,0.2310316398453295,float32,,,,,,,Windows-11-10.0.26200-SP0,3.14.7,2.14.0+cpu,22,16,31.4,Intel(R) Core(TM) Ultra 7 155H,Intel(R) Core(TM) Ultra 7 155H,cpu,intel_r_core_tm_ultra_7_155h_cpu,17.426051325935163,87.13025662967581,261.39076988902747,1836.33109999937,1773.3230000048934,1911.7106000012427
LARA,50,30,32.0,16,decoder,as_deployed,1.287040624902147,1.2440632813195407,1.353971874891613,771547,3143989,0.2310316398453295,float32,,,,,,,Windows-11-10.0.26200-SP0,3.14.7,2.14.0+cpu,22,16,31.4,Intel(R) Core(TM) Ultra 7 155H,Intel(R) Core(TM) Ultra 7 155H,cpu,intel_r_core_tm_ultra_7_155h_cpu,776.9762512943439,3884.8812564717196,11654.643769415157,41.18529999686871,39.8100250022253,43.327099996531615
LARA,50,30,1.0,16,encoder,flushed,5.384349991800264,4.934599994157907,5.8724250047816895,771547,3143989,0.2310316398453295,float32,,,,,,,Windows-11-10.0.26200-SP0,3.14.7,2.14.0+cpu,22,16,31.4,Intel(R) Core(TM) Ultra 7 155H,Intel(R) Core(TM) Ultra 7 155H,cpu,intel_r_core_tm_ultra_7_155h_cpu,185.7234395094827,928.6171975474134,2785.85159264224,5.384349991800264,4.934599994157907,5.8724250047816895
LARA,50,30,1.0,16,decoder,flushed,6.435350005631335,4.8531499996897765,7.8635999961989,771547,3143989,0.2310316398453295,float32,,,,,,,Windows-11-10.0.26200-SP0,3.14.7,2.14.0+cpu,22,16,31.4,Intel(R) Core(TM) Ultra 7 155H,Intel(R) Core(TM) Ultra 7 155H,cpu,intel_r_core_tm_ultra_7_155h_cpu,155.39170350096532,776.9585175048265,2330.87555251448,6.435350005631335,4.8531499996897765,7.8635999961989
LARA,50,30,32.0,16,encoder,flushed,0.705535937413515,0.6626890626648675,0.7411054687054275,771547,3143989,0.2310316398453295,float32,,,,,,,Windows-11-10.0.26200-SP0,3.14.7,2.14.0+cpu,22,16,31.4,Intel(R) Core(TM) Ultra 7 155H,Intel(R) Core(TM) Ultra 7 155H,cpu,intel_r_core_tm_ultra_7_155h_cpu,1417.3622447440257,7086.8112237201285,21260.433671160386,22.57714999723248,21.20605000527576,23.71537499857368
LARA,50,30,32.0,16,decoder,flushed,1.2250937500084547,1.1956734372233768,1.303549218846456,771547,3143989,0.2310316398453295,float32,,,,,,,Windows-11-10.0.26200-SP0,3.14.7,2.14.0+cpu,22,16,31.4,Intel(R) Core(TM) Ultra 7 155H,Intel(R) Core(TM) Ultra 7 155H,cpu,intel_r_core_tm_ultra_7_155h_cpu,816.2640614182374,4081.320307091187,12243.960921273561,39.20300000027055,38.26154999114806,41.71357500308659
LARA,50,30,32.0,16,memory,,,,,771547,3143989,0.2310316398453295,float32,0.0,,,,,,Windows-11-10.0.26200-SP0,3.14.7,2.14.0+cpu,22,16,31.4,Intel(R) Core(TM) Ultra 7 155H,Intel(R) Core(TM) Ultra 7 155H,cpu,intel_r_core_tm_ultra_7_155h_cpu,,,,,,
LARA,50,30,,16,quantize,,0.0170999992405995,0.0132999994093552,0.0289000017801299,771547,3143989,0.2310316398453295,float32,,calibrated,160.0,5.0,,,Windows-11-10.0.26200-SP0,3.14.7,2.14.0+cpu,22,16,31.4,Intel(R) Core(TM) Ultra 7 155H,Intel(R) Core(TM) Ultra 7 155H,cpu,intel_r_core_tm_ultra_7_155h_cpu,58479.534760782924,292397.67380391463,877193.0214117438,0.0170999992405995,0.0132999994093552,0.0289000017801299
LARA,50,30,,16,entropy_encode,,0.2118999982485547,0.1579999952809885,0.2474750071996823,771547,3143989,0.2310316398453295,float32,,calibrated,160.0,5.0,,,Windows-11-10.0.26200-SP0,3.14.7,2.14.0+cpu,22,16,31.4,Intel(R) Core(TM) Ultra 7 155H,Intel(R) Core(TM) Ultra 7 155H,cpu,intel_r_core_tm_ultra_7_155h_cpu,4719.207212201195,23596.036061005972,70788.10818301793,0.2118999982485547,0.1579999952809885,0.2474750071996823
LARA,50,30,,16,entropy_roundtrip,,0.2822999958880245,0.2696999872568995,0.4232000064803287,771547,3143989,0.2310316398453295,float32,,calibrated,160.0,5.0,,,Windows-11-10.0.26200-SP0,3.14.7,2.14.0+cpu,22,16,31.4,Intel(R) Core(TM) Ultra 7 155H,Intel(R) Core(TM) Ultra 7 155H,cpu,intel_r_core_tm_ultra_7_155h_cpu,3542.3309052992486,17711.65452649624,53134.96357948873,0.2822999958880245,0.2696999872568995,0.4232000064803287
LARA,50,30,,16,dequantize,,0.0013999961083754,0.0012999953469261,0.0021000014385208,771547,3143989,0.2310316398453295,float32,,calibrated,160.0,5.0,,,Windows-11-10.0.26200-SP0,3.14.7,2.14.0+cpu,22,16,31.4,Intel(R) Core(TM) Ultra 7 155H,Intel(R) Core(TM) Ultra 7 155H,cpu,intel_r_core_tm_ultra_7_155h_cpu,714287.6998139886,3571438.499069943,10714315.49720983,0.0013999961083754,0.0012999953469261,0.0021000014385208
LARA,60,25,1.0,16,encoder,as_deployed,303.3654500031844,238.336900001741,351.9222750001063,741462,3023669,0.4301298554864413,float32,,,,,,,Windows-11-10.0.26200-SP0,3.14.7,2.14.0+cpu,22,16,31.4,Intel(R) Core(TM) Ultra 7 155H,Intel(R) Core(TM) Ultra 7 155H,cpu,intel_r_core_tm_ultra_7_155h_cpu,3.2963542815752525,16.481771407876263,49.445314223628785,303.3654500031844,238.336900001741,351.9222750001063
LARA,60,25,1.0,16,decoder,as_deployed,208.21580000483664,182.3774750009761,239.5896250054648,741462,3023669,0.4301298554864413,float32,,,,,,,Windows-11-10.0.26200-SP0,3.14.7,2.14.0+cpu,22,16,31.4,Intel(R) Core(TM) Ultra 7 155H,Intel(R) Core(TM) Ultra 7 155H,cpu,intel_r_core_tm_ultra_7_155h_cpu,4.802709496478034,24.01354748239017,72.04064244717051,208.21580000483664,182.3774750009761,239.5896250054648
LARA,60,25,32.0,16,encoder,as_deployed,71.01816406247963,69.01556171862921,74.6821710936274,741462,3023669,0.4301298554864413,float32,,,,,,,Windows-11-10.0.26200-SP0,3.14.7,2.14.0+cpu,22,16,31.4,Intel(R) Core(TM) Ultra 7 155H,Intel(R) Core(TM) Ultra 7 155H,cpu,intel_r_core_tm_ultra_7_155h_cpu,14.080904698130894,70.40452349065447,211.2135704719634,2272.581249999348,2208.497974996135,2389.829474996077
LARA,60,25,32.0,16,decoder,as_deployed,53.667032812654725,50.55595937483304,59.44814687495637,741462,3023669,0.4301298554864413,float32,,,,,,,Windows-11-10.0.26200-SP0,3.14.7,2.14.0+cpu,22,16,31.4,Intel(R) Core(TM) Ultra 7 155H,Intel(R) Core(TM) Ultra 7 155H,cpu,intel_r_core_tm_ultra_7_155h_cpu,18.633413244419195,93.16706622209597,279.5011986662879,1717.3450500049512,1617.7906999946572,1902.340699998604
LARA,60,25,1.0,16,encoder,flushed,5.424099996162113,4.961750000802567,5.856174993823515,741462,3023669,0.4301298554864413,float32,,,,,,,Windows-11-10.0.26200-SP0,3.14.7,2.14.0+cpu,22,16,31.4,Intel(R) Core(TM) Ultra 7 155H,Intel(R) Core(TM) Ultra 7 155H,cpu,intel_r_core_tm_ultra_7_155h_cpu,184.36238282988182,921.8119141494091,2765.4357424482273,5.424099996162113,4.961750000802567,5.856174993823515
LARA,60,25,1.0,16,decoder,flushed,5.331899999873713,5.0771249989338685,6.108925001171883,741462,3023669,0.4301298554864413,float32,,,,,,,Windows-11-10.0.26200-SP0,3.14.7,2.14.0+cpu,22,16,31.4,Intel(R) Core(TM) Ultra 7 155H,Intel(R) Core(TM) Ultra 7 155H,cpu,intel_r_core_tm_ultra_7_155h_cpu,187.55040417556316,937.7520208778158,2813.2560626334475,5.331899999873713,5.0771249989338685,6.108925001171883
LARA,60,25,32.0,16,encoder,flushed,0.7407734374282882,0.7071640625326836,0.8155539062499884,741462,3023669,0.4301298554864413,float32,,,,,,,Windows-11-10.0.26200-SP0,3.14.7,2.14.0+cpu,22,16,31.4,Intel(R) Core(TM) Ultra 7 155H,Intel(R) Core(TM) Ultra 7 155H,cpu,intel_r_core_tm_ultra_7_155h_cpu,1349.94041291715,6749.70206458575,20249.106193757252,23.70474999770522,22.629250001045875,26.097724999999627
LARA,60,25,32.0,16,decoder,flushed,1.4608484373184183,1.4245593752093555,1.6603773436827396,741462,3023669,0.4301298554864413,float32,,,,,,,Windows-11-10.0.26200-SP0,3.14.7,2.14.0+cpu,22,16,31.4,Intel(R) Core(TM) Ultra 7 155H,Intel(R) Core(TM) Ultra 7 155H,cpu,intel_r_core_tm_ultra_7_155h_cpu,684.533709626738,3422.6685481336895,10268.005644401068,46.747149994189385,45.585900006699376,53.13207499784767
LARA,60,25,32.0,16,memory,,,,,741462,3023669,0.4301298554864413,float32,163840.0,,,,,,Windows-11-10.0.26200-SP0,3.14.7,2.14.0+cpu,22,16,31.4,Intel(R) Core(TM) Ultra 7 155H,Intel(R) Core(TM) Ultra 7 155H,cpu,intel_r_core_tm_ultra_7_155h_cpu,,,,,,
LARA,60,25,,16,quantize,,0.0168999977177009,0.0164000084623694,0.0171000137925148,741462,3023669,0.4301298554864413,float32,,calibrated,133.76,5.0,,,Windows-11-10.0.26200-SP0,3.14.7,2.14.0+cpu,22,16,31.4,Intel(R) Core(TM) Ultra 7 155H,Intel(R) Core(TM) Ultra 7 155H,cpu,intel_r_core_tm_ultra_7_155h_cpu,59171.60562410073,295858.02812050364,887574.0843615109,0.0168999977177009,0.0164000084623694,0.0171000137925148
LARA,60,25,,16,entropy_encode,,0.1670000056037679,0.1644000003580004,0.2152999950340017,741462,3023669,0.4301298554864413,float32,,calibrated,133.76,5.0,,,Windows-11-10.0.26200-SP0,3.14.7,2.14.0+cpu,22,16,31.4,Intel(R) Core(TM) Ultra 7 155H,Intel(R) Core(TM) Ultra 7 155H,cpu,intel_r_core_tm_ultra_7_155h_cpu,5988.023751164699,29940.118755823496,89820.35626747049,0.1670000056037679,0.1644000003580004,0.2152999950340017
LARA,60,25,,16,entropy_roundtrip,,0.328550006088335,0.2655999996932223,0.3383249968464952,741462,3023669,0.4301298554864413,float32,,calibrated,133.76,5.0,,,Windows-11-10.0.26200-SP0,3.14.7,2.14.0+cpu,22,16,31.4,Intel(R) Core(TM) Ultra 7 155H,Intel(R) Core(TM) Ultra 7 155H,cpu,intel_r_core_tm_ultra_7_155h_cpu,3043.676705125785,15218.383525628924,45655.15057688677,0.328550006088335,0.2655999996932223,0.3383249968464952
LARA,60,25,,16,dequantize,,0.0019000144675374,0.0017999991541728,0.0021000014385208,741462,3023669,0.4301298554864413,float32,,calibrated,133.76,5.0,,,Windows-11-10.0.26200-SP0,3.14.7,2.14.0+cpu,22,16,31.4,Intel(R) Core(TM) Ultra 7 155H,Intel(R) Core(TM) Ultra 7 155H,cpu,intel_r_core_tm_ultra_7_155h_cpu,526311.7818761114,2631558.909380557,7894676.728141671,0.0019000144675374,0.0017999991541728,0.0021000014385208
LARA,100,15,1.0,16,encoder,as_deployed,315.93625000095926,214.4590999923821,355.4182749976462,681292,2783156,0.5292386815651595,float32,,,,,,,Windows-11-10.0.26200-SP0,3.14.7,2.14.0+cpu,22,16,31.4,Intel(R) Core(TM) Ultra 7 155H,Intel(R) Core(TM) Ultra 7 155H,cpu,intel_r_core_tm_ultra_7_155h_cpu,3.1651955101605584,15.825977550802792,47.47793265240838,315.93625000095926,214.4590999923821,355.4182749976462
LARA,100,15,1.0,16,decoder,as_deployed,222.39215000445256,211.25710000706025,245.0238000019453,681292,2783156,0.5292386815651595,float32,,,,,,,Windows-11-10.0.26200-SP0,3.14.7,2.14.0+cpu,22,16,31.4,Intel(R) Core(TM) Ultra 7 155H,Intel(R) Core(TM) Ultra 7 155H,cpu,intel_r_core_tm_ultra_7_155h_cpu,4.496561591674791,22.482807958373954,67.44842387512186,222.39215000445256,211.25710000706025,245.0238000019453
LARA,100,15,32.0,16,encoder,as_deployed,79.13733750001484,74.42217265599993,83.28751875012587,681292,2783156,0.5292386815651595,float32,,,,,,,Windows-11-10.0.26200-SP0,3.14.7,2.14.0+cpu,22,16,31.4,Intel(R) Core(TM) Ultra 7 155H,Intel(R) Core(TM) Ultra 7 155H,cpu,intel_r_core_tm_ultra_7_155h_cpu,12.636260349292298,63.181301746461486,189.5439052393845,2532.394800000475,2381.5095249919978,2665.200600004028
LARA,100,15,32.0,16,decoder,as_deployed,73.88264843757497,70.62179921877032,81.18946875003985,681292,2783156,0.5292386815651595,float32,,,,,,,Windows-11-10.0.26200-SP0,3.14.7,2.14.0+cpu,22,16,31.4,Intel(R) Core(TM) Ultra 7 155H,Intel(R) Core(TM) Ultra 7 155H,cpu,intel_r_core_tm_ultra_7_155h_cpu,13.534977713270814,67.67488856635407,203.0246656990622,2364.244750002399,2259.8975750006502,2598.063000001275
LARA,100,15,1.0,16,encoder,flushed,5.466000002343208,4.867600000579841,6.502700009150431,681292,2783156,0.5292386815651595,float32,,,,,,,Windows-11-10.0.26200-SP0,3.14.7,2.14.0+cpu,22,16,31.4,Intel(R) Core(TM) Ultra 7 155H,Intel(R) Core(TM) Ultra 7 155H,cpu,intel_r_core_tm_ultra_7_155h_cpu,182.94914006061327,914.7457003030663,2744.2371009091994,5.466000002343208,4.867600000579841,6.502700009150431
LARA,100,15,1.0,16,decoder,flushed,4.65740000072401,4.255799998645671,7.056400005239993,681292,2783156,0.5292386815651595,float32,,,,,,,Windows-11-10.0.26200-SP0,3.14.7,2.14.0+cpu,22,16,31.4,Intel(R) Core(TM) Ultra 7 155H,Intel(R) Core(TM) Ultra 7 155H,cpu,intel_r_core_tm_ultra_7_155h_cpu,214.71207107926017,1073.5603553963008,3220.6810661889026,4.65740000072401,4.255799998645671,7.056400005239993
LARA,100,15,32.0,16,encoder,flushed,0.6617703124902619,0.6436968750449523,0.7154546877927715,681292,2783156,0.5292386815651595,float32,,,,,,,Windows-11-10.0.26200-SP0,3.14.7,2.14.0+cpu,22,16,31.4,Intel(R) Core(TM) Ultra 7 155H,Intel(R) Core(TM) Ultra 7 155H,cpu,intel_r_core_tm_ultra_7_155h_cpu,1511.098308772676,7555.49154386338,22666.47463159014,21.17664999968838,20.598300001438474,22.89455000936869
LARA,100,15,32.0,16,decoder,flushed,1.3152906251434615,1.2249164063860005,1.469976562702868,681292,2783156,0.5292386815651595,float32,,,,,,,Windows-11-10.0.26200-SP0,3.14.7,2.14.0+cpu,22,16,31.4,Intel(R) Core(TM) Ultra 7 155H,Intel(R) Core(TM) Ultra 7 155H,cpu,intel_r_core_tm_ultra_7_155h_cpu,760.2882441976866,3801.4412209884326,11404.3236629653,42.08930000459077,39.19732500435202,47.03925000649178
LARA,100,15,32.0,16,memory,,,,,681292,2783156,0.5292386815651595,float32,12374016.0,,,,,,Windows-11-10.0.26200-SP0,3.14.7,2.14.0+cpu,22,16,31.4,Intel(R) Core(TM) Ultra 7 155H,Intel(R) Core(TM) Ultra 7 155H,cpu,intel_r_core_tm_ultra_7_155h_cpu,,,,,,
LARA,100,15,,16,quantize,,0.0157999893417581,0.0156000023707747,0.0159000046551227,681292,2783156,0.5292386815651595,float32,,calibrated,96.0,5.0,,,Windows-11-10.0.26200-SP0,3.14.7,2.14.0+cpu,22,16,31.4,Intel(R) Core(TM) Ultra 7 155H,Intel(R) Core(TM) Ultra 7 155H,cpu,intel_r_core_tm_ultra_7_155h_cpu,63291.18193498273,316455.9096749136,949367.729024741,0.0157999893417581,0.0156000023707747,0.0159000046551227
LARA,100,15,,16,entropy_encode,,0.0967999949352815,0.0788000033935532,0.1211999915540218,681292,2783156,0.5292386815651595,float32,,calibrated,96.0,5.0,,,Windows-11-10.0.26200-SP0,3.14.7,2.14.0+cpu,22,16,31.4,Intel(R) Core(TM) Ultra 7 155H,Intel(R) Core(TM) Ultra 7 155H,cpu,intel_r_core_tm_ultra_7_155h_cpu,10330.579052907797,51652.89526453898,154958.68579361695,0.0967999949352815,0.0788000033935532,0.1211999915540218
LARA,100,15,,16,entropy_roundtrip,,0.1797000004444271,0.152900000102818,0.1881749958556611,681292,2783156,0.5292386815651595,float32,,calibrated,96.0,5.0,,,Windows-11-10.0.26200-SP0,3.14.7,2.14.0+cpu,22,16,31.4,Intel(R) Core(TM) Ultra 7 155H,Intel(R) Core(TM) Ultra 7 155H,cpu,intel_r_core_tm_ultra_7_155h_cpu,5564.83025891396,27824.1512945698,83472.4538837094,0.1797000004444271,0.152900000102818,0.1881749958556611
LARA,100,15,,16,dequantize,,0.0016999983927235,0.0015999976312741,0.0020000006770715,681292,2783156,0.5292386815651595,float32,,calibrated,96.0,5.0,,,Windows-11-10.0.26200-SP0,3.14.7,2.14.0+cpu,22,16,31.4,Intel(R) Core(TM) Ultra 7 155H,Intel(R) Core(TM) Ultra 7 155H,cpu,intel_r_core_tm_ultra_7_155h_cpu,588235.8502692109,2941179.251346054,8823537.754038164,0.0016999983927235,0.0015999976312741,0.0020000006770715
GeneralizedAutoencoder,2,750,1.0,16,encoder,as_deployed,0.7573000038973987,0.7088999991538003,0.8365000103367493,18022319,72094386,0.0,float32,,,,,,,Windows-11-10.0.26200-SP0,3.14.7,2.14.0+cpu,22,16,31.4,Intel(R) Core(TM) Ultra 7 155H,Intel(R) Core(TM) Ultra 7 155H,cpu,intel_r_core_tm_ultra_7_155h_cpu,1320.480648162631,6602.403240813155,19807.209722439464,0.7573000038973987,0.7088999991538003,0.8365000103367493
GeneralizedAutoencoder,2,750,1.0,16,decoder,as_deployed,1.117800005886238,1.0166999891225714,1.266899998881854,18022319,72094386,0.0,float32,,,,,,,Windows-11-10.0.26200-SP0,3.14.7,2.14.0+cpu,22,16,31.4,Intel(R) Core(TM) Ultra 7 155H,Intel(R) Core(TM) Ultra 7 155H,cpu,intel_r_core_tm_ultra_7_155h_cpu,894.6144164735074,4473.0720823675365,13419.216247102611,1.117800005886238,1.0166999891225714,1.266899998881854
GeneralizedAutoencoder,2,750,32.0,16,encoder,as_deployed,0.16710937484276656,0.13154218743238744,0.1742437502798566,18022319,72094386,0.0,float32,,,,,,,Windows-11-10.0.26200-SP0,3.14.7,2.14.0+cpu,22,16,31.4,Intel(R) Core(TM) Ultra 7 155H,Intel(R) Core(TM) Ultra 7 155H,cpu,intel_r_core_tm_ultra_7_155h_cpu,5984.104727463085,29920.523637315422,89761.57091194627,5.34749999496853,4.209349997836398,5.575800008955412
GeneralizedAutoencoder,2,750,32.0,16,decoder,as_deployed,0.14045000011719821,0.13128281239005446,0.1530242186618125,18022319,72094386,0.0,float32,,,,,,,Windows-11-10.0.26200-SP0,3.14.7,2.14.0+cpu,22,16,31.4,Intel(R) Core(TM) Ultra 7 155H,Intel(R) Core(TM) Ultra 7 155H,cpu,intel_r_core_tm_ultra_7_155h_cpu,7119.971514172674,35599.857570863365,106799.5727125901,4.494400003750343,4.201049996481743,4.896774997178
GeneralizedAutoencoder,2,750,1.0,16,encoder,flushed,0.9112999978242442,0.850799995532725,0.9798999963095412,18022319,72094386,0.0,float32,,,,,,,Windows-11-10.0.26200-SP0,3.14.7,2.14.0+cpu,22,16,31.4,Intel(R) Core(TM) Ultra 7 155H,Intel(R) Core(TM) Ultra 7 155H,cpu,intel_r_core_tm_ultra_7_155h_cpu,1097.33348226438,5486.6674113219005,16460.002233965704,0.9112999978242442,0.850799995532725,0.9798999963095412
GeneralizedAutoencoder,2,750,1.0,16,decoder,flushed,1.1100999981863424,1.028400001814589,1.2033000093651935,18022319,72094386,0.0,float32,,,,,,,Windows-11-10.0.26200-SP0,3.14.7,2.14.0+cpu,22,16,31.4,Intel(R) Core(TM) Ultra 7 155H,Intel(R) Core(TM) Ultra 7 155H,cpu,intel_r_core_tm_ultra_7_155h_cpu,900.8197474405716,4504.098737202858,13512.296211608575,1.1100999981863424,1.028400001814589,1.2033000093651935
GeneralizedAutoencoder,2,750,32.0,16,encoder,flushed,0.196043750293029,0.17631874970902572,0.20722499994008103,18022319,72094386,0.0,float32,,,,,,,Windows-11-10.0.26200-SP0,3.14.7,2.14.0+cpu,22,16,31.4,Intel(R) Core(TM) Ultra 7 155H,Intel(R) Core(TM) Ultra 7 155H,cpu,intel_r_core_tm_ultra_7_155h_cpu,5100.9022144561495,25504.511072280748,76513.53321684223,6.273400009376928,5.642199990688823,6.631199998082593
GeneralizedAutoencoder,2,750,32.0,16,decoder,flushed,0.14800000008108327,0.13669218765244298,0.16649999997753184,18022319,72094386,0.0,float32,,,,,,,Windows-11-10.0.26200-SP0,3.14.7,2.14.0+cpu,22,16,31.4,Intel(R) Core(TM) Ultra 7 155H,Intel(R) Core(TM) Ultra 7 155H,cpu,intel_r_core_tm_ultra_7_155h_cpu,6756.756753055,33783.783765275,101351.351295825,4.736000002594665,4.374150004878175,5.327999999281019
GeneralizedAutoencoder,2,750,32.0,16,memory,,,,,18022319,72094386,0.0,float32,4096.0,,,,,,Windows-11-10.0.26200-SP0,3.14.7,2.14.0+cpu,22,16,31.4,Intel(R) Core(TM) Ultra 7 155H,Intel(R) Core(TM) Ultra 7 155H,cpu,intel_r_core_tm_ultra_7_155h_cpu,,,,,,
GeneralizedAutoencoder,2,750,,16,quantize,,0.0937000004341825,0.0851999939186498,0.1019999908749014,18022319,72094386,0.0,float32,,calibrated,3619.2,5.0,,,Windows-11-10.0.26200-SP0,3.14.7,2.14.0+cpu,22,16,31.4,Intel(R) Core(TM) Ultra 7 155H,Intel(R) Core(TM) Ultra 7 155H,cpu,intel_r_core_tm_ultra_7_155h_cpu,10672.358541795611,53361.79270897805,160085.37812693414,0.0937000004341825,0.0851999939186498,0.1019999908749014
GeneralizedAutoencoder,2,750,,16,entropy_encode,,4.500900002312847,4.07739999354817,5.0959999935003,18022319,72094386,0.0,float32,,calibrated,3619.2,5.0,,,Windows-11-10.0.26200-SP0,3.14.7,2.14.0+cpu,22,16,31.4,Intel(R) Core(TM) Ultra 7 155H,Intel(R) Core(TM) Ultra 7 155H,cpu,intel_r_core_tm_ultra_7_155h_cpu,222.17778655072024,1110.8889327536012,3332.6667982608033,4.500900002312847,4.07739999354817,5.0959999935003
GeneralizedAutoencoder,2,750,,16,entropy_roundtrip,,8.738699994864874,8.379700000659795,9.35619999654591,18022319,72094386,0.0,float32,,calibrated,3619.2,5.0,,,Windows-11-10.0.26200-SP0,3.14.7,2.14.0+cpu,22,16,31.4,Intel(R) Core(TM) Ultra 7 155H,Intel(R) Core(TM) Ultra 7 155H,cpu,intel_r_core_tm_ultra_7_155h_cpu,114.43349704047861,572.167485202393,1716.5024556071792,8.738699994864874,8.379700000659795,9.35619999654591
GeneralizedAutoencoder,2,750,,16,dequantize,,0.0024000037228688,0.0023000029614195,0.0025000044843181,18022319,72094386,0.0,float32,,calibrated,3619.2,5.0,,,Windows-11-10.0.26200-SP0,3.14.7,2.14.0+cpu,22,16,31.4,Intel(R) Core(TM) Ultra 7 155H,Intel(R) Core(TM) Ultra 7 155H,cpu,intel_r_core_tm_ultra_7_155h_cpu,416666.0203362804,2083330.101681402,6249990.305044206,0.0024000037228688,0.0023000029614195,0.0025000044843181
GeneralizedAutoencoder,3,500,1.0,16,encoder,as_deployed,0.4820999965886585,0.4480249917833134,0.5366000114008784,12022069,48093362,0.0,float32,,,,,,,Windows-11-10.0.26200-SP0,3.14.7,2.14.0+cpu,22,16,31.4,Intel(R) Core(TM) Ultra 7 155H,Intel(R) Core(TM) Ultra 7 155H,cpu,intel_r_core_tm_ultra_7_155h_cpu,2074.2584672806556,10371.292336403278,31113.87700920983,0.4820999965886585,0.4480249917833134,0.5366000114008784
GeneralizedAutoencoder,3,500,1.0,16,decoder,as_deployed,0.7709000055911019,0.7126000127755105,0.8470999891869724,12022069,48093362,0.0,float32,,,,,,,Windows-11-10.0.26200-SP0,3.14.7,2.14.0+cpu,22,16,31.4,Intel(R) Core(TM) Ultra 7 155H,Intel(R) Core(TM) Ultra 7 155H,cpu,intel_r_core_tm_ultra_7_155h_cpu,1297.1850989068698,6485.925494534349,19457.776483603047,0.7709000055911019,0.7126000127755105,0.8470999891869724
GeneralizedAutoencoder,3,500,32.0,16,encoder,as_deployed,0.176446874775138,0.1295328127071116,0.2134546875822707,12022069,48093362,0.0,float32,,,,,,,Windows-11-10.0.26200-SP0,3.14.7,2.14.0+cpu,22,16,31.4,Intel(R) Core(TM) Ultra 7 155H,Intel(R) Core(TM) Ultra 7 155H,cpu,intel_r_core_tm_ultra_7_155h_cpu,5667.428234557224,28337.141172786116,85011.42351835837,5.646299992804416,4.145050006627571,6.830550002632663
GeneralizedAutoencoder,3,500,32.0,16,decoder,as_deployed,0.18907499998022104,0.15016562497294217,0.2266343750534361,12022069,48093362,0.0,float32,,,,,,,Windows-11-10.0.26200-SP0,3.14.7,2.14.0+cpu,22,16,31.4,Intel(R) Core(TM) Ultra 7 155H,Intel(R) Core(TM) Ultra 7 155H,cpu,intel_r_core_tm_ultra_7_155h_cpu,5288.906519130552,26444.532595652756,79333.59778695827,6.050399999367073,4.805299999134149,7.252300001709955
GeneralizedAutoencoder,3,500,1.0,16,encoder,flushed,0.6821499991929159,0.6188999977894127,0.7445499941240996,12022069,48093362,0.0,float32,,,,,,,Windows-11-10.0.26200-SP0,3.14.7,2.14.0+cpu,22,16,31.4,Intel(R) Core(TM) Ultra 7 155H,Intel(R) Core(TM) Ultra 7 155H,cpu,intel_r_core_tm_ultra_7_155h_cpu,1465.9532378262077,7329.766189131038,21989.298567393114,0.6821499991929159,0.6188999977894127,0.7445499941240996
GeneralizedAutoencoder,3,500,1.0,16,decoder,flushed,0.8978500045486726,0.7725750037934631,0.9784500034584198,12022069,48093362,0.0,float32,,,,,,,Windows-11-10.0.26200-SP0,3.14.7,2.14.0+cpu,22,16,31.4,Intel(R) Core(TM) Ultra 7 155H,Intel(R) Core(TM) Ultra 7 155H,cpu,intel_r_core_tm_ultra_7_155h_cpu,1113.771782518034,5568.858912590169,16706.57673777051,0.8978500045486726,0.7725750037934631,0.9784500034584198
GeneralizedAutoencoder,3,500,32.0,16,encoder,flushed,0.12352031239970528,0.11492968747006672,0.13287031265463156,12022069,48093362,0.0,float32,,,,,,,Windows-11-10.0.26200-SP0,3.14.7,2.14.0+cpu,22,16,31.4,Intel(R) Core(TM) Ultra 7 155H,Intel(R) Core(TM) Ultra 7 155H,cpu,intel_r_core_tm_ultra_7_155h_cpu,8095.834446759269,40479.172233796344,121437.51670138903,3.952649996790569,3.677749999042135,4.25185000494821
GeneralizedAutoencoder,3,500,32.0,16,decoder,flushed,0.18090468734044407,0.14707109357914305,0.24942265645222506,12022069,48093362,0.0,float32,,,,,,,Windows-11-10.0.26200-SP0,3.14.7,2.14.0+cpu,22,16,31.4,Intel(R) Core(TM) Ultra 7 155H,Intel(R) Core(TM) Ultra 7 155H,cpu,intel_r_core_tm_ultra_7_155h_cpu,5527.772744318684,27638.863721593418,82916.59116478026,5.78894999489421,4.706274994532578,7.981525006471202
GeneralizedAutoencoder,3,500,32.0,16,memory,,,,,12022069,48093362,0.0,float32,90112.0,,,,,,Windows-11-10.0.26200-SP0,3.14.7,2.14.0+cpu,22,16,31.4,Intel(R) Core(TM) Ultra 7 155H,Intel(R) Core(TM) Ultra 7 155H,cpu,intel_r_core_tm_ultra_7_155h_cpu,,,,,,
GeneralizedAutoencoder,3,500,,16,quantize,,0.0390000059269368,0.0387000036425888,0.0455999979749321,12022069,48093362,0.0,float32,,calibrated,2429.44,5.0,,,Windows-11-10.0.26200-SP0,3.14.7,2.14.0+cpu,22,16,31.4,Intel(R) Core(TM) Ultra 7 155H,Intel(R) Core(TM) Ultra 7 155H,cpu,intel_r_core_tm_ultra_7_155h_cpu,25641.021744289348,128205.10872144674,384615.3261643402,0.0390000059269368,0.0387000036425888,0.0455999979749321
GeneralizedAutoencoder,3,500,,16,entropy_encode,,1.980300003197044,1.9548249983927235,2.376374999585096,12022069,48093362,0.0,float32,,calibrated,2429.44,5.0,,,Windows-11-10.0.26200-SP0,3.14.7,2.14.0+cpu,22,16,31.4,Intel(R) Core(TM) Ultra 7 155H,Intel(R) Core(TM) Ultra 7 155H,cpu,intel_r_core_tm_ultra_7_155h_cpu,504.9739930240751,2524.8699651203756,7574.609895361127,1.980300003197044,1.9548249983927235,2.376374999585096
GeneralizedAutoencoder,3,500,,16,entropy_roundtrip,,4.049199997098185,4.011749999335734,4.149625001446111,12022069,48093362,0.0,float32,,calibrated,2429.44,5.0,,,Windows-11-10.0.26200-SP0,3.14.7,2.14.0+cpu,22,16,31.4,Intel(R) Core(TM) Ultra 7 155H,Intel(R) Core(TM) Ultra 7 155H,cpu,intel_r_core_tm_ultra_7_155h_cpu,246.96236311287146,1234.8118155643572,3704.4354466930718,4.049199997098185,4.011749999335734,4.149625001446111
GeneralizedAutoencoder,3,500,,16,dequantize,,0.0013999961083754,0.0013999961083754,0.0014000106602907,12022069,48093362,0.0,float32,,calibrated,2429.44,5.0,,,Windows-11-10.0.26200-SP0,3.14.7,2.14.0+cpu,22,16,31.4,Intel(R) Core(TM) Ultra 7 155H,Intel(R) Core(TM) Ultra 7 155H,cpu,intel_r_core_tm_ultra_7_155h_cpu,714287.6998139886,3571438.499069943,10714315.49720983,0.0013999961083754,0.0013999961083754,0.0014000106602907
GeneralizedAutoencoder,5,300,1.0,16,encoder,as_deployed,0.2517499960958957,0.220425001316471,0.3042749922315124,7221869,28892594,0.0,float32,,,,,,,Windows-11-10.0.26200-SP0,3.14.7,2.14.0+cpu,22,16,31.4,Intel(R) Core(TM) Ultra 7 155H,Intel(R) Core(TM) Ultra 7 155H,cpu,intel_r_core_tm_ultra_7_155h_cpu,3972.194699137487,19860.973495687434,59582.92048706231,0.2517499960958957,0.220425001316471,0.3042749922315124
GeneralizedAutoencoder,5,300,1.0,16,decoder,as_deployed,0.454699998954311,0.4090000002179295,0.5314000009093434,7221869,28892594,0.0,float32,,,,,,,Windows-11-10.0.26200-SP0,3.14.7,2.14.0+cpu,22,16,31.4,Intel(R) Core(TM) Ultra 7 155H,Intel(R) Core(TM) Ultra 7 155H,cpu,intel_r_core_tm_ultra_7_155h_cpu,2199.2522592912555,10996.261296456278,32988.78388936883,0.454699998954311,0.4090000002179295,0.5314000009093434
GeneralizedAutoencoder,5,300,32.0,16,encoder,as_deployed,0.0803875000201515,0.07471875005649053,0.0924062496778788,7221869,28892594,0.0,float32,,,,,,,Windows-11-10.0.26200-SP0,3.14.7,2.14.0+cpu,22,16,31.4,Intel(R) Core(TM) Ultra 7 155H,Intel(R) Core(TM) Ultra 7 155H,cpu,intel_r_core_tm_ultra_7_155h_cpu,12439.744982109412,62198.72491054706,186596.1747316412,2.572400000644848,2.391000001807697,2.9569999896921217
GeneralizedAutoencoder,5,300,32.0,16,decoder,as_deployed,0.08144999992509838,0.07768125010443327,0.08706874996278202,7221869,28892594,0.0,float32,,,,,,,Windows-11-10.0.26200-SP0,3.14.7,2.14.0+cpu,22,16,31.4,Intel(R) Core(TM) Ultra 7 155H,Intel(R) Core(TM) Ultra 7 155H,cpu,intel_r_core_tm_ultra_7_155h_cpu,12277.470852297145,61387.35426148572,184162.06278445717,2.606399997603148,2.485800003341865,2.7861999988090247
GeneralizedAutoencoder,5,300,1.0,16,encoder,flushed,0.3680000008898787,0.3411999969102908,0.4004249967692885,7221869,28892594,0.0,float32,,,,,,,Windows-11-10.0.26200-SP0,3.14.7,2.14.0+cpu,22,16,31.4,Intel(R) Core(TM) Ultra 7 155H,Intel(R) Core(TM) Ultra 7 155H,cpu,intel_r_core_tm_ultra_7_155h_cpu,2717.39129777677,13586.956488883849,40760.86946665155,0.3680000008898787,0.3411999969102908,0.4004249967692885
GeneralizedAutoencoder,5,300,1.0,16,decoder,flushed,0.4730000073323026,0.428999999712687,0.5396000051405281,7221869,28892594,0.0,float32,,,,,,,Windows-11-10.0.26200-SP0,3.14.7,2.14.0+cpu,22,16,31.4,Intel(R) Core(TM) Ultra 7 155H,Intel(R) Core(TM) Ultra 7 155H,cpu,intel_r_core_tm_ultra_7_155h_cpu,2114.1648720894364,10570.82436044718,31712.473081341548,0.4730000073323026,0.428999999712687,0.5396000051405281
GeneralizedAutoencoder,5,300,32.0,16,encoder,flushed,0.08445000003121095,0.0794937500359083,0.08986249986264737,7221869,28892594,0.0,float32,,,,,,,Windows-11-10.0.26200-SP0,3.14.7,2.14.0+cpu,22,16,31.4,Intel(R) Core(TM) Ultra 7 155H,Intel(R) Core(TM) Ultra 7 155H,cpu,intel_r_core_tm_ultra_7_155h_cpu,11841.32622416129,59206.63112080645,177619.89336241936,2.7024000009987503,2.543800001149066,2.875599995604716
GeneralizedAutoencoder,5,300,32.0,16,decoder,flushed,0.09068124995792459,0.08534296875950531,0.10279921855271824,7221869,28892594,0.0,float32,,,,,,,Windows-11-10.0.26200-SP0,3.14.7,2.14.0+cpu,22,16,31.4,Intel(R) Core(TM) Ultra 7 155H,Intel(R) Core(TM) Ultra 7 155H,cpu,intel_r_core_tm_ultra_7_155h_cpu,11027.638022898806,55138.19011449403,165414.5703434821,2.901799998653587,2.73097500030417,3.289574993686984
GeneralizedAutoencoder,5,300,32.0,16,memory,,,,,7221869,28892594,0.0,float32,0.0,,,,,,Windows-11-10.0.26200-SP0,3.14.7,2.14.0+cpu,22,16,31.4,Intel(R) Core(TM) Ultra 7 155H,Intel(R) Core(TM) Ultra 7 155H,cpu,intel_r_core_tm_ultra_7_155h_cpu,,,,,,
GeneralizedAutoencoder,5,300,,16,quantize,,0.0457999994978308,0.0373000075342133,0.0505000061821192,7221869,28892594,0.0,float32,,calibrated,1482.24,5.0,,,Windows-11-10.0.26200-SP0,3.14.7,2.14.0+cpu,22,16,31.4,Intel(R) Core(TM) Ultra 7 155H,Intel(R) Core(TM) Ultra 7 155H,cpu,intel_r_core_tm_ultra_7_155h_cpu,21834.06137476841,109170.30687384206,327510.92062152614,0.0457999994978308,0.0373000075342133,0.0505000061821192
GeneralizedAutoencoder,5,300,,16,entropy_encode,,2.057100005913526,1.6750000067986548,2.1280000073602423,7221869,28892594,0.0,float32,,calibrated,1482.24,5.0,,,Windows-11-10.0.26200-SP0,3.14.7,2.14.0+cpu,22,16,31.4,Intel(R) Core(TM) Ultra 7 155H,Intel(R) Core(TM) Ultra 7 155H,cpu,intel_r_core_tm_ultra_7_155h_cpu,486.121237239468,2430.60618619734,7291.818558592019,2.057100005913526,1.6750000067986548,2.1280000073602423
GeneralizedAutoencoder,5,300,,16,entropy_roundtrip,,3.753700002562255,3.131850007775938,3.8750499952584505,7221869,28892594,0.0,float32,,calibrated,1482.24,5.0,,,Windows-11-10.0.26200-SP0,3.14.7,2.14.0+cpu,22,16,31.4,Intel(R) Core(TM) Ultra 7 155H,Intel(R) Core(TM) Ultra 7 155H,cpu,intel_r_core_tm_ultra_7_155h_cpu,266.4038147207836,1332.0190736039178,3996.057220811754,3.753700002562255,3.131850007775938,3.8750499952584505
GeneralizedAutoencoder,5,300,,16,dequantize,,0.0021000014385208,0.0021000014385208,0.0022000021999701,7221869,28892594,0.0,float32,,calibrated,1482.24,5.0,,,Windows-11-10.0.26200-SP0,3.14.7,2.14.0+cpu,22,16,31.4,Intel(R) Core(TM) Ultra 7 155H,Intel(R) Core(TM) Ultra 7 155H,cpu,intel_r_core_tm_ultra_7_155h_cpu,476190.14999550686,2380950.749977534,7142852.249932603,0.0021000014385208,0.0021000014385208,0.0022000021999701
GeneralizedAutoencoder,10,150,1.0,16,encoder,as_deployed,0.2635999990161508,0.2214749983977526,0.3099000023212284,3621719,14491970,0.0,float32,,,,,,,Windows-11-10.0.26200-SP0,3.14.7,2.14.0+cpu,22,16,31.4,Intel(R) Core(TM) Ultra 7 155H,Intel(R) Core(TM) Ultra 7 155H,cpu,intel_r_core_tm_ultra_7_155h_cpu,3793.626721291186,18968.13360645593,56904.400819367795,0.2635999990161508,0.2214749983977526,0.3099000023212284
GeneralizedAutoencoder,10,150,1.0,16,decoder,as_deployed,0.4744999969261698,0.3945999924326315,0.5278500029817224,3621719,14491970,0.0,float32,,,,,,,Windows-11-10.0.26200-SP0,3.14.7,2.14.0+cpu,22,16,31.4,Intel(R) Core(TM) Ultra 7 155H,Intel(R) Core(TM) Ultra 7 155H,cpu,intel_r_core_tm_ultra_7_155h_cpu,2107.481573188705,10537.407865943525,31612.223597830576,0.4744999969261698,0.3945999924326315,0.5278500029817224
GeneralizedAutoencoder,10,150,32.0,16,encoder,as_deployed,0.07048437510093208,0.06652187494182726,0.07962187510202057,3621719,14491970,0.0,float32,,,,,,,Windows-11-10.0.26200-SP0,3.14.7,2.14.0+cpu,22,16,31.4,Intel(R) Core(TM) Ultra 7 155H,Intel(R) Core(TM) Ultra 7 155H,cpu,intel_r_core_tm_ultra_7_155h_cpu,14187.54154474693,70937.70772373464,212813.12317120394,2.2555000032298267,2.1286999981384724,2.547900003264658
GeneralizedAutoencoder,10,150,32.0,16,decoder,as_deployed,0.06680312503704045,0.06153046888357494,0.07458124980530556,3621719,14491970,0.0,float32,,,,,,,Windows-11-10.0.26200-SP0,3.14.7,2.14.0+cpu,22,16,31.4,Intel(R) Core(TM) Ultra 7 155H,Intel(R) Core(TM) Ultra 7 155H,cpu,intel_r_core_tm_ultra_7_155h_cpu,14969.359583784864,74846.79791892432,224540.39375677297,2.1377000011852942,1.968975004274398,2.386599993769778
GeneralizedAutoencoder,10,150,1.0,16,encoder,flushed,0.2769999991869554,0.2586499977041967,0.3111499972874298,3621719,14491970,0.0,float32,,,,,,,Windows-11-10.0.26200-SP0,3.14.7,2.14.0+cpu,22,16,31.4,Intel(R) Core(TM) Ultra 7 155H,Intel(R) Core(TM) Ultra 7 155H,cpu,intel_r_core_tm_ultra_7_155h_cpu,3610.108313845412,18050.541569227058,54151.62470768118,0.2769999991869554,0.2586499977041967,0.3111499972874298
GeneralizedAutoencoder,10,150,1.0,16,decoder,flushed,0.4223500000080094,0.3850000066449865,0.4963249957654625,3621719,14491970,0.0,float32,,,,,,,Windows-11-10.0.26200-SP0,3.14.7,2.14.0+cpu,22,16,31.4,Intel(R) Core(TM) Ultra 7 155H,Intel(R) Core(TM) Ultra 7 155H,cpu,intel_r_core_tm_ultra_7_155h_cpu,2367.704510432192,11838.52255216096,35515.567656482875,0.4223500000080094,0.3850000066449865,0.4963249957654625
GeneralizedAutoencoder,10,150,32.0,16,encoder,flushed,0.07192812472567313,0.06734999988111666,0.08006250027392525,3621719,14491970,0.0,float32,,,,,,,Windows-11-10.0.26200-SP0,3.14.7,2.14.0+cpu,22,16,31.4,Intel(R) Core(TM) Ultra 7 155H,Intel(R) Core(TM) Ultra 7 155H,cpu,intel_r_core_tm_ultra_7_155h_cpu,13902.767572683186,69513.83786341593,208541.51359024778,2.30169999122154,2.155199996195733,2.562000008765608
GeneralizedAutoencoder,10,150,32.0,16,decoder,flushed,0.06974843745410908,0.06458203131387563,0.08080390614395583,3621719,14491970,0.0,float32,,,,,,,Windows-11-10.0.26200-SP0,3.14.7,2.14.0+cpu,22,16,31.4,Intel(R) Core(TM) Ultra 7 155H,Intel(R) Core(TM) Ultra 7 155H,cpu,intel_r_core_tm_ultra_7_155h_cpu,14337.238746860086,71686.19373430042,215058.5812029013,2.2319499985314906,2.06662500204402,2.5857249966065865
GeneralizedAutoencoder,10,150,32.0,16,memory,,,,,3621719,14491970,0.0,float32,0.0,,,,,,Windows-11-10.0.26200-SP0,3.14.7,2.14.0+cpu,22,16,31.4,Intel(R) Core(TM) Ultra 7 155H,Intel(R) Core(TM) Ultra 7 155H,cpu,intel_r_core_tm_ultra_7_155h_cpu,,,,,,
GeneralizedAutoencoder,10,150,,16,quantize,,0.0295999925583601,0.0275999918812885,0.0315999932354316,3621719,14491970,0.0,float32,,calibrated,755.84,5.0,,,Windows-11-10.0.26200-SP0,3.14.7,2.14.0+cpu,22,16,31.4,Intel(R) Core(TM) Ultra 7 155H,Intel(R) Core(TM) Ultra 7 155H,cpu,intel_r_core_tm_ultra_7_155h_cpu,33783.792277257315,168918.96138628657,506756.8841588598,0.0295999925583601,0.0275999918812885,0.0315999932354316
GeneralizedAutoencoder,10,150,,16,entropy_encode,,1.0694000084185973,1.0489250053069554,1.1460999958217144,3621719,14491970,0.0,float32,,calibrated,755.84,5.0,,,Windows-11-10.0.26200-SP0,3.14.7,2.14.0+cpu,22,16,31.4,Intel(R) Core(TM) Ultra 7 155H,Intel(R) Core(TM) Ultra 7 155H,cpu,intel_r_core_tm_ultra_7_155h_cpu,935.1037891600316,4675.518945800158,14026.556837400474,1.0694000084185973,1.0489250053069554,1.1460999958217144
GeneralizedAutoencoder,10,150,,16,entropy_roundtrip,,2.0585000020219013,1.947000011568889,2.3145000013755634,3621719,14491970,0.0,float32,,calibrated,755.84,5.0,,,Windows-11-10.0.26200-SP0,3.14.7,2.14.0+cpu,22,16,31.4,Intel(R) Core(TM) Ultra 7 155H,Intel(R) Core(TM) Ultra 7 155H,cpu,intel_r_core_tm_ultra_7_155h_cpu,485.7906237637985,2428.9531188189926,7286.859356456978,2.0585000020219013,1.947000011568889,2.3145000013755634
GeneralizedAutoencoder,10,150,,16,dequantize,,0.0018999999156221,0.0018999999156221,0.0020000006770715,3621719,14491970,0.0,float32,,calibrated,755.84,5.0,,,Windows-11-10.0.26200-SP0,3.14.7,2.14.0+cpu,22,16,31.4,Intel(R) Core(TM) Ultra 7 155H,Intel(R) Core(TM) Ultra 7 155H,cpu,intel_r_core_tm_ultra_7_155h_cpu,526315.8128470648,2631579.064235324,7894737.192705971,0.0018999999156221,0.0018999999156221,0.0020000006770715
GeneralizedAutoencoder,15,100,1.0,16,encoder,as_deployed,0.2654499985510483,0.2298750005138572,0.3330250037834048,2421669,9691778,0.0,float32,,,,,,,Windows-11-10.0.26200-SP0,3.14.7,2.14.0+cpu,22,16,31.4,Intel(R) Core(TM) Ultra 7 155H,Intel(R) Core(TM) Ultra 7 155H,cpu,intel_r_core_tm_ultra_7_155h_cpu,3767.18781487464,18835.9390743732,56507.8172231196,0.2654499985510483,0.2298750005138572,0.3330250037834048
GeneralizedAutoencoder,15,100,1.0,16,decoder,as_deployed,0.4278999986127019,0.3980250003223773,0.552399993466679,2421669,9691778,0.0,float32,,,,,,,Windows-11-10.0.26200-SP0,3.14.7,2.14.0+cpu,22,16,31.4,Intel(R) Core(TM) Ultra 7 155H,Intel(R) Core(TM) Ultra 7 155H,cpu,intel_r_core_tm_ultra_7_155h_cpu,2336.994632489152,11684.97316244576,35054.91948733728,0.4278999986127019,0.3980250003223773,0.552399993466679
GeneralizedAutoencoder,15,100,32.0,16,encoder,as_deployed,0.08168593740265351,0.07705859388806857,0.09168671863335476,2421669,9691778,0.0,float32,,,,,,,Windows-11-10.0.26200-SP0,3.14.7,2.14.0+cpu,22,16,31.4,Intel(R) Core(TM) Ultra 7 155H,Intel(R) Core(TM) Ultra 7 155H,cpu,intel_r_core_tm_ultra_7_155h_cpu,12242.0092343522,61210.046171760994,183630.138515283,2.6139499968849123,2.4658750044181943,2.9339749962673523
GeneralizedAutoencoder,15,100,32.0,16,decoder,as_deployed,0.05994999992253725,0.057556249885237776,0.06425937499443535,2421669,9691778,0.0,float32,,,,,,,Windows-11-10.0.26200-SP0,3.14.7,2.14.0+cpu,22,16,31.4,Intel(R) Core(TM) Ultra 7 155H,Intel(R) Core(TM) Ultra 7 155H,cpu,intel_r_core_tm_ultra_7_155h_cpu,16680.56716083607,83402.83580418036,250208.5074125411,1.918399997521192,1.8417999963276088,2.056299999821931
GeneralizedAutoencoder,15,100,1.0,16,encoder,flushed,0.1515000039944425,0.1323749929724726,0.1651999918976798,2421669,9691778,0.0,float32,,,,,,,Windows-11-10.0.26200-SP0,3.14.7,2.14.0+cpu,22,16,31.4,Intel(R) Core(TM) Ultra 7 155H,Intel(R) Core(TM) Ultra 7 155H,cpu,intel_r_core_tm_ultra_7_155h_cpu,6600.659891973885,33003.29945986943,99009.89837960828,0.1515000039944425,0.1323749929724726,0.1651999918976798
GeneralizedAutoencoder,15,100,1.0,16,decoder,flushed,0.2911000046879053,0.269049996859394,0.3240500009269453,2421669,9691778,0.0,float32,,,,,,,Windows-11-10.0.26200-SP0,3.14.7,2.14.0+cpu,22,16,31.4,Intel(R) Core(TM) Ultra 7 155H,Intel(R) Core(TM) Ultra 7 155H,cpu,intel_r_core_tm_ultra_7_155h_cpu,3435.245564740275,17176.227823701374,51528.68347110412,0.2911000046879053,0.269049996859394,0.3240500009269453
GeneralizedAutoencoder,15,100,32.0,16,encoder,flushed,0.058779687378773815,0.05484375003561581,0.06218593762241653,2421669,9691778,0.0,float32,,,,,,,Windows-11-10.0.26200-SP0,3.14.7,2.14.0+cpu,22,16,31.4,Intel(R) Core(TM) Ultra 7 155H,Intel(R) Core(TM) Ultra 7 155H,cpu,intel_r_core_tm_ultra_7_155h_cpu,17012.679797972425,85063.39898986212,255190.19696958637,1.880949996120762,1.755000001139706,1.989950003917329
GeneralizedAutoencoder,15,100,32.0,16,decoder,flushed,0.05193593733565649,0.04742968735627074,0.056661718872419435,2421669,9691778,0.0,float32,,,,,,,Windows-11-10.0.26200-SP0,3.14.7,2.14.0+cpu,22,16,31.4,Intel(R) Core(TM) Ultra 7 155H,Intel(R) Core(TM) Ultra 7 155H,cpu,intel_r_core_tm_ultra_7_155h_cpu,19254.490268214577,96272.45134107288,288817.3540232187,1.6619499947410077,1.5177499954006637,1.813175003917422
GeneralizedAutoencoder,15,100,32.0,16,memory,,,,,2421669,9691778,0.0,float32,0.0,,,,,,Windows-11-10.0.26200-SP0,3.14.7,2.14.0+cpu,22,16,31.4,Intel(R) Core(TM) Ultra 7 155H,Intel(R) Core(TM) Ultra 7 155H,cpu,intel_r_core_tm_ultra_7_155h_cpu,,,,,,
GeneralizedAutoencoder,15,100,,16,quantize,,0.0214000028790906,0.0212000013561919,0.0243999966187402,2421669,9691778,0.0,float32,,calibrated,506.88,5.0,,,Windows-11-10.0.26200-SP0,3.14.7,2.14.0+cpu,22,16,31.4,Intel(R) Core(TM) Ultra 7 155H,Intel(R) Core(TM) Ultra 7 155H,cpu,intel_r_core_tm_ultra_7_155h_cpu,46728.965675844585,233644.82837922292,700934.4851376688,0.0214000028790906,0.0212000013561919,0.0243999966187402
GeneralizedAutoencoder,15,100,,16,entropy_encode,,0.546200004464481,0.5204250010137912,0.6593249963771086,2421669,9691778,0.0,float32,,calibrated,506.88,5.0,,,Windows-11-10.0.26200-SP0,3.14.7,2.14.0+cpu,22,16,31.4,Intel(R) Core(TM) Ultra 7 155H,Intel(R) Core(TM) Ultra 7 155H,cpu,intel_r_core_tm_ultra_7_155h_cpu,1830.831182398918,9154.155911994589,27462.467735983766,0.546200004464481,0.5204250010137912,0.6593249963771086
GeneralizedAutoencoder,15,100,,16,entropy_roundtrip,,0.9875999967334792,0.9588000102667138,1.0824999917531386,2421669,9691778,0.0,float32,,calibrated,506.88,5.0,,,Windows-11-10.0.26200-SP0,3.14.7,2.14.0+cpu,22,16,31.4,Intel(R) Core(TM) Ultra 7 155H,Intel(R) Core(TM) Ultra 7 155H,cpu,intel_r_core_tm_ultra_7_155h_cpu,1012.5556939120436,5062.778469560218,15188.335408680654,0.9875999967334792,0.9588000102667138,1.0824999917531386
GeneralizedAutoencoder,15,100,,16,dequantize,,0.0012999953469261,0.0012999953469261,0.0013000098988413,2421669,9691778,0.0,float32,,calibrated,506.88,5.0,,,Windows-11-10.0.26200-SP0,3.14.7,2.14.0+cpu,22,16,31.4,Intel(R) Core(TM) Ultra 7 155H,Intel(R) Core(TM) Ultra 7 155H,cpu,intel_r_core_tm_ultra_7_155h_cpu,769233.5225387898,3846167.6126939487,11538502.838081846,0.0012999953469261,0.0012999953469261,0.0013000098988413
GeneralizedAutoencoder,20,75,1.0,16,encoder,as_deployed,0.1836000010371208,0.1701250002952292,0.2320999919902533,1821644,7291714,0.0,float32,,,,,,,Windows-11-10.0.26200-SP0,3.14.7,2.14.0+cpu,22,16,31.4,Intel(R) Core(TM) Ultra 7 155H,Intel(R) Core(TM) Ultra 7 155H,cpu,intel_r_core_tm_ultra_7_155h_cpu,5446.6230629149995,27233.115314574996,81699.345943725,0.1836000010371208,0.1701250002952292,0.2320999919902533
GeneralizedAutoencoder,20,75,1.0,16,decoder,as_deployed,0.3262499958509579,0.2996750008605886,0.3572000023268629,1821644,7291714,0.0,float32,,,,,,,Windows-11-10.0.26200-SP0,3.14.7,2.14.0+cpu,22,16,31.4,Intel(R) Core(TM) Ultra 7 155H,Intel(R) Core(TM) Ultra 7 155H,cpu,intel_r_core_tm_ultra_7_155h_cpu,3065.1341385973046,15325.670692986523,45977.01207895957,0.3262499958509579,0.2996750008605886,0.3572000023268629
GeneralizedAutoencoder,20,75,32.0,16,encoder,as_deployed,0.05546249985854956,0.053431249853019835,0.05872812516827253,1821644,7291714,0.0,float32,,,,,,,Windows-11-10.0.26200-SP0,3.14.7,2.14.0+cpu,22,16,31.4,Intel(R) Core(TM) Ultra 7 155H,Intel(R) Core(TM) Ultra 7 155H,cpu,intel_r_core_tm_ultra_7_155h_cpu,18030.200631965377,90151.00315982688,270453.0094794807,1.774799995473586,1.7097999952966347,1.8793000053847209
GeneralizedAutoencoder,20,75,32.0,16,decoder,as_deployed,0.05471562462844304,0.05162500019650906,0.05872187466593459,1821644,7291714,0.0,float32,,,,,,,Windows-11-10.0.26200-SP0,3.14.7,2.14.0+cpu,22,16,31.4,Intel(R) Core(TM) Ultra 7 155H,Intel(R) Core(TM) Ultra 7 155H,cpu,intel_r_core_tm_ultra_7_155h_cpu,18276.315162089297,91381.57581044648,274144.72743133944,1.7508999881101772,1.65200000628829,1.879099989309907
GeneralizedAutoencoder,20,75,1.0,16,encoder,flushed,0.2441999968141317,0.2187999925808981,0.325224991684081,1821644,7291714,0.0,float32,,,,,,,Windows-11-10.0.26200-SP0,3.14.7,2.14.0+cpu,22,16,31.4,Intel(R) Core(TM) Ultra 7 155H,Intel(R) Core(TM) Ultra 7 155H,cpu,intel_r_core_tm_ultra_7_155h_cpu,4095.004148428108,20475.02074214054,61425.062226421614,0.2441999968141317,0.2187999925808981,0.325224991684081
GeneralizedAutoencoder,20,75,1.0,16,decoder,flushed,0.4885999951511621,0.3677499989862554,0.5181000014999881,1821644,7291714,0.0,float32,,,,,,,Windows-11-10.0.26200-SP0,3.14.7,2.14.0+cpu,22,16,31.4,Intel(R) Core(TM) Ultra 7 155H,Intel(R) Core(TM) Ultra 7 155H,cpu,intel_r_core_tm_ultra_7_155h_cpu,2046.66395809239,10233.31979046195,30699.959371385852,0.4885999951511621,0.3677499989862554,0.5181000014999881
GeneralizedAutoencoder,20,75,32.0,16,encoder,flushed,0.06127187498350395,0.05816718748974381,0.0676171878239984,1821644,7291714,0.0,float32,,,,,,,Windows-11-10.0.26200-SP0,3.14.7,2.14.0+cpu,22,16,31.4,Intel(R) Core(TM) Ultra 7 155H,Intel(R) Core(TM) Ultra 7 155H,cpu,intel_r_core_tm_ultra_7_155h_cpu,16320.701794570954,81603.50897285476,244810.5269185643,1.9606999994721264,1.861349999671802,2.163750010367949
GeneralizedAutoencoder,20,75,32.0,16,decoder,flushed,0.06077499983803138,0.05704687509933137,0.06525000026158526,1821644,7291714,0.0,float32,,,,,,,Windows-11-10.0.26200-SP0,3.14.7,2.14.0+cpu,22,16,31.4,Intel(R) Core(TM) Ultra 7 155H,Intel(R) Core(TM) Ultra 7 155H,cpu,intel_r_core_tm_ultra_7_155h_cpu,16454.13414504407,82270.67072522035,246812.01217566108,1.944799994817004,1.825500003178604,2.088000008370728
GeneralizedAutoencoder,20,75,32.0,16,memory,,,,,1821644,7291714,0.0,float32,4096.0,,,,,,Windows-11-10.0.26200-SP0,3.14.7,2.14.0+cpu,22,16,31.4,Intel(R) Core(TM) Ultra 7 155H,Intel(R) Core(TM) Ultra 7 155H,cpu,intel_r_core_tm_ultra_7_155h_cpu,,,,,,
GeneralizedAutoencoder,20,75,,16,quantize,,0.0253000034717842,0.0216000044019892,0.0262999965343624,1821644,7291714,0.0,float32,,calibrated,387.2,5.0,,,Windows-11-10.0.26200-SP0,3.14.7,2.14.0+cpu,22,16,31.4,Intel(R) Core(TM) Ultra 7 155H,Intel(R) Core(TM) Ultra 7 155H,cpu,intel_r_core_tm_ultra_7_155h_cpu,39525.68627570541,197628.43137852705,592885.2941355811,0.0253000034717842,0.0216000044019892,0.0262999965343624
GeneralizedAutoencoder,20,75,,16,entropy_encode,,0.509100005729124,0.4785750061273575,0.5692750055459328,1821644,7291714,0.0,float32,,calibrated,387.2,5.0,,,Windows-11-10.0.26200-SP0,3.14.7,2.14.0+cpu,22,16,31.4,Intel(R) Core(TM) Ultra 7 155H,Intel(R) Core(TM) Ultra 7 155H,cpu,intel_r_core_tm_ultra_7_155h_cpu,1964.25061627689,9821.25308138445,29463.759244153352,0.509100005729124,0.4785750061273575,0.5692750055459328
GeneralizedAutoencoder,20,75,,16,entropy_roundtrip,,0.8091999916359782,0.7870499975979328,1.014749999740161,1821644,7291714,0.0,float32,,calibrated,387.2,5.0,,,Windows-11-10.0.26200-SP0,3.14.7,2.14.0+cpu,22,16,31.4,Intel(R) Core(TM) Ultra 7 155H,Intel(R) Core(TM) Ultra 7 155H,cpu,intel_r_core_tm_ultra_7_155h_cpu,1235.7884457935756,6178.942228967878,18536.826686903634,0.8091999916359782,0.7870499975979328,1.014749999740161
GeneralizedAutoencoder,20,75,,16,dequantize,,0.0014999968698248,0.0014000106602907,0.0015999976312741,1821644,7291714,0.0,float32,,calibrated,387.2,5.0,,,Windows-11-10.0.26200-SP0,3.14.7,2.14.0+cpu,22,16,31.4,Intel(R) Core(TM) Ultra 7 155H,Intel(R) Core(TM) Ultra 7 155H,cpu,intel_r_core_tm_ultra_7_155h_cpu,666668.0578585475,3333340.2892927374,10000020.867878214,0.0014999968698248,0.0014000106602907,0.0015999976312741
GeneralizedAutoencoder,30,50,1.0,16,encoder,as_deployed,0.1689999990048818,0.1585250101925339,0.1941999944392591,1221619,4891586,0.0,float32,,,,,,,Windows-11-10.0.26200-SP0,3.14.7,2.14.0+cpu,22,16,31.4,Intel(R) Core(TM) Ultra 7 155H,Intel(R) Core(TM) Ultra 7 155H,cpu,intel_r_core_tm_ultra_7_155h_cpu,5917.159798155464,29585.79899077732,88757.39697233196,0.1689999990048818,0.1585250101925339,0.1941999944392591
GeneralizedAutoencoder,30,50,1.0,16,decoder,as_deployed,0.3035999980056658,0.2871000033337623,0.3225999971618876,1221619,4891586,0.0,float32,,,,,,,Windows-11-10.0.26200-SP0,3.14.7,2.14.0+cpu,22,16,31.4,Intel(R) Core(TM) Ultra 7 155H,Intel(R) Core(TM) Ultra 7 155H,cpu,intel_r_core_tm_ultra_7_155h_cpu,3293.8076632705975,16469.038316352988,49407.11494905896,0.3035999980056658,0.2871000033337623,0.3225999971618876
GeneralizedAutoencoder,30,50,32.0,16,encoder,as_deployed,0.05371718771129963,0.05064921867869998,0.057578124710744284,1221619,4891586,0.0,float32,,,,,,,Windows-11-10.0.26200-SP0,3.14.7,2.14.0+cpu,22,16,31.4,Intel(R) Core(TM) Ultra 7 155H,Intel(R) Core(TM) Ultra 7 155H,cpu,intel_r_core_tm_ultra_7_155h_cpu,18616.015517685897,93080.07758842949,279240.23276528844,1.7189500067615882,1.6207749977183994,1.842499990743817
GeneralizedAutoencoder,30,50,32.0,16,decoder,as_deployed,0.04881562517766724,0.047270312506952905,0.052728124956047395,1221619,4891586,0.0,float32,,,,,,,Windows-11-10.0.26200-SP0,3.14.7,2.14.0+cpu,22,16,31.4,Intel(R) Core(TM) Ultra 7 155H,Intel(R) Core(TM) Ultra 7 155H,cpu,intel_r_core_tm_ultra_7_155h_cpu,20485.244147963753,102426.22073981876,307278.66221945634,1.5621000056853518,1.512650000222493,1.6872999985935166
GeneralizedAutoencoder,30,50,1.0,16,encoder,flushed,0.2213499974459409,0.210874990443699,0.2400999946985393,1221619,4891586,0.0,float32,,,,,,,Windows-11-10.0.26200-SP0,3.14.7,2.14.0+cpu,22,16,31.4,Intel(R) Core(TM) Ultra 7 155H,Intel(R) Core(TM) Ultra 7 155H,cpu,intel_r_core_tm_ultra_7_155h_cpu,4517.73215061466,22588.660753073298,67765.9822592199,0.2213499974459409,0.210874990443699,0.2400999946985393
GeneralizedAutoencoder,30,50,1.0,16,decoder,flushed,0.3605999954743311,0.3161000058753416,0.4435000009834766,1221619,4891586,0.0,float32,,,,,,,Windows-11-10.0.26200-SP0,3.14.7,2.14.0+cpu,22,16,31.4,Intel(R) Core(TM) Ultra 7 155H,Intel(R) Core(TM) Ultra 7 155H,cpu,intel_r_core_tm_ultra_7_155h_cpu,2773.155886163021,13865.779430815104,41597.33829244532,0.3605999954743311,0.3161000058753416,0.4435000009834766
GeneralizedAutoencoder,30,50,32.0,16,encoder,flushed,0.05694062474503879,0.05414687507254712,0.060581250181712676,1221619,4891586,0.0,float32,,,,,,,Windows-11-10.0.26200-SP0,3.14.7,2.14.0+cpu,22,16,31.4,Intel(R) Core(TM) Ultra 7 155H,Intel(R) Core(TM) Ultra 7 155H,cpu,intel_r_core_tm_ultra_7_155h_cpu,17562.153637717674,87810.76818858836,263432.30456576514,1.8220999918412413,1.7327000023215078,1.9386000058148056
GeneralizedAutoencoder,30,50,32.0,16,decoder,flushed,0.061318749885685975,0.05522343758457283,0.07304687505893526,1221619,4891586,0.0,float32,,,,,,,Windows-11-10.0.26200-SP0,3.14.7,2.14.0+cpu,22,16,31.4,Intel(R) Core(TM) Ultra 7 155H,Intel(R) Core(TM) Ultra 7 155H,cpu,intel_r_core_tm_ultra_7_155h_cpu,16308.225491619756,81541.12745809878,244623.38237429634,1.9621999963419512,1.7671500027063305,2.337500001885928
GeneralizedAutoencoder,30,50,32.0,16,memory,,,,,1221619,4891586,0.0,float32,237568.0,,,,,,Windows-11-10.0.26200-SP0,3.14.7,2.14.0+cpu,22,16,31.4,Intel(R) Core(TM) Ultra 7 155H,Intel(R) Core(TM) Ultra 7 155H,cpu,intel_r_core_tm_ultra_7_155h_cpu,,,,,,
GeneralizedAutoencoder,30,50,,16,quantize,,0.0219999928958714,0.0217000051634386,0.0317999947583302,1221619,4891586,0.0,float32,,calibrated,259.2,5.0,,,Windows-11-10.0.26200-SP0,3.14.7,2.14.0+cpu,22,16,31.4,Intel(R) Core(TM) Ultra 7 155H,Intel(R) Core(TM) Ultra 7 155H,cpu,intel_r_core_tm_ultra_7_155h_cpu,45454.56013250184,227272.8006625092,681818.4019875277,0.0219999928958714,0.0217000051634386,0.0317999947583302
GeneralizedAutoencoder,30,50,,16,entropy_encode,,0.3284999984316528,0.3016500049852766,0.4830000034417026,1221619,4891586,0.0,float32,,calibrated,259.2,5.0,,,Windows-11-10.0.26200-SP0,3.14.7,2.14.0+cpu,22,16,31.4,Intel(R) Core(TM) Ultra 7 155H,Intel(R) Core(TM) Ultra 7 155H,cpu,intel_r_core_tm_ultra_7_155h_cpu,3044.140044974942,15220.70022487471,45662.10067462413,0.3284999984316528,0.3016500049852766,0.4830000034417026
GeneralizedAutoencoder,30,50,,16,entropy_roundtrip,,0.6101000035414472,0.5413500039139763,0.6735000060871243,1221619,4891586,0.0,float32,,calibrated,259.2,5.0,,,Windows-11-10.0.26200-SP0,3.14.7,2.14.0+cpu,22,16,31.4,Intel(R) Core(TM) Ultra 7 155H,Intel(R) Core(TM) Ultra 7 155H,cpu,intel_r_core_tm_ultra_7_155h_cpu,1639.0755518690387,8195.377759345192,24586.133278035577,0.6101000035414472,0.5413500039139763,0.6735000060871243
GeneralizedAutoencoder,30,50,,16,dequantize,,0.0015999976312741,0.0014999968698248,0.0015999976312741,1221619,4891586,0.0,float32,,calibrated,259.2,5.0,,,Windows-11-10.0.26200-SP0,3.14.7,2.14.0+cpu,22,16,31.4,Intel(R) Core(TM) Ultra 7 155H,Intel(R) Core(TM) Ultra 7 155H,cpu,intel_r_core_tm_ultra_7_155h_cpu,625000.9252849246,3125004.6264246227,9375013.879273867,0.0015999976312741,0.0014999968698248,0.0015999976312741
GeneralizedAutoencoder,50,30,1.0,16,encoder,as_deployed,0.1896000030683353,0.1682000001892447,0.2300999985891394,741599,2971522,0.0,float32,,,,,,,Windows-11-10.0.26200-SP0,3.14.7,2.14.0+cpu,22,16,31.4,Intel(R) Core(TM) Ultra 7 155H,Intel(R) Core(TM) Ultra 7 155H,cpu,intel_r_core_tm_ultra_7_155h_cpu,5274.261518021082,26371.30759010541,79113.92277031623,0.1896000030683353,0.1682000001892447,0.2300999985891394
GeneralizedAutoencoder,50,30,1.0,16,decoder,as_deployed,0.3037999995285645,0.285625003016321,0.334399999701418,741599,2971522,0.0,float32,,,,,,,Windows-11-10.0.26200-SP0,3.14.7,2.14.0+cpu,22,16,31.4,Intel(R) Core(TM) Ultra 7 155H,Intel(R) Core(TM) Ultra 7 155H,cpu,intel_r_core_tm_ultra_7_155h_cpu,3291.639241447648,16458.19620723824,49374.58862171473,0.3037999995285645,0.285625003016321,0.334399999701418
GeneralizedAutoencoder,50,30,32.0,16,encoder,as_deployed,0.057084374930127524,0.05337187485565664,0.06070781250855362,741599,2971522,0.0,float32,,,,,,,Windows-11-10.0.26200-SP0,3.14.7,2.14.0+cpu,22,16,31.4,Intel(R) Core(TM) Ultra 7 155H,Intel(R) Core(TM) Ultra 7 155H,cpu,intel_r_core_tm_ultra_7_155h_cpu,17517.9285263966,87589.642631983,262768.92789594905,1.8266999977640808,1.7078999953810126,1.942650000273716
GeneralizedAutoencoder,50,30,32.0,16,decoder,as_deployed,0.05673750001733425,0.05234531249698193,0.06227968742678059,741599,2971522,0.0,float32,,,,,,,Windows-11-10.0.26200-SP0,3.14.7,2.14.0+cpu,22,16,31.4,Intel(R) Core(TM) Ultra 7 155H,Intel(R) Core(TM) Ultra 7 155H,cpu,intel_r_core_tm_ultra_7_155h_cpu,17625.02753372079,88125.13766860394,264375.41300581186,1.815600000554696,1.6750499999034218,1.9929499976569789
GeneralizedAutoencoder,50,30,1.0,16,encoder,flushed,0.2718000032473355,0.2276999875903129,0.298400002066046,741599,2971522,0.0,float32,,,,,,,Windows-11-10.0.26200-SP0,3.14.7,2.14.0+cpu,22,16,31.4,Intel(R) Core(TM) Ultra 7 155H,Intel(R) Core(TM) Ultra 7 155H,cpu,intel_r_core_tm_ultra_7_155h_cpu,3679.1758206493073,18395.879103246534,55187.63730973961,0.2718000032473355,0.2276999875903129,0.298400002066046
GeneralizedAutoencoder,50,30,1.0,16,decoder,flushed,0.3717500003403984,0.3509999951347708,0.4579249944072217,741599,2971522,0.0,float32,,,,,,,Windows-11-10.0.26200-SP0,3.14.7,2.14.0+cpu,22,16,31.4,Intel(R) Core(TM) Ultra 7 155H,Intel(R) Core(TM) Ultra 7 155H,cpu,intel_r_core_tm_ultra_7_155h_cpu,2689.9798226881912,13449.899113440955,40349.69734032287,0.3717500003403984,0.3509999951347708,0.4579249944072217
GeneralizedAutoencoder,50,30,32.0,16,encoder,flushed,0.05426249981610454,0.052284374987721094,0.05890468764846446,741599,2971522,0.0,float32,,,,,,,Windows-11-10.0.26200-SP0,3.14.7,2.14.0+cpu,22,16,31.4,Intel(R) Core(TM) Ultra 7 155H,Intel(R) Core(TM) Ultra 7 155H,cpu,intel_r_core_tm_ultra_7_155h_cpu,18428.933487933606,92144.66743966802,276434.0023190041,1.7363999941153452,1.673099999607075,1.8849500047508627
GeneralizedAutoencoder,50,30,32.0,16,decoder,flushed,0.052712499837070936,0.05001562522011227,0.0582359373311192,741599,2971522,0.0,float32,,,,,,,Windows-11-10.0.26200-SP0,3.14.7,2.14.0+cpu,22,16,31.4,Intel(R) Core(TM) Ultra 7 155H,Intel(R) Core(TM) Ultra 7 155H,cpu,intel_r_core_tm_ultra_7_155h_cpu,18970.832403906094,94854.16201953046,284562.4860585914,1.68679999478627,1.6005000070435926,1.8635499945958145
GeneralizedAutoencoder,50,30,32.0,16,memory,,,,,741599,2971522,0.0,float32,241664.0,,,,,,Windows-11-10.0.26200-SP0,3.14.7,2.14.0+cpu,22,16,31.4,Intel(R) Core(TM) Ultra 7 155H,Intel(R) Core(TM) Ultra 7 155H,cpu,intel_r_core_tm_ultra_7_155h_cpu,,,,,,
GeneralizedAutoencoder,50,30,,16,quantize,,0.0176000030478462,0.0175000022863969,0.0178000045707449,741599,2971522,0.0,float32,,calibrated,160.0,5.0,,,Windows-11-10.0.26200-SP0,3.14.7,2.14.0+cpu,22,16,31.4,Intel(R) Core(TM) Ultra 7 155H,Intel(R) Core(TM) Ultra 7 155H,cpu,intel_r_core_tm_ultra_7_155h_cpu,56818.171978804006,284090.85989402,852272.57968206,0.0176000030478462,0.0175000022863969,0.0178000045707449
GeneralizedAutoencoder,50,30,,16,entropy_encode,,0.2011999895330518,0.1887999969767406,0.2272999990964308,741599,2971522,0.0,float32,,calibrated,160.0,5.0,,,Windows-11-10.0.26200-SP0,3.14.7,2.14.0+cpu,22,16,31.4,Intel(R) Core(TM) Ultra 7 155H,Intel(R) Core(TM) Ultra 7 155H,cpu,intel_r_core_tm_ultra_7_155h_cpu,4970.179185003022,24850.89592501511,74552.68777504534,0.2011999895330518,0.1887999969767406,0.2272999990964308
GeneralizedAutoencoder,50,30,,16,entropy_roundtrip,,0.3601999924285337,0.2881000109482556,0.411300003179349,741599,2971522,0.0,float32,,calibrated,160.0,5.0,,,Windows-11-10.0.26200-SP0,3.14.7,2.14.0+cpu,22,16,31.4,Intel(R) Core(TM) Ultra 7 155H,Intel(R) Core(TM) Ultra 7 155H,cpu,intel_r_core_tm_ultra_7_155h_cpu,2776.23548312097,13881.177415604849,41643.53224681455,0.3601999924285337,0.2881000109482556,0.411300003179349
GeneralizedAutoencoder,50,30,,16,dequantize,,0.0013999961083754,0.0013000098988413,0.0014000106602907,741599,2971522,0.0,float32,,calibrated,160.0,5.0,,,Windows-11-10.0.26200-SP0,3.14.7,2.14.0+cpu,22,16,31.4,Intel(R) Core(TM) Ultra 7 155H,Intel(R) Core(TM) Ultra 7 155H,cpu,intel_r_core_tm_ultra_7_155h_cpu,714287.6998139886,3571438.499069943,10714315.49720983,0.0013999961083754,0.0013000098988413,0.0014000106602907
GeneralizedAutoencoder,60,25,1.0,16,encoder,as_deployed,0.13849999231752,0.1317499991273507,0.1603000055183656,621594,2491458,0.0,float32,,,,,,,Windows-11-10.0.26200-SP0,3.14.7,2.14.0+cpu,22,16,31.4,Intel(R) Core(TM) Ultra 7 155H,Intel(R) Core(TM) Ultra 7 155H,cpu,intel_r_core_tm_ultra_7_155h_cpu,7220.217006997637,36101.08503498819,108303.25510496456,0.13849999231752,0.1317499991273507,0.1603000055183656
GeneralizedAutoencoder,60,25,1.0,16,decoder,as_deployed,0.2786999975796789,0.2574999998614657,0.3012999950442463,621594,2491458,0.0,float32,,,,,,,Windows-11-10.0.26200-SP0,3.14.7,2.14.0+cpu,22,16,31.4,Intel(R) Core(TM) Ultra 7 155H,Intel(R) Core(TM) Ultra 7 155H,cpu,intel_r_core_tm_ultra_7_155h_cpu,3588.087580496319,17940.437902481593,53821.31370744479,0.2786999975796789,0.2574999998614657,0.3012999950442463
GeneralizedAutoencoder,60,25,32.0,16,encoder,as_deployed,0.051393750254646875,0.04908437495032558,0.05543749966818722,621594,2491458,0.0,float32,,,,,,,Windows-11-10.0.26200-SP0,3.14.7,2.14.0+cpu,22,16,31.4,Intel(R) Core(TM) Ultra 7 155H,Intel(R) Core(TM) Ultra 7 155H,cpu,intel_r_core_tm_ultra_7_155h_cpu,19457.61877748127,97288.09388740636,291864.2816622191,1.6446000081487,1.5706999984104186,1.773999989381991
GeneralizedAutoencoder,60,25,32.0,16,decoder,as_deployed,0.04659999990508368,0.044678125050268136,0.05163046853340347,621594,2491458,0.0,float32,,,,,,,Windows-11-10.0.26200-SP0,3.14.7,2.14.0+cpu,22,16,31.4,Intel(R) Core(TM) Ultra 7 155H,Intel(R) Core(TM) Ultra 7 155H,cpu,intel_r_core_tm_ultra_7_155h_cpu,21459.227511519977,107296.13755759988,321888.41267279966,1.4911999969626777,1.4297000016085804,1.6521749930689111
GeneralizedAutoencoder,60,25,1.0,16,encoder,flushed,0.2100499987136572,0.1990000018849969,0.240674999076873,621594,2491458,0.0,float32,,,,,,,Windows-11-10.0.26200-SP0,3.14.7,2.14.0+cpu,22,16,31.4,Intel(R) Core(TM) Ultra 7 155H,Intel(R) Core(TM) Ultra 7 155H,cpu,intel_r_core_tm_ultra_7_155h_cpu,4760.771274096566,23803.85637048283,71411.5691114485,0.2100499987136572,0.1990000018849969,0.240674999076873
GeneralizedAutoencoder,60,25,1.0,16,decoder,flushed,0.2939999976661056,0.2763999946182593,0.3782999992836267,621594,2491458,0.0,float32,,,,,,,Windows-11-10.0.26200-SP0,3.14.7,2.14.0+cpu,22,16,31.4,Intel(R) Core(TM) Ultra 7 155H,Intel(R) Core(TM) Ultra 7 155H,cpu,intel_r_core_tm_ultra_7_155h_cpu,3401.360571219104,17006.802856095517,51020.408568286555,0.2939999976661056,0.2763999946182593,0.3782999992836267
GeneralizedAutoencoder,60,25,32.0,16,encoder,flushed,0.05292812511470401,0.0491906248498708,0.05689062527380884,621594,2491458,0.0,float32,,,,,,,Windows-11-10.0.26200-SP0,3.14.7,2.14.0+cpu,22,16,31.4,Intel(R) Core(TM) Ultra 7 155H,Intel(R) Core(TM) Ultra 7 155H,cpu,intel_r_core_tm_ultra_7_155h_cpu,18893.54663201907,94467.73316009535,283403.1994802861,1.6937000036705283,1.5740999951958656,1.8205000087618828
GeneralizedAutoencoder,60,25,32.0,16,decoder,flushed,0.051665625051100506,0.047092187514863326,0.055501562428617035,621594,2491458,0.0,float32,,,,,,,Windows-11-10.0.26200-SP0,3.14.7,2.14.0+cpu,22,16,31.4,Intel(R) Core(TM) Ultra 7 155H,Intel(R) Core(TM) Ultra 7 155H,cpu,intel_r_core_tm_ultra_7_155h_cpu,19355.228916923737,96776.14458461868,290328.43375385605,1.6533000016352162,1.5069500004756264,1.7760499977157451
GeneralizedAutoencoder,60,25,32.0,16,memory,,,,,621594,2491458,0.0,float32,0.0,,,,,,Windows-11-10.0.26200-SP0,3.14.7,2.14.0+cpu,22,16,31.4,Intel(R) Core(TM) Ultra 7 155H,Intel(R) Core(TM) Ultra 7 155H,cpu,intel_r_core_tm_ultra_7_155h_cpu,,,,,,
GeneralizedAutoencoder,60,25,,16,quantize,,0.0143000070238485,0.0140000047395005,0.0174000015249475,621594,2491458,0.0,float32,,calibrated,135.04,5.0,,,Windows-11-10.0.26200-SP0,3.14.7,2.14.0+cpu,22,16,31.4,Intel(R) Core(TM) Ultra 7 155H,Intel(R) Core(TM) Ultra 7 155H,cpu,intel_r_core_tm_ultra_7_155h_cpu,69930.03558195976,349650.1779097988,1048950.5337293963,0.0143000070238485,0.0140000047395005,0.0174000015249475
GeneralizedAutoencoder,60,25,,16,entropy_encode,,0.1410500044585205,0.1306000012846198,0.1560500058985781,621594,2491458,0.0,float32,,calibrated,135.04,5.0,,,Windows-11-10.0.26200-SP0,3.14.7,2.14.0+cpu,22,16,31.4,Intel(R) Core(TM) Ultra 7 155H,Intel(R) Core(TM) Ultra 7 155H,cpu,intel_r_core_tm_ultra_7_155h_cpu,7089.684284937945,35448.421424689725,106345.26427406918,0.1410500044585205,0.1306000012846198,0.1560500058985781
GeneralizedAutoencoder,60,25,,16,entropy_roundtrip,,0.2326000103494152,0.2241999900434166,0.2745500023593195,621594,2491458,0.0,float32,,calibrated,135.04,5.0,,,Windows-11-10.0.26200-SP0,3.14.7,2.14.0+cpu,22,16,31.4,Intel(R) Core(TM) Ultra 7 155H,Intel(R) Core(TM) Ultra 7 155H,cpu,intel_r_core_tm_ultra_7_155h_cpu,4299.22594800312,21496.129740015596,64488.389220046796,0.2326000103494152,0.2241999900434166,0.2745500023593195
GeneralizedAutoencoder,60,25,,16,dequantize,,0.0013999961083754,0.0013000098988413,0.0014000106602907,621594,2491458,0.0,float32,,calibrated,135.04,5.0,,,Windows-11-10.0.26200-SP0,3.14.7,2.14.0+cpu,22,16,31.4,Intel(R) Core(TM) Ultra 7 155H,Intel(R) Core(TM) Ultra 7 155H,cpu,intel_r_core_tm_ultra_7_155h_cpu,714287.6998139886,3571438.499069943,10714315.49720983,0.0013999961083754,0.0013000098988413,0.0014000106602907
GeneralizedAutoencoder,100,15,1.0,16,encoder,as_deployed,0.1660500056459568,0.1571999891893938,0.1866249949671328,381584,1531474,0.0,float32,,,,,,,Windows-11-10.0.26200-SP0,3.14.7,2.14.0+cpu,22,16,31.4,Intel(R) Core(TM) Ultra 7 155H,Intel(R) Core(TM) Ultra 7 155H,cpu,intel_r_core_tm_ultra_7_155h_cpu,6022.282240279764,30111.411201398816,90334.23360419644,0.1660500056459568,0.1571999891893938,0.1866249949671328
GeneralizedAutoencoder,100,15,1.0,16,decoder,as_deployed,0.2721999917412177,0.2511000056983903,0.3198999911546707,381584,1531474,0.0,float32,,,,,,,Windows-11-10.0.26200-SP0,3.14.7,2.14.0+cpu,22,16,31.4,Intel(R) Core(TM) Ultra 7 155H,Intel(R) Core(TM) Ultra 7 155H,cpu,intel_r_core_tm_ultra_7_155h_cpu,3673.7693987540842,18368.84699377042,55106.540981311264,0.2721999917412177,0.2511000056983903,0.3198999911546707
GeneralizedAutoencoder,100,15,32.0,16,encoder,as_deployed,0.05345312501958688,0.05052187498222338,0.0574343748667161,381584,1531474,0.0,float32,,,,,,,Windows-11-10.0.26200-SP0,3.14.7,2.14.0+cpu,22,16,31.4,Intel(R) Core(TM) Ultra 7 155H,Intel(R) Core(TM) Ultra 7 155H,cpu,intel_r_core_tm_ultra_7_155h_cpu,18707.980115915936,93539.90057957967,280619.70173873904,1.71050000062678,1.6166999994311482,1.8378999957349151
GeneralizedAutoencoder,100,15,32.0,16,decoder,as_deployed,0.0496812499477528,0.04585312490235083,0.05492187483469024,381584,1531474,0.0,float32,,,,,,,Windows-11-10.0.26200-SP0,3.14.7,2.14.0+cpu,22,16,31.4,Intel(R) Core(TM) Ultra 7 155H,Intel(R) Core(TM) Ultra 7 155H,cpu,intel_r_core_tm_ultra_7_155h_cpu,20128.318048592744,100641.59024296372,301924.7707288912,1.5897999983280895,1.4672999968752265,1.7574999947100878
GeneralizedAutoencoder,100,15,1.0,16,encoder,flushed,0.2389000001130625,0.2168999926652759,0.2875499922083691,381584,1531474,0.0,float32,,,,,,,Windows-11-10.0.26200-SP0,3.14.7,2.14.0+cpu,22,16,31.4,Intel(R) Core(TM) Ultra 7 155H,Intel(R) Core(TM) Ultra 7 155H,cpu,intel_r_core_tm_ultra_7_155h_cpu,4185.851818864534,20929.259094322668,62787.777282968,0.2389000001130625,0.2168999926652759,0.2875499922083691
GeneralizedAutoencoder,100,15,1.0,16,decoder,flushed,0.3988000025856308,0.3073750121984631,0.4424249927978962,381584,1531474,0.0,float32,,,,,,,Windows-11-10.0.26200-SP0,3.14.7,2.14.0+cpu,22,16,31.4,Intel(R) Core(TM) Ultra 7 155H,Intel(R) Core(TM) Ultra 7 155H,cpu,intel_r_core_tm_ultra_7_155h_cpu,2507.522551445518,12537.61275722759,37612.83827168276,0.3988000025856308,0.3073750121984631,0.4424249927978962
GeneralizedAutoencoder,100,15,32.0,16,encoder,flushed,0.05465937510962249,0.050897656251436274,0.05835468721215875,381584,1531474,0.0,float32,,,,,,,Windows-11-10.0.26200-SP0,3.14.7,2.14.0+cpu,22,16,31.4,Intel(R) Core(TM) Ultra 7 155H,Intel(R) Core(TM) Ultra 7 155H,cpu,intel_r_core_tm_ultra_7_155h_cpu,18295.12316952843,91475.61584764214,274426.84754292644,1.7491000035079196,1.6287250000459608,1.86734999078908
GeneralizedAutoencoder,100,15,32.0,16,decoder,flushed,0.04919843740935903,0.04640390602617118,0.054232812544796616,381584,1531474,0.0,float32,,,,,,,Windows-11-10.0.26200-SP0,3.14.7,2.14.0+cpu,22,16,31.4,Intel(R) Core(TM) Ultra 7 155H,Intel(R) Core(TM) Ultra 7 155H,cpu,intel_r_core_tm_ultra_7_155h_cpu,20325.84880042897,101629.24400214484,304887.7320064345,1.574349997099489,1.4849249928374777,1.7354500014334917
GeneralizedAutoencoder,100,15,32.0,16,memory,,,,,381584,1531474,0.0,float32,0.0,,,,,,Windows-11-10.0.26200-SP0,3.14.7,2.14.0+cpu,22,16,31.4,Intel(R) Core(TM) Ultra 7 155H,Intel(R) Core(TM) Ultra 7 155H,cpu,intel_r_core_tm_ultra_7_155h_cpu,,,,,,
GeneralizedAutoencoder,100,15,,16,quantize,,0.0126999948406592,0.0125000078696757,0.0130999978864565,381584,1531474,0.0,float32,,calibrated,96.0,5.0,,,Windows-11-10.0.26200-SP0,3.14.7,2.14.0+cpu,22,16,31.4,Intel(R) Core(TM) Ultra 7 155H,Intel(R) Core(TM) Ultra 7 155H,cpu,intel_r_core_tm_ultra_7_155h_cpu,78740.18946830489,393700.9473415244,1181102.8420245734,0.0126999948406592,0.0125000078696757,0.0130999978864565
GeneralizedAutoencoder,100,15,,16,entropy_encode,,0.0972999987425282,0.0729999883333221,0.1201999984914437,381584,1531474,0.0,float32,,calibrated,96.0,5.0,,,Windows-11-10.0.26200-SP0,3.14.7,2.14.0+cpu,22,16,31.4,Intel(R) Core(TM) Ultra 7 155H,Intel(R) Core(TM) Ultra 7 155H,cpu,intel_r_core_tm_ultra_7_155h_cpu,10277.492424703565,51387.46212351782,154162.38637055346,0.0972999987425282,0.0729999883333221,0.1201999984914437
GeneralizedAutoencoder,100,15,,16,entropy_roundtrip,,0.13849999231752,0.131699998746626,0.1473000011174008,381584,1531474,0.0,float32,,calibrated,96.0,5.0,,,Windows-11-10.0.26200-SP0,3.14.7,2.14.0+cpu,22,16,31.4,Intel(R) Core(TM) Ultra 7 155H,Intel(R) Core(TM) Ultra 7 155H,cpu,intel_r_core_tm_ultra_7_155h_cpu,7220.217006997637,36101.08503498819,108303.25510496456,0.13849999231752,0.131699998746626,0.1473000011174008
GeneralizedAutoencoder,100,15,,16,dequantize,,0.0018999999156221,0.0013999961083754,0.0020999868866056,381584,1531474,0.0,float32,,calibrated,96.0,5.0,,,Windows-11-10.0.26200-SP0,3.14.7,2.14.0+cpu,22,16,31.4,Intel(R) Core(TM) Ultra 7 155H,Intel(R) Core(TM) Ultra 7 155H,cpu,intel_r_core_tm_ultra_7_155h_cpu,526315.8128470648,2631579.064235324,7894737.192705971,0.0018999999156221,0.0013999961083754,0.0020999868866056
AE_PureConcat,2,750,1.0,16,encoder,as_deployed,2.0201000006636605,1.808000000892207,2.496800007065758,19127506,76516970,0.0,float32,,,,,,,Windows-11-10.0.26200-SP0,3.14.7,2.14.0+cpu,22,16,31.4,Intel(R) Core(TM) Ultra 7 155H,Intel(R) Core(TM) Ultra 7 155H,cpu,intel_r_core_tm_ultra_7_155h_cpu,495.02499859980765,2475.124992999038,7425.374978997115,2.0201000006636605,1.808000000892207,2.496800007065758
AE_PureConcat,2,750,1.0,16,decoder,as_deployed,0.0269000011030584,0.0252000027103349,0.0310000032186508,19127506,76516970,0.0,float32,,,,,,,Windows-11-10.0.26200-SP0,3.14.7,2.14.0+cpu,22,16,31.4,Intel(R) Core(TM) Ultra 7 155H,Intel(R) Core(TM) Ultra 7 155H,cpu,intel_r_core_tm_ultra_7_155h_cpu,37174.71966520867,185873.59832604334,557620.79497813,0.0269000011030584,0.0252000027103349,0.0310000032186508
AE_PureConcat,2,750,32.0,16,encoder,as_deployed,0.27081406233264715,0.2537249999932101,0.2881875000184664,19127506,76516970,0.0,float32,,,,,,,Windows-11-10.0.26200-SP0,3.14.7,2.14.0+cpu,22,16,31.4,Intel(R) Core(TM) Ultra 7 155H,Intel(R) Core(TM) Ultra 7 155H,cpu,intel_r_core_tm_ultra_7_155h_cpu,3692.5704351780555,18462.852175890275,55388.55652767084,8.666049994644709,8.119199999782722,9.222000000590924
AE_PureConcat,2,750,32.0,16,decoder,as_deployed,0.009931250133377034,0.009453124675928846,0.010596874744805971,19127506,76516970,0.0,float32,,,,,,,Windows-11-10.0.26200-SP0,3.14.7,2.14.0+cpu,22,16,31.4,Intel(R) Core(TM) Ultra 7 155H,Intel(R) Core(TM) Ultra 7 155H,cpu,intel_r_core_tm_ultra_7_155h_cpu,100692.25793026711,503461.2896513355,1510383.8689540068,0.3178000042680651,0.3024999896297231,0.3390999918337911
AE_PureConcat,2,750,1.0,16,encoder,flushed,2.684400009457022,2.4154999991878867,3.2469499928993173,19127506,76516970,0.0,float32,,,,,,,Windows-11-10.0.26200-SP0,3.14.7,2.14.0+cpu,22,16,31.4,Intel(R) Core(TM) Ultra 7 155H,Intel(R) Core(TM) Ultra 7 155H,cpu,intel_r_core_tm_ultra_7_155h_cpu,372.52272257377604,1862.6136128688802,5587.840838606641,2.684400009457022,2.4154999991878867,3.2469499928993173
AE_PureConcat,2,750,1.0,16,decoder,flushed,0.0353999930666759,0.0331000046571716,0.0444999895989894,19127506,76516970,0.0,float32,,,,,,,Windows-11-10.0.26200-SP0,3.14.7,2.14.0+cpu,22,16,31.4,Intel(R) Core(TM) Ultra 7 155H,Intel(R) Core(TM) Ultra 7 155H,cpu,intel_r_core_tm_ultra_7_155h_cpu,28248.593103295236,141242.96551647616,423728.8965494286,0.0353999930666759,0.0331000046571716,0.0444999895989894
AE_PureConcat,2,750,32.0,16,encoder,flushed,0.30232499966587056,0.2898999996432394,0.332190625158546,19127506,76516970,0.0,float32,,,,,,,Windows-11-10.0.26200-SP0,3.14.7,2.14.0+cpu,22,16,31.4,Intel(R) Core(TM) Ultra 7 155H,Intel(R) Core(TM) Ultra 7 155H,cpu,intel_r_core_tm_ultra_7_155h_cpu,3307.6986723069526,16538.49336153476,49615.48008460429,9.674399989307858,9.276799988583662,10.630100005073473
AE_PureConcat,2,750,32.0,16,decoder,flushed,0.009679687309471772,0.009281249731429853,0.010332031251891747,19127506,76516970,0.0,float32,,,,,,,Windows-11-10.0.26200-SP0,3.14.7,2.14.0+cpu,22,16,31.4,Intel(R) Core(TM) Ultra 7 155H,Intel(R) Core(TM) Ultra 7 155H,cpu,intel_r_core_tm_ultra_7_155h_cpu,103309.12229173761,516545.61145868804,1549636.8343760644,0.3097499939030967,0.2969999914057553,0.3306250000605359
AE_PureConcat,2,750,32.0,16,memory,,,,,19127506,76516970,0.0,float32,196608.0,,,,,,Windows-11-10.0.26200-SP0,3.14.7,2.14.0+cpu,22,16,31.4,Intel(R) Core(TM) Ultra 7 155H,Intel(R) Core(TM) Ultra 7 155H,cpu,intel_r_core_tm_ultra_7_155h_cpu,,,,,,
AE_PureConcat,2,750,,16,quantize,,0.0858000130392611,0.0754000066081062,0.1097000058507546,19127506,76516970,0.0,float32,,calibrated,3620.48,5.0,,,Windows-11-10.0.26200-SP0,3.14.7,2.14.0+cpu,22,16,31.4,Intel(R) Core(TM) Ultra 7 155H,Intel(R) Core(TM) Ultra 7 155H,cpu,intel_r_core_tm_ultra_7_155h_cpu,11655.009883767867,58275.049418839335,174825.148256518,0.0858000130392611,0.0754000066081062,0.1097000058507546
AE_PureConcat,2,750,,16,entropy_encode,,3.8427000035881065,3.4411500091664493,4.311075004807208,19127506,76516970,0.0,float32,,calibrated,3620.48,5.0,,,Windows-11-10.0.26200-SP0,3.14.7,2.14.0+cpu,22,16,31.4,Intel(R) Core(TM) Ultra 7 155H,Intel(R) Core(TM) Ultra 7 155H,cpu,intel_r_core_tm_ultra_7_155h_cpu,260.23368961049624,1301.1684480524812,3903.5053441574432,3.8427000035881065,3.4411500091664493,4.311075004807208
AE_PureConcat,2,750,,16,entropy_roundtrip,,7.040700002107769,6.449499996961094,7.620300006237812,19127506,76516970,0.0,float32,,calibrated,3620.48,5.0,,,Windows-11-10.0.26200-SP0,3.14.7,2.14.0+cpu,22,16,31.4,Intel(R) Core(TM) Ultra 7 155H,Intel(R) Core(TM) Ultra 7 155H,cpu,intel_r_core_tm_ultra_7_155h_cpu,142.03133206934407,710.1566603467203,2130.4699810401607,7.040700002107769,6.449499996961094,7.620300006237812
AE_PureConcat,2,750,,16,dequantize,,0.0017999991541728,0.0017999991541728,0.0018999999156221,19127506,76516970,0.0,float32,,calibrated,3620.48,5.0,,,Windows-11-10.0.26200-SP0,3.14.7,2.14.0+cpu,22,16,31.4,Intel(R) Core(TM) Ultra 7 155H,Intel(R) Core(TM) Ultra 7 155H,cpu,intel_r_core_tm_ultra_7_155h_cpu,555555.816613456,2777779.08306728,8333337.24920184,0.0017999991541728,0.0017999991541728,0.0018999999156221
AE_PureConcat,3,500,1.0,16,encoder,as_deployed,1.5266999980667606,1.3937000039732084,1.6983999958029017,12752256,51016234,0.0,float32,,,,,,,Windows-11-10.0.26200-SP0,3.14.7,2.14.0+cpu,22,16,31.4,Intel(R) Core(TM) Ultra 7 155H,Intel(R) Core(TM) Ultra 7 155H,cpu,intel_r_core_tm_ultra_7_155h_cpu,655.0075334160518,3275.037667080259,9825.113001240778,1.5266999980667606,1.3937000039732084,1.6983999958029017
AE_PureConcat,3,500,1.0,16,decoder,as_deployed,0.0301999971270561,0.0281000102404505,0.0370999914593994,12752256,51016234,0.0,float32,,,,,,,Windows-11-10.0.26200-SP0,3.14.7,2.14.0+cpu,22,16,31.4,Intel(R) Core(TM) Ultra 7 155H,Intel(R) Core(TM) Ultra 7 155H,cpu,intel_r_core_tm_ultra_7_155h_cpu,33112.585931476875,165562.92965738437,496688.78897215315,0.0301999971270561,0.0281000102404505,0.0370999914593994
AE_PureConcat,3,500,32.0,16,encoder,as_deployed,0.23339375002251472,0.22246875005293987,0.23993749982764712,12752256,51016234,0.0,float32,,,,,,,Windows-11-10.0.26200-SP0,3.14.7,2.14.0+cpu,22,16,31.4,Intel(R) Core(TM) Ultra 7 155H,Intel(R) Core(TM) Ultra 7 155H,cpu,intel_r_core_tm_ultra_7_155h_cpu,4284.604878680484,21423.02439340242,64269.07318020727,7.468600000720471,7.119000001694076,7.677999994484708
AE_PureConcat,3,500,32.0,16,decoder,as_deployed,0.006831249720562481,0.006475000077443838,0.007372656341431138,12752256,51016234,0.0,float32,,,,,,,Windows-11-10.0.26200-SP0,3.14.7,2.14.0+cpu,22,16,31.4,Intel(R) Core(TM) Ultra 7 155H,Intel(R) Core(TM) Ultra 7 155H,cpu,intel_r_core_tm_ultra_7_155h_cpu,146386.09930917012,731930.4965458505,2195791.489637552,0.2185999910579994,0.2072000024782028,0.2359250029257964
AE_PureConcat,3,500,1.0,16,encoder,flushed,2.08540000312496,1.955300002009608,2.63279999489896,12752256,51016234,0.0,float32,,,,,,,Windows-11-10.0.26200-SP0,3.14.7,2.14.0+cpu,22,16,31.4,Intel(R) Core(TM) Ultra 7 155H,Intel(R) Core(TM) Ultra 7 155H,cpu,intel_r_core_tm_ultra_7_155h_cpu,479.52431116404796,2397.62155582024,7192.864667460719,2.08540000312496,1.955300002009608,2.63279999489896
AE_PureConcat,3,500,1.0,16,decoder,flushed,0.0297999940812587,0.0266999995801597,0.0405000027967616,12752256,51016234,0.0,float32,,,,,,,Windows-11-10.0.26200-SP0,3.14.7,2.14.0+cpu,22,16,31.4,Intel(R) Core(TM) Ultra 7 155H,Intel(R) Core(TM) Ultra 7 155H,cpu,intel_r_core_tm_ultra_7_155h_cpu,33557.053644816086,167785.2682240804,503355.80467224127,0.0297999940812587,0.0266999995801597,0.0405000027967616
AE_PureConcat,3,500,32.0,16,encoder,flushed,0.2456468746458995,0.23131875013859826,0.2590843751022476,12752256,51016234,0.0,float32,,,,,,,Windows-11-10.0.26200-SP0,3.14.7,2.14.0+cpu,22,16,31.4,Intel(R) Core(TM) Ultra 7 155H,Intel(R) Core(TM) Ultra 7 155H,cpu,intel_r_core_tm_ultra_7_155h_cpu,4070.8842782612323,20354.42139130616,61063.26417391849,7.860699988668784,7.402200004435144,8.290700003271922
AE_PureConcat,3,500,32.0,16,decoder,flushed,0.006734374892403137,0.006421875241358066,0.007046093742246738,12752256,51016234,0.0,float32,,,,,,,Windows-11-10.0.26200-SP0,3.14.7,2.14.0+cpu,22,16,31.4,Intel(R) Core(TM) Ultra 7 155H,Intel(R) Core(TM) Ultra 7 155H,cpu,intel_r_core_tm_ultra_7_155h_cpu,148491.8817228415,742459.4086142074,2227378.225842622,0.2154999965569004,0.2055000077234581,0.2254749997518956
AE_PureConcat,3,500,32.0,16,memory,,,,,12752256,51016234,0.0,float32,192512.0,,,,,,Windows-11-10.0.26200-SP0,3.14.7,2.14.0+cpu,22,16,31.4,Intel(R) Core(TM) Ultra 7 155H,Intel(R) Core(TM) Ultra 7 155H,cpu,intel_r_core_tm_ultra_7_155h_cpu,,,,,,
AE_PureConcat,3,500,,16,quantize,,0.0639000063529238,0.0536000006832182,0.0715000060154125,12752256,51016234,0.0,float32,,calibrated,2429.44,5.0,,,Windows-11-10.0.26200-SP0,3.14.7,2.14.0+cpu,22,16,31.4,Intel(R) Core(TM) Ultra 7 155H,Intel(R) Core(TM) Ultra 7 155H,cpu,intel_r_core_tm_ultra_7_155h_cpu,15649.450713305667,78247.25356652834,234741.76069958502,0.0639000063529238,0.0536000006832182,0.0715000060154125
AE_PureConcat,3,500,,16,entropy_encode,,2.6588999971863814,2.394625003944384,3.3629500067036133,12752256,51016234,0.0,float32,,calibrated,2429.44,5.0,,,Windows-11-10.0.26200-SP0,3.14.7,2.14.0+cpu,22,16,31.4,Intel(R) Core(TM) Ultra 7 155H,Intel(R) Core(TM) Ultra 7 155H,cpu,intel_r_core_tm_ultra_7_155h_cpu,376.09537818578696,1880.4768909289346,5641.430672786804,2.6588999971863814,2.394625003944384,3.3629500067036133
AE_PureConcat,3,500,,16,entropy_roundtrip,,4.93155000731349,4.147574993112357,5.013799996959278,12752256,51016234,0.0,float32,,calibrated,2429.44,5.0,,,Windows-11-10.0.26200-SP0,3.14.7,2.14.0+cpu,22,16,31.4,Intel(R) Core(TM) Ultra 7 155H,Intel(R) Core(TM) Ultra 7 155H,cpu,intel_r_core_tm_ultra_7_155h_cpu,202.7760031870304,1013.880015935152,3041.640047805456,4.93155000731349,4.147574993112357,5.013799996959278
AE_PureConcat,3,500,,16,dequantize,,0.0015999976312741,0.0014999968698248,0.0024999899324029,12752256,51016234,0.0,float32,,calibrated,2429.44,5.0,,,Windows-11-10.0.26200-SP0,3.14.7,2.14.0+cpu,22,16,31.4,Intel(R) Core(TM) Ultra 7 155H,Intel(R) Core(TM) Ultra 7 155H,cpu,intel_r_core_tm_ultra_7_155h_cpu,625000.9252849246,3125004.6264246227,9375013.879273867,0.0015999976312741,0.0014999968698248,0.0024999899324029
AE_PureConcat,5,300,1.0,16,encoder,as_deployed,1.422200002707541,1.1568499976419844,1.804750005248934,7652056,30615210,0.0,float32,,,,,,,Windows-11-10.0.26200-SP0,3.14.7,2.14.0+cpu,22,16,31.4,Intel(R) Core(TM) Ultra 7 155H,Intel(R) Core(TM) Ultra 7 155H,cpu,intel_r_core_tm_ultra_7_155h_cpu,703.1359851611802,3515.679925805901,10547.039777417704,1.422200002707541,1.1568499976419844,1.804750005248934
AE_PureConcat,5,300,1.0,16,decoder,as_deployed,0.0282000110018998,0.0263999972958117,0.0351999915437772,7652056,30615210,0.0,float32,,,,,,,Windows-11-10.0.26200-SP0,3.14.7,2.14.0+cpu,22,16,31.4,Intel(R) Core(TM) Ultra 7 155H,Intel(R) Core(TM) Ultra 7 155H,cpu,intel_r_core_tm_ultra_7_155h_cpu,35460.97907311565,177304.89536557827,531914.6860967348,0.0282000110018998,0.0263999972958117,0.0351999915437772
AE_PureConcat,5,300,32.0,16,encoder,as_deployed,0.2074093749797612,0.1982156250051048,0.22475312471215148,7652056,30615210,0.0,float32,,,,,,,Windows-11-10.0.26200-SP0,3.14.7,2.14.0+cpu,22,16,31.4,Intel(R) Core(TM) Ultra 7 155H,Intel(R) Core(TM) Ultra 7 155H,cpu,intel_r_core_tm_ultra_7_155h_cpu,4821.382833334216,24106.91416667108,72320.74250001325,6.637099999352358,6.342900000163354,7.192099990788847
AE_PureConcat,5,300,32.0,16,decoder,as_deployed,0.004600000011123484,0.004412499947648028,0.005082812549517256,7652056,30615210,0.0,float32,,,,,,,Windows-11-10.0.26200-SP0,3.14.7,2.14.0+cpu,22,16,31.4,Intel(R) Core(TM) Ultra 7 155H,Intel(R) Core(TM) Ultra 7 155H,cpu,intel_r_core_tm_ultra_7_155h_cpu,217391.30382214158,1086956.5191107078,3260869.5573321236,0.1472000003559515,0.1411999983247369,0.1626500015845522
AE_PureConcat,5,300,1.0,16,encoder,flushed,2.130399996531196,1.8063000024994835,2.564799986430444,7652056,30615210,0.0,float32,,,,,,,Windows-11-10.0.26200-SP0,3.14.7,2.14.0+cpu,22,16,31.4,Intel(R) Core(TM) Ultra 7 155H,Intel(R) Core(TM) Ultra 7 155H,cpu,intel_r_core_tm_ultra_7_155h_cpu,469.39541946500225,2346.977097325011,7040.931291975034,2.130399996531196,1.8063000024994835,2.564799986430444
AE_PureConcat,5,300,1.0,16,decoder,flushed,0.0357000099029392,0.0270000018645077,0.0410000066040083,7652056,30615210,0.0,float32,,,,,,,Windows-11-10.0.26200-SP0,3.14.7,2.14.0+cpu,22,16,31.4,Intel(R) Core(TM) Ultra 7 155H,Intel(R) Core(TM) Ultra 7 155H,cpu,intel_r_core_tm_ultra_7_155h_cpu,28011.196711675686,140055.98355837842,420167.9506751353,0.0357000099029392,0.0270000018645077,0.0410000066040083
AE_PureConcat,5,300,32.0,16,encoder,flushed,0.21030937477917178,0.20087812481506262,0.27900624979793065,7652056,30615210,0.0,float32,,,,,,,Windows-11-10.0.26200-SP0,3.14.7,2.14.0+cpu,22,16,31.4,Intel(R) Core(TM) Ultra 7 155H,Intel(R) Core(TM) Ultra 7 155H,cpu,intel_r_core_tm_ultra_7_155h_cpu,4754.899780620888,23774.49890310444,71323.49670931332,6.729899992933497,6.428099994082004,8.92819999353378
AE_PureConcat,5,300,32.0,16,decoder,flushed,0.004600000011123484,0.0044187499952386125,0.004956249995302641,7652056,30615210,0.0,float32,,,,,,,Windows-11-10.0.26200-SP0,3.14.7,2.14.0+cpu,22,16,31.4,Intel(R) Core(TM) Ultra 7 155H,Intel(R) Core(TM) Ultra 7 155H,cpu,intel_r_core_tm_ultra_7_155h_cpu,217391.30382214158,1086956.5191107078,3260869.5573321236,0.1472000003559515,0.1413999998476356,0.1585999998496845
AE_PureConcat,5,300,32.0,16,memory,,,,,7652056,30615210,0.0,float32,0.0,,,,,,Windows-11-10.0.26200-SP0,3.14.7,2.14.0+cpu,22,16,31.4,Intel(R) Core(TM) Ultra 7 155H,Intel(R) Core(TM) Ultra 7 155H,cpu,intel_r_core_tm_ultra_7_155h_cpu,,,,,,
AE_PureConcat,5,300,,16,quantize,,0.0479000009363517,0.0454999972134828,0.0500000023748725,7652056,30615210,0.0,float32,,calibrated,1183.36,5.0,,,Windows-11-10.0.26200-SP0,3.14.7,2.14.0+cpu,22,16,31.4,Intel(R) Core(TM) Ultra 7 155H,Intel(R) Core(TM) Ultra 7 155H,cpu,intel_r_core_tm_ultra_7_155h_cpu,20876.826314236914,104384.13157118457,313152.3947135537,0.0479000009363517,0.0454999972134828,0.0500000023748725
AE_PureConcat,5,300,,16,entropy_encode,,2.536200001486577,2.391000001807697,2.754800007096492,7652056,30615210,0.0,float32,,calibrated,1183.36,5.0,,,Windows-11-10.0.26200-SP0,3.14.7,2.14.0+cpu,22,16,31.4,Intel(R) Core(TM) Ultra 7 155H,Intel(R) Core(TM) Ultra 7 155H,cpu,intel_r_core_tm_ultra_7_155h_cpu,394.29067085161125,1971.4533542580562,5914.360062774169,2.536200001486577,2.391000001807697,2.754800007096492
AE_PureConcat,5,300,,16,entropy_roundtrip,,4.803050003829412,4.679050001868745,5.250474998319987,7652056,30615210,0.0,float32,,calibrated,1183.36,5.0,,,Windows-11-10.0.26200-SP0,3.14.7,2.14.0+cpu,22,16,31.4,Intel(R) Core(TM) Ultra 7 155H,Intel(R) Core(TM) Ultra 7 155H,cpu,intel_r_core_tm_ultra_7_155h_cpu,208.20103875718812,1041.0051937859405,3123.0155813578217,4.803050003829412,4.679050001868745,5.250474998319987
AE_PureConcat,5,300,,16,dequantize,,0.0021000014385208,0.0020000006770715,0.0022000021999701,7652056,30615210,0.0,float32,,calibrated,1183.36,5.0,,,Windows-11-10.0.26200-SP0,3.14.7,2.14.0+cpu,22,16,31.4,Intel(R) Core(TM) Ultra 7 155H,Intel(R) Core(TM) Ultra 7 155H,cpu,intel_r_core_tm_ultra_7_155h_cpu,476190.14999550686,2380950.749977534,7142852.249932603,0.0021000014385208,0.0020000006770715,0.0022000021999701
AE_PureConcat,10,150,1.0,16,encoder,as_deployed,1.32455000129994,1.0193999951297883,1.8789499954436903,3826778,15311512,0.0,float32,,,,,,,Windows-11-10.0.26200-SP0,3.14.7,2.14.0+cpu,22,16,31.4,Intel(R) Core(TM) Ultra 7 155H,Intel(R) Core(TM) Ultra 7 155H,cpu,intel_r_core_tm_ultra_7_155h_cpu,754.9733864471556,3774.8669322357778,11324.600796707333,1.32455000129994,1.0193999951297883,1.8789499954436903
AE_PureConcat,10,150,1.0,16,decoder,as_deployed,0.0404999882448464,0.0285999994957819,0.0514999992446973,3826778,15311512,0.0,float32,,,,,,,Windows-11-10.0.26200-SP0,3.14.7,2.14.0+cpu,22,16,31.4,Intel(R) Core(TM) Ultra 7 155H,Intel(R) Core(TM) Ultra 7 155H,cpu,intel_r_core_tm_ultra_7_155h_cpu,24691.36519137754,123456.8259568877,370370.4778706631,0.0404999882448464,0.0285999994957819,0.0514999992446973
AE_PureConcat,10,150,32.0,16,encoder,as_deployed,0.11287812503724125,0.10653906247171108,0.13000468743484817,3826778,15311512,0.0,float32,,,,,,,Windows-11-10.0.26200-SP0,3.14.7,2.14.0+cpu,22,16,31.4,Intel(R) Core(TM) Ultra 7 155H,Intel(R) Core(TM) Ultra 7 155H,cpu,intel_r_core_tm_ultra_7_155h_cpu,8859.112424750816,44295.562123754076,132886.6863712622,3.61210000119172,3.4092499990947545,4.160149997915141
AE_PureConcat,10,150,32.0,16,decoder,as_deployed,0.002928125013568203,0.002781249804684194,0.0032843749977473627,3826778,15311512,0.0,float32,,,,,,,Windows-11-10.0.26200-SP0,3.14.7,2.14.0+cpu,22,16,31.4,Intel(R) Core(TM) Ultra 7 155H,Intel(R) Core(TM) Ultra 7 155H,cpu,intel_r_core_tm_ultra_7_155h_cpu,341515.47333745955,1707577.3666872976,5122732.1000618925,0.0937000004341825,0.0889999937498942,0.1050999999279156
AE_PureConcat,10,150,1.0,16,encoder,flushed,0.7069500061334111,0.6274750048760325,0.9649499988881872,3826778,15311512,0.0,float32,,,,,,,Windows-11-10.0.26200-SP0,3.14.7,2.14.0+cpu,22,16,31.4,Intel(R) Core(TM) Ultra 7 155H,Intel(R) Core(TM) Ultra 7 155H,cpu,intel_r_core_tm_ultra_7_155h_cpu,1414.5271820130465,7072.635910065233,21217.9077301957,0.7069500061334111,0.6274750048760325,0.9649499988881872
AE_PureConcat,10,150,1.0,16,decoder,flushed,0.0232000020332634,0.0208500059670768,0.0246999989030882,3826778,15311512,0.0,float32,,,,,,,Windows-11-10.0.26200-SP0,3.14.7,2.14.0+cpu,22,16,31.4,Intel(R) Core(TM) Ultra 7 155H,Intel(R) Core(TM) Ultra 7 155H,cpu,intel_r_core_tm_ultra_7_155h_cpu,43103.44449824758,215517.22249123792,646551.6674737138,0.0232000020332634,0.0208500059670768,0.0246999989030882
AE_PureConcat,10,150,32.0,16,encoder,flushed,0.07443749973390368,0.06220625004971225,0.08037343764044637,3826778,15311512,0.0,float32,,,,,,,Windows-11-10.0.26200-SP0,3.14.7,2.14.0+cpu,22,16,31.4,Intel(R) Core(TM) Ultra 7 155H,Intel(R) Core(TM) Ultra 7 155H,cpu,intel_r_core_tm_ultra_7_155h_cpu,13434.089048863298,67170.44524431648,201511.33573294946,2.3819999914849177,1.990600001590792,2.571950004494284
AE_PureConcat,10,150,32.0,16,decoder,flushed,0.0026687498575483906,0.0025187500796164373,0.0029156249183870373,3826778,15311512,0.0,float32,,,,,,,Windows-11-10.0.26200-SP0,3.14.7,2.14.0+cpu,22,16,31.4,Intel(R) Core(TM) Ultra 7 155H,Intel(R) Core(TM) Ultra 7 155H,cpu,intel_r_core_tm_ultra_7_155h_cpu,374707.2799541565,1873536.3997707823,5620609.199312347,0.0853999954415485,0.080600002547726,0.0932999973883852
AE_PureConcat,10,150,32.0,16,memory,,,,,3826778,15311512,0.0,float32,0.0,,,,,,Windows-11-10.0.26200-SP0,3.14.7,2.14.0+cpu,22,16,31.4,Intel(R) Core(TM) Ultra 7 155H,Intel(R) Core(TM) Ultra 7 155H,cpu,intel_r_core_tm_ultra_7_155h_cpu,,,,,,
AE_PureConcat,10,150,,16,quantize,,0.0352000060956925,0.0349000038113445,0.0362999999197199,3826778,15311512,0.0,float32,,calibrated,741.76,5.0,,,Windows-11-10.0.26200-SP0,3.14.7,2.14.0+cpu,22,16,31.4,Intel(R) Core(TM) Ultra 7 155H,Intel(R) Core(TM) Ultra 7 155H,cpu,intel_r_core_tm_ultra_7_155h_cpu,28409.08598940192,142045.4299470096,426136.2898410288,0.0352000060956925,0.0349000038113445,0.0362999999197199
AE_PureConcat,10,150,,16,entropy_encode,,0.9491999953752384,0.8602000016253442,0.9894499962683768,3826778,15311512,0.0,float32,,calibrated,741.76,5.0,,,Windows-11-10.0.26200-SP0,3.14.7,2.14.0+cpu,22,16,31.4,Intel(R) Core(TM) Ultra 7 155H,Intel(R) Core(TM) Ultra 7 155H,cpu,intel_r_core_tm_ultra_7_155h_cpu,1053.518757766828,5267.59378883414,15802.78136650242,0.9491999953752384,0.8602000016253442,0.9894499962683768
AE_PureConcat,10,150,,16,entropy_roundtrip,,1.6169000009540468,1.53495000267867,1.7521500049042515,3826778,15311512,0.0,float32,,calibrated,741.76,5.0,,,Windows-11-10.0.26200-SP0,3.14.7,2.14.0+cpu,22,16,31.4,Intel(R) Core(TM) Ultra 7 155H,Intel(R) Core(TM) Ultra 7 155H,cpu,intel_r_core_tm_ultra_7_155h_cpu,618.4674373244809,3092.3371866224043,9277.011559867213,1.6169000009540468,1.53495000267867,1.7521500049042515
AE_PureConcat,10,150,,16,dequantize,,0.0014999968698248,0.0014999968698248,0.00150001142174,3826778,15311512,0.0,float32,,calibrated,741.76,5.0,,,Windows-11-10.0.26200-SP0,3.14.7,2.14.0+cpu,22,16,31.4,Intel(R) Core(TM) Ultra 7 155H,Intel(R) Core(TM) Ultra 7 155H,cpu,intel_r_core_tm_ultra_7_155h_cpu,666668.0578585475,3333340.2892927374,10000020.867878214,0.0014999968698248,0.0014999968698248,0.00150001142174
AE_PureConcat,15,100,1.0,16,encoder,as_deployed,0.6777500020689331,0.467249996290775,0.8240000024670735,2551728,10211416,0.0,float32,,,,,,,Windows-11-10.0.26200-SP0,3.14.7,2.14.0+cpu,22,16,31.4,Intel(R) Core(TM) Ultra 7 155H,Intel(R) Core(TM) Ultra 7 155H,cpu,intel_r_core_tm_ultra_7_155h_cpu,1475.4703016559952,7377.351508279976,22132.054524839925,0.6777500020689331,0.467249996290775,0.8240000024670735
AE_PureConcat,15,100,1.0,16,decoder,as_deployed,0.0230000005103647,0.019400002202019,0.0307000009343028,2551728,10211416,0.0,float32,,,,,,,Windows-11-10.0.26200-SP0,3.14.7,2.14.0+cpu,22,16,31.4,Intel(R) Core(TM) Ultra 7 155H,Intel(R) Core(TM) Ultra 7 155H,cpu,intel_r_core_tm_ultra_7_155h_cpu,43478.25990479265,217391.29952396324,652173.8985718897,0.0230000005103647,0.019400002202019,0.0307000009343028
AE_PureConcat,15,100,32.0,16,encoder,as_deployed,0.08701562501300941,0.08237499969254714,0.09647499973652884,2551728,10211416,0.0,float32,,,,,,,Windows-11-10.0.26200-SP0,3.14.7,2.14.0+cpu,22,16,31.4,Intel(R) Core(TM) Ultra 7 155H,Intel(R) Core(TM) Ultra 7 155H,cpu,intel_r_core_tm_ultra_7_155h_cpu,11492.188901136933,57460.94450568466,172382.83351705398,2.784500000416301,2.6359999901615083,3.087199991568923
AE_PureConcat,15,100,32.0,16,decoder,as_deployed,0.0024999999368446875,0.0022593749235966217,0.0028499998734332595,2551728,10211416,0.0,float32,,,,,,,Windows-11-10.0.26200-SP0,3.14.7,2.14.0+cpu,22,16,31.4,Intel(R) Core(TM) Ultra 7 155H,Intel(R) Core(TM) Ultra 7 155H,cpu,intel_r_core_tm_ultra_7_155h_cpu,400000.0101048503,2000000.0505242513,6000000.151572754,0.07999999797903,0.0722999975550919,0.0911999959498643
AE_PureConcat,15,100,1.0,16,encoder,flushed,0.7943999953567982,0.6364500077324919,0.9913749963743612,2551728,10211416,0.0,float32,,,,,,,Windows-11-10.0.26200-SP0,3.14.7,2.14.0+cpu,22,16,31.4,Intel(R) Core(TM) Ultra 7 155H,Intel(R) Core(TM) Ultra 7 155H,cpu,intel_r_core_tm_ultra_7_155h_cpu,1258.8116891300563,6294.058445650281,18882.175336950844,0.7943999953567982,0.6364500077324919,0.9913749963743612
AE_PureConcat,15,100,1.0,16,decoder,flushed,0.0284999987343326,0.022499996703118,0.0318999955197796,2551728,10211416,0.0,float32,,,,,,,Windows-11-10.0.26200-SP0,3.14.7,2.14.0+cpu,22,16,31.4,Intel(R) Core(TM) Ultra 7 155H,Intel(R) Core(TM) Ultra 7 155H,cpu,intel_r_core_tm_ultra_7_155h_cpu,35087.72085646963,175438.60428234813,526315.8128470444,0.0284999987343326,0.022499996703118,0.0318999955197796
AE_PureConcat,15,100,32.0,16,encoder,flushed,0.08625156237940244,0.081209375139224,0.11136015621104889,2551728,10211416,0.0,float32,,,,,,,Windows-11-10.0.26200-SP0,3.14.7,2.14.0+cpu,22,16,31.4,Intel(R) Core(TM) Ultra 7 155H,Intel(R) Core(TM) Ultra 7 155H,cpu,intel_r_core_tm_ultra_7_155h_cpu,11593.992878658948,57969.96439329474,173909.89317988424,2.760049996140878,2.598700004455168,3.5635249987535644
AE_PureConcat,15,100,32.0,16,decoder,flushed,0.0024062496777332845,0.0020968747094229907,0.0025562499104125874,2551728,10211416,0.0,float32,,,,,,,Windows-11-10.0.26200-SP0,3.14.7,2.14.0+cpu,22,16,31.4,Intel(R) Core(TM) Ultra 7 155H,Intel(R) Core(TM) Ultra 7 155H,cpu,intel_r_core_tm_ultra_7_155h_cpu,415584.4712432385,2077922.3562161922,6233767.068648577,0.0769999896874651,0.0670999907015357,0.0817999971332028
AE_PureConcat,15,100,32.0,16,memory,,,,,2551728,10211416,0.0,float32,28672.0,,,,,,Windows-11-10.0.26200-SP0,3.14.7,2.14.0+cpu,22,16,31.4,Intel(R) Core(TM) Ultra 7 155H,Intel(R) Core(TM) Ultra 7 155H,cpu,intel_r_core_tm_ultra_7_155h_cpu,,,,,,
AE_PureConcat,15,100,,16,quantize,,0.0230000005103647,0.022799998987466,0.0238000066019594,2551728,10211416,0.0,float32,,calibrated,500.48,5.0,,,Windows-11-10.0.26200-SP0,3.14.7,2.14.0+cpu,22,16,31.4,Intel(R) Core(TM) Ultra 7 155H,Intel(R) Core(TM) Ultra 7 155H,cpu,intel_r_core_tm_ultra_7_155h_cpu,43478.25990479265,217391.29952396324,652173.8985718897,0.0230000005103647,0.022799998987466,0.0238000066019594
AE_PureConcat,15,100,,16,entropy_encode,,0.632800001767464,0.5873499976587482,0.7911499997135252,2551728,10211416,0.0,float32,,calibrated,500.48,5.0,,,Windows-11-10.0.26200-SP0,3.14.7,2.14.0+cpu,22,16,31.4,Intel(R) Core(TM) Ultra 7 155H,Intel(R) Core(TM) Ultra 7 155H,cpu,intel_r_core_tm_ultra_7_155h_cpu,1580.2781245368446,7901.390622684223,23704.171868052672,0.632800001767464,0.5873499976587482,0.7911499997135252
AE_PureConcat,15,100,,16,entropy_roundtrip,,0.9149999968940392,0.9031000081449748,0.9800000116229056,2551728,10211416,0.0,float32,,calibrated,500.48,5.0,,,Windows-11-10.0.26200-SP0,3.14.7,2.14.0+cpu,22,16,31.4,Intel(R) Core(TM) Ultra 7 155H,Intel(R) Core(TM) Ultra 7 155H,cpu,intel_r_core_tm_ultra_7_155h_cpu,1092.896178573216,5464.48089286608,16393.44267859824,0.9149999968940392,0.9031000081449748,0.9800000116229056
AE_PureConcat,15,100,,16,dequantize,,0.0012999953469261,0.0011999945854768,0.0017999991541728,2551728,10211416,0.0,float32,,calibrated,500.48,5.0,,,Windows-11-10.0.26200-SP0,3.14.7,2.14.0+cpu,22,16,31.4,Intel(R) Core(TM) Ultra 7 155H,Intel(R) Core(TM) Ultra 7 155H,cpu,intel_r_core_tm_ultra_7_155h_cpu,769233.5225387898,3846167.6126939487,11538502.838081846,0.0012999953469261,0.0011999945854768,0.0017999991541728
AE_PureConcat,20,75,1.0,16,encoder,as_deployed,0.4111000016564503,0.3552499983925372,0.4772249958477914,1914203,7661272,0.0,float32,,,,,,,Windows-11-10.0.26200-SP0,3.14.7,2.14.0+cpu,22,16,31.4,Intel(R) Core(TM) Ultra 7 155H,Intel(R) Core(TM) Ultra 7 155H,cpu,intel_r_core_tm_ultra_7_155h_cpu,2432.4981658250736,12162.490829125367,36487.4724873761,0.4111000016564503,0.3552499983925372,0.4772249958477914
AE_PureConcat,20,75,1.0,16,decoder,as_deployed,0.0201000075321644,0.0179000053321942,0.0280999956885352,1914203,7661272,0.0,float32,,,,,,,Windows-11-10.0.26200-SP0,3.14.7,2.14.0+cpu,22,16,31.4,Intel(R) Core(TM) Ultra 7 155H,Intel(R) Core(TM) Ultra 7 155H,cpu,intel_r_core_tm_ultra_7_155h_cpu,49751.225137591704,248756.1256879585,746268.3770638756,0.0201000075321644,0.0179000053321942,0.0280999956885352
AE_PureConcat,20,75,32.0,16,encoder,as_deployed,0.07785937532389653,0.07080625027811038,0.0833718750072876,1914203,7661272,0.0,float32,,,,,,,Windows-11-10.0.26200-SP0,3.14.7,2.14.0+cpu,22,16,31.4,Intel(R) Core(TM) Ultra 7 155H,Intel(R) Core(TM) Ultra 7 155H,cpu,intel_r_core_tm_ultra_7_155h_cpu,12843.668419377633,64218.34209688816,192655.02629066448,2.491500010364689,2.2658000088995323,2.667900000233203
AE_PureConcat,20,75,32.0,16,decoder,as_deployed,0.00196562496057595,0.0018562500372354407,0.0022437498046201623,1914203,7661272,0.0,float32,,,,,,,Windows-11-10.0.26200-SP0,3.14.7,2.14.0+cpu,22,16,31.4,Intel(R) Core(TM) Ultra 7 155H,Intel(R) Core(TM) Ultra 7 155H,cpu,intel_r_core_tm_ultra_7_155h_cpu,508744.04835955525,2543720.241797776,7631160.725393329,0.0628999987384304,0.0594000011915341,0.0717999937478452
AE_PureConcat,20,75,1.0,16,encoder,flushed,0.5189500006963499,0.4632500058505684,0.5629499937640503,1914203,7661272,0.0,float32,,,,,,,Windows-11-10.0.26200-SP0,3.14.7,2.14.0+cpu,22,16,31.4,Intel(R) Core(TM) Ultra 7 155H,Intel(R) Core(TM) Ultra 7 155H,cpu,intel_r_core_tm_ultra_7_155h_cpu,1926.9679133985087,9634.839566992543,28904.51870097763,0.5189500006963499,0.4632500058505684,0.5629499937640503
AE_PureConcat,20,75,1.0,16,decoder,flushed,0.0224000104935839,0.0206999975489452,0.0291999895125627,1914203,7661272,0.0,float32,,,,,,,Windows-11-10.0.26200-SP0,3.14.7,2.14.0+cpu,22,16,31.4,Intel(R) Core(TM) Ultra 7 155H,Intel(R) Core(TM) Ultra 7 155H,cpu,intel_r_core_tm_ultra_7_155h_cpu,44642.83622931484,223214.18114657418,669642.5434397226,0.0224000104935839,0.0206999975489452,0.0291999895125627
AE_PureConcat,20,75,32.0,16,encoder,flushed,0.0797015622993058,0.07265000010647782,0.08501015656747768,1914203,7661272,0.0,float32,,,,,,,Windows-11-10.0.26200-SP0,3.14.7,2.14.0+cpu,22,16,31.4,Intel(R) Core(TM) Ultra 7 155H,Intel(R) Core(TM) Ultra 7 155H,cpu,intel_r_core_tm_ultra_7_155h_cpu,12546.805497295878,62734.02748647939,188202.08245943818,2.550449993577786,2.32480000340729,2.7203250101592857
AE_PureConcat,20,75,32.0,16,decoder,flushed,0.00194687527255155,0.0017718748495099126,0.002256249899801331,1914203,7661272,0.0,float32,,,,,,,Windows-11-10.0.26200-SP0,3.14.7,2.14.0+cpu,22,16,31.4,Intel(R) Core(TM) Ultra 7 155H,Intel(R) Core(TM) Ultra 7 155H,cpu,intel_r_core_tm_ultra_7_155h_cpu,513643.5878038621,2568217.9390193103,7704653.817057932,0.0623000087216496,0.0566999951843172,0.0721999967936426
AE_PureConcat,20,75,32.0,16,memory,,,,,1914203,7661272,0.0,float32,192512.0,,,,,,Windows-11-10.0.26200-SP0,3.14.7,2.14.0+cpu,22,16,31.4,Intel(R) Core(TM) Ultra 7 155H,Intel(R) Core(TM) Ultra 7 155H,cpu,intel_r_core_tm_ultra_7_155h_cpu,,,,,,
AE_PureConcat,20,75,,16,quantize,,0.0254000042332336,0.0252000027103349,0.0256000057561323,1914203,7661272,0.0,float32,,calibrated,350.08,5.0,,,Windows-11-10.0.26200-SP0,3.14.7,2.14.0+cpu,22,16,31.4,Intel(R) Core(TM) Ultra 7 155H,Intel(R) Core(TM) Ultra 7 155H,cpu,intel_r_core_tm_ultra_7_155h_cpu,39370.072178633374,196850.36089316686,590551.0826795006,0.0254000042332336,0.0252000027103349,0.0256000057561323
AE_PureConcat,20,75,,16,entropy_encode,,0.4358000005595386,0.4273999948054552,0.5605999976978637,1914203,7661272,0.0,float32,,calibrated,350.08,5.0,,,Windows-11-10.0.26200-SP0,3.14.7,2.14.0+cpu,22,16,31.4,Intel(R) Core(TM) Ultra 7 155H,Intel(R) Core(TM) Ultra 7 155H,cpu,intel_r_core_tm_ultra_7_155h_cpu,2294.630561532964,11473.15280766482,34419.45842299446,0.4358000005595386,0.4273999948054552,0.5605999976978637
AE_PureConcat,20,75,,16,entropy_roundtrip,,0.8320999913848937,0.771050006733276,0.9308000007877126,1914203,7661272,0.0,float32,,calibrated,350.08,5.0,,,Windows-11-10.0.26200-SP0,3.14.7,2.14.0+cpu,22,16,31.4,Intel(R) Core(TM) Ultra 7 155H,Intel(R) Core(TM) Ultra 7 155H,cpu,intel_r_core_tm_ultra_7_155h_cpu,1201.7786448184722,6008.8932240923605,18026.679672277085,0.8320999913848937,0.771050006733276,0.9308000007877126
AE_PureConcat,20,75,,16,dequantize,,0.0014000106602907,0.0013999961083754,0.0020999868866056,1914203,7661272,0.0,float32,,calibrated,350.08,5.0,,,Windows-11-10.0.26200-SP0,3.14.7,2.14.0+cpu,22,16,31.4,Intel(R) Core(TM) Ultra 7 155H,Intel(R) Core(TM) Ultra 7 155H,cpu,intel_r_core_tm_ultra_7_155h_cpu,714280.275403302,3571401.37701651,10714204.13104953,0.0014000106602907,0.0013999961083754,0.0020999868866056
AE_PureConcat,30,50,1.0,16,encoder,as_deployed,0.2638000005390495,0.2426999999443069,0.346100001479499,676614,2710744,0.0,float32,,,,,,,Windows-11-10.0.26200-SP0,3.14.7,2.14.0+cpu,22,16,31.4,Intel(R) Core(TM) Ultra 7 155H,Intel(R) Core(TM) Ultra 7 155H,cpu,intel_r_core_tm_ultra_7_155h_cpu,3790.750560866557,18953.752804332784,56861.25841299836,0.2638000005390495,0.2426999999443069,0.346100001479499
AE_PureConcat,30,50,1.0,16,decoder,as_deployed,0.0172000000020489,0.0163000077009201,0.0197000044863671,676614,2710744,0.0,float32,,,,,,,Windows-11-10.0.26200-SP0,3.14.7,2.14.0+cpu,22,16,31.4,Intel(R) Core(TM) Ultra 7 155H,Intel(R) Core(TM) Ultra 7 155H,cpu,intel_r_core_tm_ultra_7_155h_cpu,58139.53487679523,290697.67438397615,872093.0231519284,0.0172000000020489,0.0163000077009201,0.0197000044863671
AE_PureConcat,30,50,32.0,16,encoder,as_deployed,0.04733124978884007,0.04376874994704849,0.05110468737257179,676614,2710744,0.0,float32,,,,,,,Windows-11-10.0.26200-SP0,3.14.7,2.14.0+cpu,22,16,31.4,Intel(R) Core(TM) Ultra 7 155H,Intel(R) Core(TM) Ultra 7 155H,cpu,intel_r_core_tm_ultra_7_155h_cpu,21127.690573591903,105638.45286795951,316915.3586038785,1.5145999932428822,1.4005999983055517,1.6353499959222972
AE_PureConcat,30,50,32.0,16,decoder,as_deployed,0.0017906249922816624,0.0016249996406259,0.001978125055757116,676614,2710744,0.0,float32,,,,,,,Windows-11-10.0.26200-SP0,3.14.7,2.14.0+cpu,22,16,31.4,Intel(R) Core(TM) Ultra 7 155H,Intel(R) Core(TM) Ultra 7 155H,cpu,intel_r_core_tm_ultra_7_155h_cpu,558464.2257929022,2792321.1289645107,8376963.386893532,0.0572999997530132,0.0519999885000288,0.0633000017842277
AE_PureConcat,30,50,1.0,16,encoder,flushed,0.3124999930150807,0.2759000053629279,0.338099998771213,676614,2710744,0.0,float32,,,,,,,Windows-11-10.0.26200-SP0,3.14.7,2.14.0+cpu,22,16,31.4,Intel(R) Core(TM) Ultra 7 155H,Intel(R) Core(TM) Ultra 7 155H,cpu,intel_r_core_tm_ultra_7_155h_cpu,3200.0000715255755,16000.000357627878,48000.00107288363,0.3124999930150807,0.2759000053629279,0.338099998771213
AE_PureConcat,30,50,1.0,16,decoder,flushed,0.0232000020332634,0.0162999931490048,0.0287000002572312,676614,2710744,0.0,float32,,,,,,,Windows-11-10.0.26200-SP0,3.14.7,2.14.0+cpu,22,16,31.4,Intel(R) Core(TM) Ultra 7 155H,Intel(R) Core(TM) Ultra 7 155H,cpu,intel_r_core_tm_ultra_7_155h_cpu,43103.44449824758,215517.22249123792,646551.6674737138,0.0232000020332634,0.0162999931490048,0.0287000002572312
AE_PureConcat,30,50,32.0,16,encoder,flushed,0.0455437498203537,0.0433218749549269,0.048487500180272036,676614,2710744,0.0,float32,,,,,,,Windows-11-10.0.26200-SP0,3.14.7,2.14.0+cpu,22,16,31.4,Intel(R) Core(TM) Ultra 7 155H,Intel(R) Core(TM) Ultra 7 155H,cpu,intel_r_core_tm_ultra_7_155h_cpu,21956.909651587266,109784.54825793633,329353.644773809,1.4573999942513185,1.3862999985576607,1.5516000057687052
AE_PureConcat,30,50,32.0,16,decoder,flushed,0.0017718753042572624,0.00162500009537325,0.001990625150938284,676614,2710744,0.0,float32,,,,,,,Windows-11-10.0.26200-SP0,3.14.7,2.14.0+cpu,22,16,31.4,Intel(R) Core(TM) Ultra 7 155H,Intel(R) Core(TM) Ultra 7 155H,cpu,intel_r_core_tm_ultra_7_155h_cpu,564373.8007958645,2821869.0039793225,8465607.011937967,0.0567000097362324,0.052000003051944,0.0637000048300251
AE_PureConcat,30,50,32.0,16,memory,,,,,676614,2710744,0.0,float32,12288.0,,,,,,Windows-11-10.0.26200-SP0,3.14.7,2.14.0+cpu,22,16,31.4,Intel(R) Core(TM) Ultra 7 155H,Intel(R) Core(TM) Ultra 7 155H,cpu,intel_r_core_tm_ultra_7_155h_cpu,,,,,,
AE_PureConcat,30,50,,16,quantize,,0.0173000007634982,0.0161999923875555,0.019099999917671,676614,2710744,0.0,float32,,calibrated,257.28,5.0,,,Windows-11-10.0.26200-SP0,3.14.7,2.14.0+cpu,22,16,31.4,Intel(R) Core(TM) Ultra 7 155H,Intel(R) Core(TM) Ultra 7 155H,cpu,intel_r_core_tm_ultra_7_155h_cpu,57803.465657061155,289017.32828530576,867051.9848559173,0.0173000007634982,0.0161999923875555,0.019099999917671
AE_PureConcat,30,50,,16,entropy_encode,,0.2634999982547015,0.2505000011296943,0.3876749979099259,676614,2710744,0.0,float32,,calibrated,257.28,5.0,,,Windows-11-10.0.26200-SP0,3.14.7,2.14.0+cpu,22,16,31.4,Intel(R) Core(TM) Ultra 7 155H,Intel(R) Core(TM) Ultra 7 155H,cpu,intel_r_core_tm_ultra_7_155h_cpu,3795.066438798952,18975.332193994756,56925.99658198428,0.2634999982547015,0.2505000011296943,0.3876749979099259
AE_PureConcat,30,50,,16,entropy_roundtrip,,0.4764000041177496,0.455750006949529,0.562549990718253,676614,2710744,0.0,float32,,calibrated,257.28,5.0,,,Windows-11-10.0.26200-SP0,3.14.7,2.14.0+cpu,22,16,31.4,Intel(R) Core(TM) Ultra 7 155H,Intel(R) Core(TM) Ultra 7 155H,cpu,intel_r_core_tm_ultra_7_155h_cpu,2099.0763882378865,10495.381941189431,31486.145823568295,0.4764000041177496,0.455750006949529,0.562549990718253
AE_PureConcat,30,50,,16,dequantize,,0.0013999961083754,0.0013000098988413,0.0020000006770715,676614,2710744,0.0,float32,,calibrated,257.28,5.0,,,Windows-11-10.0.26200-SP0,3.14.7,2.14.0+cpu,22,16,31.4,Intel(R) Core(TM) Ultra 7 155H,Intel(R) Core(TM) Ultra 7 155H,cpu,intel_r_core_tm_ultra_7_155h_cpu,714287.6998139886,3571438.499069943,10714315.49720983,0.0013999961083754,0.0013000098988413,0.0020000006770715
AE_PureConcat,50,30,1.0,16,encoder,as_deployed,0.3029999934369698,0.2931999952124897,0.3206250003131572,766658,3071128,0.0,float32,,,,,,,Windows-11-10.0.26200-SP0,3.14.7,2.14.0+cpu,22,16,31.4,Intel(R) Core(TM) Ultra 7 155H,Intel(R) Core(TM) Ultra 7 155H,cpu,intel_r_core_tm_ultra_7_155h_cpu,3300.330104488997,16501.650522444987,49504.95156733495,0.3029999934369698,0.2931999952124897,0.3206250003131572
AE_PureConcat,50,30,1.0,16,decoder,as_deployed,0.0143999932333827,0.0137000024551525,0.0148000108310952,766658,3071128,0.0,float32,,,,,,,Windows-11-10.0.26200-SP0,3.14.7,2.14.0+cpu,22,16,31.4,Intel(R) Core(TM) Ultra 7 155H,Intel(R) Core(TM) Ultra 7 155H,cpu,intel_r_core_tm_ultra_7_155h_cpu,69444.47707668056,347222.38538340275,1041667.1561502083,0.0143999932333827,0.0137000024551525,0.0148000108310952
AE_PureConcat,50,30,32.0,16,encoder,as_deployed,0.08198749992516241,0.07623203123330312,0.08649453127418383,766658,3071128,0.0,float32,,,,,,,Windows-11-10.0.26200-SP0,3.14.7,2.14.0+cpu,22,16,31.4,Intel(R) Core(TM) Ultra 7 155H,Intel(R) Core(TM) Ultra 7 155H,cpu,intel_r_core_tm_ultra_7_155h_cpu,12196.981258274647,60984.906291373234,182954.71887411972,2.623599997605197,2.4394249994657,2.7678250007738825
AE_PureConcat,50,30,32.0,16,decoder,as_deployed,0.0016062499526015,0.0014656247913080718,0.0017124998521467188,766658,3071128,0.0,float32,,,,,,,Windows-11-10.0.26200-SP0,3.14.7,2.14.0+cpu,22,16,31.4,Intel(R) Core(TM) Ultra 7 155H,Intel(R) Core(TM) Ultra 7 155H,cpu,intel_r_core_tm_ultra_7_155h_cpu,622568.111756448,3112840.55878224,9338521.676346721,0.051399998483248,0.0468999933218583,0.054799995268695
AE_PureConcat,50,30,1.0,16,encoder,flushed,0.4543499962892383,0.3982250054832548,0.7831749971956015,766658,3071128,0.0,float32,,,,,,,Windows-11-10.0.26200-SP0,3.14.7,2.14.0+cpu,22,16,31.4,Intel(R) Core(TM) Ultra 7 155H,Intel(R) Core(TM) Ultra 7 155H,cpu,intel_r_core_tm_ultra_7_155h_cpu,2200.9464249305333,11004.732124652666,33014.196373957995,0.4543499962892383,0.3982250054832548,0.7831749971956015
AE_PureConcat,50,30,1.0,16,decoder,flushed,0.0197000044863671,0.0129999971250072,0.0200999929802492,766658,3071128,0.0,float32,,,,,,,Windows-11-10.0.26200-SP0,3.14.7,2.14.0+cpu,22,16,31.4,Intel(R) Core(TM) Ultra 7 155H,Intel(R) Core(TM) Ultra 7 155H,cpu,intel_r_core_tm_ultra_7_155h_cpu,50761.409759679256,253807.04879839628,761421.1463951889,0.0197000044863671,0.0129999971250072,0.0200999929802492
AE_PureConcat,50,30,32.0,16,encoder,flushed,0.08654374960315181,0.08108749989332864,0.09329062504548347,766658,3071128,0.0,float32,,,,,,,Windows-11-10.0.26200-SP0,3.14.7,2.14.0+cpu,22,16,31.4,Intel(R) Core(TM) Ultra 7 155H,Intel(R) Core(TM) Ultra 7 155H,cpu,intel_r_core_tm_ultra_7_155h_cpu,11554.849478853424,57774.24739426712,173322.7421828014,2.769399987300858,2.5947999965865165,2.985300001455471
AE_PureConcat,50,30,32.0,16,decoder,flushed,0.0017812499208957875,0.0016328124274878062,0.0020187503650959094,766658,3071128,0.0,float32,,,,,,,Windows-11-10.0.26200-SP0,3.14.7,2.14.0+cpu,22,16,31.4,Intel(R) Core(TM) Ultra 7 155H,Intel(R) Core(TM) Ultra 7 155H,cpu,intel_r_core_tm_ultra_7_155h_cpu,561403.533703514,2807017.66851757,8421053.005552711,0.0569999974686652,0.0522499976796098,0.0646000116830691
AE_PureConcat,50,30,32.0,16,memory,,,,,766658,3071128,0.0,float32,0.0,,,,,,Windows-11-10.0.26200-SP0,3.14.7,2.14.0+cpu,22,16,31.4,Intel(R) Core(TM) Ultra 7 155H,Intel(R) Core(TM) Ultra 7 155H,cpu,intel_r_core_tm_ultra_7_155h_cpu,,,,,,
AE_PureConcat,50,30,,16,quantize,,0.0143000070238485,0.0141000055009499,0.0188000121852383,766658,3071128,0.0,float32,,calibrated,160.0,5.0,,,Windows-11-10.0.26200-SP0,3.14.7,2.14.0+cpu,22,16,31.4,Intel(R) Core(TM) Ultra 7 155H,Intel(R) Core(TM) Ultra 7 155H,cpu,intel_r_core_tm_ultra_7_155h_cpu,69930.03558195976,349650.1779097988,1048950.5337293963,0.0143000070238485,0.0141000055009499,0.0188000121852383
AE_PureConcat,50,30,,16,entropy_encode,,0.2221999893663451,0.1812500013329554,0.2510999911464751,766658,3071128,0.0,float32,,calibrated,160.0,5.0,,,Windows-11-10.0.26200-SP0,3.14.7,2.14.0+cpu,22,16,31.4,Intel(R) Core(TM) Ultra 7 155H,Intel(R) Core(TM) Ultra 7 155H,cpu,intel_r_core_tm_ultra_7_155h_cpu,4500.450260379095,22502.251301895474,67506.75390568643,0.2221999893663451,0.1812500013329554,0.2510999911464751
AE_PureConcat,50,30,,16,entropy_roundtrip,,0.3721499961102381,0.3096750006079674,0.4070249997312203,766658,3071128,0.0,float32,,calibrated,160.0,5.0,,,Windows-11-10.0.26200-SP0,3.14.7,2.14.0+cpu,22,16,31.4,Intel(R) Core(TM) Ultra 7 155H,Intel(R) Core(TM) Ultra 7 155H,cpu,intel_r_core_tm_ultra_7_155h_cpu,2687.0885676531902,13435.44283826595,40306.32851479785,0.3721499961102381,0.3096750006079674,0.4070249997312203
AE_PureConcat,50,30,,16,dequantize,,0.00150001142174,0.0014999968698248,0.0018999999156221,766658,3071128,0.0,float32,,calibrated,160.0,5.0,,,Windows-11-10.0.26200-SP0,3.14.7,2.14.0+cpu,22,16,31.4,Intel(R) Core(TM) Ultra 7 155H,Intel(R) Core(TM) Ultra 7 155H,cpu,intel_r_core_tm_ultra_7_155h_cpu,666661.5903764311,3333307.9518821556,9999923.855646467,0.00150001142174,0.0014999968698248,0.0018999999156221
AE_PureConcat,60,25,1.0,16,encoder,as_deployed,0.4334499972173944,0.3573249996406957,0.5481000007421244,639153,2561048,0.0,float32,,,,,,,Windows-11-10.0.26200-SP0,3.14.7,2.14.0+cpu,22,16,31.4,Intel(R) Core(TM) Ultra 7 155H,Intel(R) Core(TM) Ultra 7 155H,cpu,intel_r_core_tm_ultra_7_155h_cpu,2307.071187956325,11535.355939781624,34606.06781934488,0.4334499972173944,0.3573249996406957,0.5481000007421244
AE_PureConcat,60,25,1.0,16,decoder,as_deployed,0.0193000014405697,0.0155000016093254,0.0243000104092061,639153,2561048,0.0,float32,,,,,,,Windows-11-10.0.26200-SP0,3.14.7,2.14.0+cpu,22,16,31.4,Intel(R) Core(TM) Ultra 7 155H,Intel(R) Core(TM) Ultra 7 155H,cpu,intel_r_core_tm_ultra_7_155h_cpu,51813.46763518593,259067.33817592965,777202.014527789,0.0193000014405697,0.0155000016093254,0.0243000104092061
AE_PureConcat,60,25,32.0,16,encoder,as_deployed,0.08461249990432407,0.0791187499089574,0.0898562498150568,639153,2561048,0.0,float32,,,,,,,Windows-11-10.0.26200-SP0,3.14.7,2.14.0+cpu,22,16,31.4,Intel(R) Core(TM) Ultra 7 155H,Intel(R) Core(TM) Ultra 7 155H,cpu,intel_r_core_tm_ultra_7_155h_cpu,11818.584737843157,59092.923689215786,177278.77106764735,2.70759999693837,2.5317999970866367,2.8753999940818176
AE_PureConcat,60,25,32.0,16,decoder,as_deployed,0.0019312501535750906,0.0016656249499646938,0.0020906250028929186,639153,2561048,0.0,float32,,,,,,,Windows-11-10.0.26200-SP0,3.14.7,2.14.0+cpu,22,16,31.4,Intel(R) Core(TM) Ultra 7 155H,Intel(R) Core(TM) Ultra 7 155H,cpu,intel_r_core_tm_ultra_7_155h_cpu,517799.31157484726,2588996.5578742363,7766989.673622709,0.0618000049144029,0.0532999983988702,0.0669000000925734
AE_PureConcat,60,25,1.0,16,encoder,flushed,0.5512500065378845,0.4877250030403957,0.8545750024495646,639153,2561048,0.0,float32,,,,,,,Windows-11-10.0.26200-SP0,3.14.7,2.14.0+cpu,22,16,31.4,Intel(R) Core(TM) Ultra 7 155H,Intel(R) Core(TM) Ultra 7 155H,cpu,intel_r_core_tm_ultra_7_155h_cpu,1814.0589354011652,9070.294677005826,27210.884031017475,0.5512500065378845,0.4877250030403957,0.8545750024495646
AE_PureConcat,60,25,1.0,16,decoder,flushed,0.0170000130310654,0.0164999946719035,0.0183000083779916,639153,2561048,0.0,float32,,,,,,,Windows-11-10.0.26200-SP0,3.14.7,2.14.0+cpu,22,16,31.4,Intel(R) Core(TM) Ultra 7 155H,Intel(R) Core(TM) Ultra 7 155H,cpu,intel_r_core_tm_ultra_7_155h_cpu,58823.48432160757,294117.42160803784,882352.2648241136,0.0170000130310654,0.0164999946719035,0.0183000083779916
AE_PureConcat,60,25,32.0,16,encoder,flushed,0.08605781272308377,0.08061484390964326,0.09527265649467154,639153,2561048,0.0,float32,,,,,,,Windows-11-10.0.26200-SP0,3.14.7,2.14.0+cpu,22,16,31.4,Intel(R) Core(TM) Ultra 7 155H,Intel(R) Core(TM) Ultra 7 155H,cpu,intel_r_core_tm_ultra_7_155h_cpu,11620.095472537665,58100.477362688325,174301.432088065,2.7538500071386807,2.579675005108584,3.048725007829489
AE_PureConcat,60,25,32.0,16,decoder,flushed,0.0018000000636675376,0.0015625000742147657,0.002062499902422131,639153,2561048,0.0,float32,,,,,,,Windows-11-10.0.26200-SP0,3.14.7,2.14.0+cpu,22,16,31.4,Intel(R) Core(TM) Ultra 7 155H,Intel(R) Core(TM) Ultra 7 155H,cpu,intel_r_core_tm_ultra_7_155h_cpu,555555.5359050817,2777777.679525408,8333333.038576226,0.0576000020373612,0.0500000023748725,0.0659999968775082
AE_PureConcat,60,25,32.0,16,memory,,,,,639153,2561048,0.0,float32,69632.0,,,,,,Windows-11-10.0.26200-SP0,3.14.7,2.14.0+cpu,22,16,31.4,Intel(R) Core(TM) Ultra 7 155H,Intel(R) Core(TM) Ultra 7 155H,cpu,intel_r_core_tm_ultra_7_155h_cpu,,,,,,
AE_PureConcat,60,25,,16,quantize,,0.025899993488565,0.0169000122696161,0.0283999979728832,639153,2561048,0.0,float32,,calibrated,131.84,5.0,,,Windows-11-10.0.26200-SP0,3.14.7,2.14.0+cpu,22,16,31.4,Intel(R) Core(TM) Ultra 7 155H,Intel(R) Core(TM) Ultra 7 155H,cpu,intel_r_core_tm_ultra_7_155h_cpu,38610.048316865636,193050.24158432818,579150.7247529845,0.025899993488565,0.0169000122696161,0.0283999979728832
AE_PureConcat,60,25,,16,entropy_encode,,0.1542999962111935,0.1301000011153519,0.2026000001933425,639153,2561048,0.0,float32,,calibrated,131.84,5.0,,,Windows-11-10.0.26200-SP0,3.14.7,2.14.0+cpu,22,16,31.4,Intel(R) Core(TM) Ultra 7 155H,Intel(R) Core(TM) Ultra 7 155H,cpu,intel_r_core_tm_ultra_7_155h_cpu,6480.881559007169,32404.407795035844,97213.22338510753,0.1542999962111935,0.1301000011153519,0.2026000001933425
AE_PureConcat,60,25,,16,entropy_roundtrip,,0.3264999977545813,0.3036500093003269,0.3367999925103504,639153,2561048,0.0,float32,,calibrated,131.84,5.0,,,Windows-11-10.0.26200-SP0,3.14.7,2.14.0+cpu,22,16,31.4,Intel(R) Core(TM) Ultra 7 155H,Intel(R) Core(TM) Ultra 7 155H,cpu,intel_r_core_tm_ultra_7_155h_cpu,3062.7871573575485,15313.935786787742,45941.80736036323,0.3264999977545813,0.3036500093003269,0.3367999925103504
AE_PureConcat,60,25,,16,dequantize,,0.0020000006770715,0.0018999999156221,0.0020000006770715,639153,2561048,0.0,float32,,calibrated,131.84,5.0,,,Windows-11-10.0.26200-SP0,3.14.7,2.14.0+cpu,22,16,31.4,Intel(R) Core(TM) Ultra 7 155H,Intel(R) Core(TM) Ultra 7 155H,cpu,intel_r_core_tm_ultra_7_155h_cpu,499999.8307321823,2499999.1536609116,7499997.460982734,0.0020000006770715,0.0018999999156221,0.0020000006770715
AE_PureConcat,100,15,1.0,16,encoder,as_deployed,0.7475999955204315,0.4753749999508727,0.7945999968796968,384143,1541030,0.0,float32,,,,,,,Windows-11-10.0.26200-SP0,3.14.7,2.14.0+cpu,22,16,31.4,Intel(R) Core(TM) Ultra 7 155H,Intel(R) Core(TM) Ultra 7 155H,cpu,intel_r_core_tm_ultra_7_155h_cpu,1337.6137051791495,6688.068525895747,20064.205577687244,0.7475999955204315,0.4753749999508727,0.7945999968796968
AE_PureConcat,100,15,1.0,16,decoder,as_deployed,0.0164999946719035,0.0158000038936734,0.0181000068550929,384143,1541030,0.0,float32,,,,,,,Windows-11-10.0.26200-SP0,3.14.7,2.14.0+cpu,22,16,31.4,Intel(R) Core(TM) Ultra 7 155H,Intel(R) Core(TM) Ultra 7 155H,cpu,intel_r_core_tm_ultra_7_155h_cpu,60606.08017666932,303030.40088334656,909091.2026500398,0.0164999946719035,0.0158000038936734,0.0181000068550929
AE_PureConcat,100,15,32.0,16,encoder,as_deployed,0.07660781261620288,0.07112812511422817,0.08425078124219,384143,1541030,0.0,float32,,,,,,,Windows-11-10.0.26200-SP0,3.14.7,2.14.0+cpu,22,16,31.4,Intel(R) Core(TM) Ultra 7 155H,Intel(R) Core(TM) Ultra 7 155H,cpu,intel_r_core_tm_ultra_7_155h_cpu,13053.498929801002,65267.494649005006,195802.48394701505,2.451450003718492,2.2761000036553014,2.69602499975008
AE_PureConcat,100,15,32.0,16,decoder,as_deployed,0.001615625023987375,0.0014968750292609907,0.0018937498680315905,384143,1541030,0.0,float32,,,,,,,Windows-11-10.0.26200-SP0,3.14.7,2.14.0+cpu,22,16,31.4,Intel(R) Core(TM) Ultra 7 155H,Intel(R) Core(TM) Ultra 7 155H,cpu,intel_r_core_tm_ultra_7_155h_cpu,618955.5033828286,3094777.5169141428,9284332.550742427,0.051700000767596,0.0479000009363517,0.0605999957770109
AE_PureConcat,100,15,1.0,16,encoder,flushed,0.4346999921835959,0.3633000014815479,0.5411000020103529,384143,1541030,0.0,float32,,,,,,,Windows-11-10.0.26200-SP0,3.14.7,2.14.0+cpu,22,16,31.4,Intel(R) Core(TM) Ultra 7 155H,Intel(R) Core(TM) Ultra 7 155H,cpu,intel_r_core_tm_ultra_7_155h_cpu,2300.437124410274,11502.18562205137,34506.55686615411,0.4346999921835959,0.3633000014815479,0.5411000020103529
AE_PureConcat,100,15,1.0,16,decoder,flushed,0.0156000023707747,0.0153000000864267,0.0166999961948022,384143,1541030,0.0,float32,,,,,,,Windows-11-10.0.26200-SP0,3.14.7,2.14.0+cpu,22,16,31.4,Intel(R) Core(TM) Ultra 7 155H,Intel(R) Core(TM) Ultra 7 155H,cpu,intel_r_core_tm_ultra_7_155h_cpu,64102.55436072345,320512.77180361724,961538.3154108517,0.0156000023707747,0.0153000000864267,0.0166999961948022
AE_PureConcat,100,15,32.0,16,encoder,flushed,0.0734359375655913,0.06829140613717753,0.07952031251079461,384143,1541030,0.0,float32,,,,,,,Windows-11-10.0.26200-SP0,3.14.7,2.14.0+cpu,22,16,31.4,Intel(R) Core(TM) Ultra 7 155H,Intel(R) Core(TM) Ultra 7 155H,cpu,intel_r_core_tm_ultra_7_155h_cpu,13617.31099445449,68086.55497227245,204259.66491681736,2.3499500020989217,2.185324996389681,2.5446500003454275
AE_PureConcat,100,15,32.0,16,decoder,flushed,0.0015468749552383062,0.001424999936716628,0.0018781252038024812,384143,1541030,0.0,float32,,,,,,,Windows-11-10.0.26200-SP0,3.14.7,2.14.0+cpu,22,16,31.4,Intel(R) Core(TM) Ultra 7 155H,Intel(R) Core(TM) Ultra 7 155H,cpu,intel_r_core_tm_ultra_7_155h_cpu,646464.6651712991,3232323.3258564956,9696969.977569487,0.0494999985676258,0.0455999979749321,0.0601000065216794
AE_PureConcat,100,15,32.0,16,memory,,,,,384143,1541030,0.0,float32,0.0,,,,,,Windows-11-10.0.26200-SP0,3.14.7,2.14.0+cpu,22,16,31.4,Intel(R) Core(TM) Ultra 7 155H,Intel(R) Core(TM) Ultra 7 155H,cpu,intel_r_core_tm_ultra_7_155h_cpu,,,,,,
AE_PureConcat,100,15,,16,quantize,,0.0116000010166317,0.0115000002551823,0.011700001778081,384143,1541030,0.0,float32,,calibrated,96.0,5.0,,,Windows-11-10.0.26200-SP0,3.14.7,2.14.0+cpu,22,16,31.4,Intel(R) Core(TM) Ultra 7 155H,Intel(R) Core(TM) Ultra 7 155H,cpu,intel_r_core_tm_ultra_7_155h_cpu,86206.88899649517,431034.44498247583,1293103.3349474275,0.0116000010166317,0.0115000002551823,0.011700001778081
AE_PureConcat,100,15,,16,entropy_encode,,0.0709000014467164,0.0660000077914446,0.0965749968599993,384143,1541030,0.0,float32,,calibrated,96.0,5.0,,,Windows-11-10.0.26200-SP0,3.14.7,2.14.0+cpu,22,16,31.4,Intel(R) Core(TM) Ultra 7 155H,Intel(R) Core(TM) Ultra 7 155H,cpu,intel_r_core_tm_ultra_7_155h_cpu,14104.372067630093,70521.86033815047,211565.5810144514,0.0709000014467164,0.0660000077914446,0.0965749968599993
AE_PureConcat,100,15,,16,entropy_roundtrip,,0.1248000044142827,0.1216000091517344,0.1291000080527737,384143,1541030,0.0,float32,,calibrated,96.0,5.0,,,Windows-11-10.0.26200-SP0,3.14.7,2.14.0+cpu,22,16,31.4,Intel(R) Core(TM) Ultra 7 155H,Intel(R) Core(TM) Ultra 7 155H,cpu,intel_r_core_tm_ultra_7_155h_cpu,8012.82022940021,40064.10114700105,120192.30344100315,0.1248000044142827,0.1216000091517344,0.1291000080527737
AE_PureConcat,100,15,,16,dequantize,,0.0013000098988413,0.0012999953469261,0.0013999961083754,384143,1541030,0.0,float32,,calibrated,96.0,5.0,,,Windows-11-10.0.26200-SP0,3.14.7,2.14.0+cpu,22,16,31.4,Intel(R) Core(TM) Ultra 7 155H,Intel(R) Core(TM) Ultra 7 155H,cpu,intel_r_core_tm_ultra_7_155h_cpu,769224.911972825,3846124.5598641247,11538373.679592373,0.0013000098988413,0.0012999953469261,0.0013999961083754
LARA,2,750,1.0,1,flops,,,,,4733755,18978590,0.0140482613355012,float32,,,,,52174720.0,203143680.0,Windows-11-10.0.26200-SP0,3.14.7,2.14.0+cpu,22,16,31.4,Intel(R) Core(TM) Ultra 7 155H,Intel(R) Core(TM) Ultra 7 155H,cpu,intel_r_core_tm_ultra_7_155h_cpu,,,,,,
LARA,3,500,1.0,1,flops,,,,,3229505,12961630,0.0020040694121014,float32,,,,,50670720.0,201639680.0,Windows-11-10.0.26200-SP0,3.14.7,2.14.0+cpu,22,16,31.4,Intel(R) Core(TM) Ultra 7 155H,Intel(R) Core(TM) Ultra 7 155H,cpu,intel_r_core_tm_ultra_7_155h_cpu,,,,,,
LARA,5,300,1.0,1,flops,,,,,2026105,8147998,0.0137020007149813,float32,,,,,49467520.0,200436480.0,Windows-11-10.0.26200-SP0,3.14.7,2.14.0+cpu,22,16,31.4,Intel(R) Core(TM) Ultra 7 155H,Intel(R) Core(TM) Ultra 7 155H,cpu,intel_r_core_tm_ultra_7_155h_cpu,,,,,,
LARA,10,150,1.0,1,flops,,,,,2049011,8240007,0.0026348187099432,float32,,,,,50237568.0,212222720.0,Windows-11-10.0.26200-SP0,3.14.7,2.14.0+cpu,22,16,31.4,Intel(R) Core(TM) Ultra 7 155H,Intel(R) Core(TM) Ultra 7 155H,cpu,intel_r_core_tm_ultra_7_155h_cpu,,,,,,
LARA,15,100,1.0,1,flops,,,,,1447361,5833415,0.0042943536563068,float32,,,,,49635968.0,211621120.0,Windows-11-10.0.26200-SP0,3.14.7,2.14.0+cpu,22,16,31.4,Intel(R) Core(TM) Ultra 7 155H,Intel(R) Core(TM) Ultra 7 155H,cpu,intel_r_core_tm_ultra_7_155h_cpu,,,,,,
LARA,20,75,1.0,1,flops,,,,,1146536,4630087,0.0071404938529585,float32,,,,,49335168.0,211320320.0,Windows-11-10.0.26200-SP0,3.14.7,2.14.0+cpu,22,16,31.4,Intel(R) Core(TM) Ultra 7 155H,Intel(R) Core(TM) Ultra 7 155H,cpu,intel_r_core_tm_ultra_7_155h_cpu,,,,,,
LARA,30,50,1.0,1,flops,,,,,845711,3426823,0.0175393272344416,float32,,,,,49034368.0,211019520.0,Windows-11-10.0.26200-SP0,3.14.7,2.14.0+cpu,22,16,31.4,Intel(R) Core(TM) Ultra 7 155H,Intel(R) Core(TM) Ultra 7 155H,cpu,intel_r_core_tm_ultra_7_155h_cpu,,,,,,
LARA,50,30,1.0,1,flops,,,,,771547,3143989,0.2310316398453295,float32,,,,,110249856.0,185018880.0,Windows-11-10.0.26200-SP0,3.14.7,2.14.0+cpu,22,16,31.4,Intel(R) Core(TM) Ultra 7 155H,Intel(R) Core(TM) Ultra 7 155H,cpu,intel_r_core_tm_ultra_7_155h_cpu,,,,,,
LARA,60,25,1.0,1,flops,,,,,741462,3023669,0.4301298554864413,float32,,,,,110219776.0,184988800.0,Windows-11-10.0.26200-SP0,3.14.7,2.14.0+cpu,22,16,31.4,Intel(R) Core(TM) Ultra 7 155H,Intel(R) Core(TM) Ultra 7 155H,cpu,intel_r_core_tm_ultra_7_155h_cpu,,,,,,
LARA,100,15,1.0,1,flops,,,,,681292,2783156,0.5292386815651595,float32,,,,,110159616.0,184928640.0,Windows-11-10.0.26200-SP0,3.14.7,2.14.0+cpu,22,16,31.4,Intel(R) Core(TM) Ultra 7 155H,Intel(R) Core(TM) Ultra 7 155H,cpu,intel_r_core_tm_ultra_7_155h_cpu,,,,,,
GeneralizedAutoencoder,2,750,1.0,1,flops,,,,,18022319,72094386,0.0,float32,,,,,21672000.0,21672000.0,Windows-11-10.0.26200-SP0,3.14.7,2.14.0+cpu,22,16,31.4,Intel(R) Core(TM) Ultra 7 155H,Intel(R) Core(TM) Ultra 7 155H,cpu,intel_r_core_tm_ultra_7_155h_cpu,,,,,,
GeneralizedAutoencoder,3,500,1.0,1,flops,,,,,12022069,48093362,0.0,float32,,,,,15672000.0,15672000.0,Windows-11-10.0.26200-SP0,3.14.7,2.14.0+cpu,22,16,31.4,Intel(R) Core(TM) Ultra 7 155H,Intel(R) Core(TM) Ultra 7 155H,cpu,intel_r_core_tm_ultra_7_155h_cpu,,,,,,
GeneralizedAutoencoder,5,300,1.0,1,flops,,,,,7221869,28892594,0.0,float32,,,,,10872000.0,10872000.0,Windows-11-10.0.26200-SP0,3.14.7,2.14.0+cpu,22,16,31.4,Intel(R) Core(TM) Ultra 7 155H,Intel(R) Core(TM) Ultra 7 155H,cpu,intel_r_core_tm_ultra_7_155h_cpu,,,,,,
GeneralizedAutoencoder,10,150,1.0,1,flops,,,,,3621719,14491970,0.0,float32,,,,,7272000.0,7272000.0,Windows-11-10.0.26200-SP0,3.14.7,2.14.0+cpu,22,16,31.4,Intel(R) Core(TM) Ultra 7 155H,Intel(R) Core(TM) Ultra 7 155H,cpu,intel_r_core_tm_ultra_7_155h_cpu,,,,,,
GeneralizedAutoencoder,15,100,1.0,1,flops,,,,,2421669,9691778,0.0,float32,,,,,6072000.0,6072000.0,Windows-11-10.0.26200-SP0,3.14.7,2.14.0+cpu,22,16,31.4,Intel(R) Core(TM) Ultra 7 155H,Intel(R) Core(TM) Ultra 7 155H,cpu,intel_r_core_tm_ultra_7_155h_cpu,,,,,,
GeneralizedAutoencoder,20,75,1.0,1,flops,,,,,1821644,7291714,0.0,float32,,,,,5472000.0,5472000.0,Windows-11-10.0.26200-SP0,3.14.7,2.14.0+cpu,22,16,31.4,Intel(R) Core(TM) Ultra 7 155H,Intel(R) Core(TM) Ultra 7 155H,cpu,intel_r_core_tm_ultra_7_155h_cpu,,,,,,
GeneralizedAutoencoder,30,50,1.0,1,flops,,,,,1221619,4891586,0.0,float32,,,,,4872000.0,4872000.0,Windows-11-10.0.26200-SP0,3.14.7,2.14.0+cpu,22,16,31.4,Intel(R) Core(TM) Ultra 7 155H,Intel(R) Core(TM) Ultra 7 155H,cpu,intel_r_core_tm_ultra_7_155h_cpu,,,,,,
GeneralizedAutoencoder,50,30,1.0,1,flops,,,,,741599,2971522,0.0,float32,,,,,4392000.0,4392000.0,Windows-11-10.0.26200-SP0,3.14.7,2.14.0+cpu,22,16,31.4,Intel(R) Core(TM) Ultra 7 155H,Intel(R) Core(TM) Ultra 7 155H,cpu,intel_r_core_tm_ultra_7_155h_cpu,,,,,,
GeneralizedAutoencoder,60,25,1.0,1,flops,,,,,621594,2491458,0.0,float32,,,,,4272000.0,4272000.0,Windows-11-10.0.26200-SP0,3.14.7,2.14.0+cpu,22,16,31.4,Intel(R) Core(TM) Ultra 7 155H,Intel(R) Core(TM) Ultra 7 155H,cpu,intel_r_core_tm_ultra_7_155h_cpu,,,,,,
GeneralizedAutoencoder,100,15,1.0,1,flops,,,,,381584,1531474,0.0,float32,,,,,4032000.0,4032000.0,Windows-11-10.0.26200-SP0,3.14.7,2.14.0+cpu,22,16,31.4,Intel(R) Core(TM) Ultra 7 155H,Intel(R) Core(TM) Ultra 7 155H,cpu,intel_r_core_tm_ultra_7_155h_cpu,,,,,,
AE_PureConcat,2,750,1.0,1,flops,,,,,19127506,76516970,0.0,float32,,,,,36576000.0,2250000.0,Windows-11-10.0.26200-SP0,3.14.7,2.14.0+cpu,22,16,31.4,Intel(R) Core(TM) Ultra 7 155H,Intel(R) Core(TM) Ultra 7 155H,cpu,intel_r_core_tm_ultra_7_155h_cpu,,,,,,
AE_PureConcat,3,500,1.0,1,flops,,,,,12752256,51016234,0.0,float32,,,,,24576000.0,1500000.0,Windows-11-10.0.26200-SP0,3.14.7,2.14.0+cpu,22,16,31.4,Intel(R) Core(TM) Ultra 7 155H,Intel(R) Core(TM) Ultra 7 155H,cpu,intel_r_core_tm_ultra_7_155h_cpu,,,,,,
AE_PureConcat,5,300,1.0,1,flops,,,,,7652056,30615210,0.0,float32,,,,,14976000.0,900000.0,Windows-11-10.0.26200-SP0,3.14.7,2.14.0+cpu,22,16,31.4,Intel(R) Core(TM) Ultra 7 155H,Intel(R) Core(TM) Ultra 7 155H,cpu,intel_r_core_tm_ultra_7_155h_cpu,,,,,,
AE_PureConcat,10,150,1.0,1,flops,,,,,3826778,15311512,0.0,float32,,,,,7488000.0,450000.0,Windows-11-10.0.26200-SP0,3.14.7,2.14.0+cpu,22,16,31.4,Intel(R) Core(TM) Ultra 7 155H,Intel(R) Core(TM) Ultra 7 155H,cpu,intel_r_core_tm_ultra_7_155h_cpu,,,,,,
AE_PureConcat,15,100,1.0,1,flops,,,,,2551728,10211416,0.0,float32,,,,,5088000.0,300000.0,Windows-11-10.0.26200-SP0,3.14.7,2.14.0+cpu,22,16,31.4,Intel(R) Core(TM) Ultra 7 155H,Intel(R) Core(TM) Ultra 7 155H,cpu,intel_r_core_tm_ultra_7_155h_cpu,,,,,,
AE_PureConcat,20,75,1.0,1,flops,,,,,1914203,7661272,0.0,float32,,,,,3888000.0,225000.0,Windows-11-10.0.26200-SP0,3.14.7,2.14.0+cpu,22,16,31.4,Intel(R) Core(TM) Ultra 7 155H,Intel(R) Core(TM) Ultra 7 155H,cpu,intel_r_core_tm_ultra_7_155h_cpu,,,,,,
AE_PureConcat,30,50,1.0,1,flops,,,,,676614,2710744,0.0,float32,,,,,1344000.0,150000.0,Windows-11-10.0.26200-SP0,3.14.7,2.14.0+cpu,22,16,31.4,Intel(R) Core(TM) Ultra 7 155H,Intel(R) Core(TM) Ultra 7 155H,cpu,intel_r_core_tm_ultra_7_155h_cpu,,,,,,
AE_PureConcat,50,30,1.0,1,flops,,,,,766658,3071128,0.0,float32,,,,,1728000.0,90000.0,Windows-11-10.0.26200-SP0,3.14.7,2.14.0+cpu,22,16,31.4,Intel(R) Core(TM) Ultra 7 155H,Intel(R) Core(TM) Ultra 7 155H,cpu,intel_r_core_tm_ultra_7_155h_cpu,,,,,,
AE_PureConcat,60,25,1.0,1,flops,,,,,639153,2561048,0.0,float32,,,,,1488000.0,75000.0,Windows-11-10.0.26200-SP0,3.14.7,2.14.0+cpu,22,16,31.4,Intel(R) Core(TM) Ultra 7 155H,Intel(R) Core(TM) Ultra 7 155H,cpu,intel_r_core_tm_ultra_7_155h_cpu,,,,,,
AE_PureConcat,100,15,1.0,1,flops,,,,,384143,1541030,0.0,float32,,,,,1008000.0,45000.0,Windows-11-10.0.26200-SP0,3.14.7,2.14.0+cpu,22,16,31.4,Intel(R) Core(TM) Ultra 7 155H,Intel(R) Core(TM) Ultra 7 155H,cpu,intel_r_core_tm_ultra_7_155h_cpu,,,,,,
